,PC1,PC2,PC3,PC4,PC5,PC6,PC7,PC8,PC9,PC10,PC11,PC12,PC13,PC14,PC15,PC16,PC17,PC18,PC19
AK,0.27680193092854166,0.18989598919412196,0.06797194639569284,0.032370411947307116,0.11687775640982893,0.9479705671116908,0.046943980727376,0.02925474962514126,0.0013594877677032687,-0.002920544600820764,-0.002074345500889124,0.027391680541295167,0.002180558199134092,-0.03153960537887806,0.0037689516981451866,-0.0003734766124715181,-0.0008165159017232348,-0.0005641684721758853,-0.0012539221245159106
AL,-0.23616722206889912,0.9468062994069977,-0.01493383337886378,0.017847008238658993,-0.005267468511917574,-0.15267918817473689,-0.059962903548237266,-0.047006255503132484,-0.12931623487803326,-0.13510149742745892,-0.041175105829166184,-0.049279488386037754,-0.036126354909469666,-0.07277980008809991,0.0014592721279792303,-0.0642086169742946,0.008443502365826212,-0.044373067840503606,-0.023393549520697863
AR,-0.08050305693401545,0.9604681107036688,-0.07895953351822116,0.16201935832874811,-0.14106114793587035,0.010659524960844944,0.10793977649355435,-0.06947031910743597,0.027247025749385548,0.011173494822075363,-0.048511571170201,-0.04608137490766072,-0.033434842892987114,-0.13176678277704862,-0.03998179750338514,0.06705664897865596,0.0020519109982682533,-0.0785011735763245,0.03044186609134386
AZ,0.3863393313404193,0.8704930748382217,0.19933194807808158,-0.048588559024186455,-0.0015199804925038448,-0.05096781762933548,0.08215125051545441,0.06980222289869627,0.08204556136393043,-0.029275966996439487,0.08945076385248898,-0.0557336648953595,0.06290234253835172,0.16949295184051183,-0.0598108170145919,-0.0949081754757118,-0.07108660034057065,-0.036128294744337444,0.03136690147088552
CA,0.9452136715727982,0.10363355979006576,0.18015274716657068,-0.10109677668776303,0.09164244676065328,-0.09192400377899808,0.06505357699772948,0.030616788659163223,-0.05590431236712925,-0.10249838896402023,0.08375825645065553,-0.07320395682660334,0.14380718251416574,0.1058908786892928,-0.02631387496154222,0.0007118990150996155,-0.023057217692302772,-0.04315226469136257,-0.06537200609452716
CO,0.7756157688229841,0.34688757795281594,0.2265212945303262,-0.07411263472547905,0.1400582494460897,0.12158636165051923,0.14902479305101748,0.42754215532745765,0.006077247578919864,-0.08380076890382511,0.038940197982252754,0.006664299016027961,0.02954846366186633,0.07000343484798573,0.04199608028417107,-0.028931390207610402,-0.0063395536937921205,-0.007931006895487777,0.026514528673037035
CT,0.9498837052207831,-0.021724178618184285,0.22148403266426708,-0.009989002313413,-0.008177296461545242,0.17976718624446222,-0.028033950608305165,-0.03008640020601109,0.11470682047968365,-0.014125664407191076,-0.05577619193326181,0.034192133666724606,-0.10757315839502178,0.06257609881220094,0.013059808560952313,0.006872245922025487,-0.07604322751028794,0.07688494834327941,0.04026397656084759
DC,0.3045558482562912,0.009862992025915814,0.9110055783919454,-0.14883341385400334,0.11142126129530704,-0.09269558848307446,-0.07241370860167125,0.018153176057745118,0.01898786002080272,0.002271058887442817,0.22973490931904608,-0.03822429519096497,0.02835166381873871,0.0401015717192279,0.01699922705574059,1.1860850546521983e-05,0.02032452590582292,0.0709207717144732,-0.003993302706702859
DE,0.8756294459763816,0.037712326422398065,0.3350177736062943,0.04325336313141225,0.0652280148451473,0.05426313871297148,-0.23674385982550686,0.07376202728740422,0.04525307938183245,0.041849868702172714,-0.13226813656959688,0.025924778395518797,0.12316471454685463,-0.08382657714646723,0.07979169838718161,-0.030314426979517972,-0.010132690963291684,-0.0245772611573222,-0.1652847461685412
FL,0.09180290197649771,0.9484599737559771,0.20543842321913877,-0.011930125922999952,-0.04835973302098737,-0.05678293330904579,-0.07874506244819932,0.12771951164541187,0.05186696066525185,0.1076275355838167,-0.03484907725269956,0.07395771656564466,0.028312822369843896,0.10952579547439704,0.058793354005999096,-0.0667281184761786,0.02382189834843042,0.03477311321341724,-0.11504502285371275
GA,-0.20834798313535055,0.9538600466269939,0.1126012549921013,-0.050958571796958604,0.07899655346105539,-0.06439362322207544,-0.04691426968346411,0.012600012011097502,-0.13044928673804665,-0.010670951249561099,-0.07696722547697483,-0.06610340561253066,0.007704594878615898,-0.09717527348188074,0.019197677510220057,0.08111508667768272,-0.0026674600473355512,-0.038507402137078726,-0.05310941601650084
HI,0.4459783351544104,0.13642756194929662,0.621112656318629,0.019153802032145627,0.1327013175779239,0.39339234108161497,0.001206220882824029,0.010795971055869177,0.0053205661905126175,0.021846931959149496,-0.05059320504702311,0.49751833539320367,-0.003190952590369779,-0.08798735590334411,0.009849292854385941,0.0015141697547246678,0.004155741398093325,0.0010336426178856179,-0.0015317771093351384
IA,0.8636625608675867,0.10093330707232222,-0.12580019524285038,0.17838512934282727,-0.08592611036691569,-0.06276545348402145,0.38229493463550784,0.032205884036288566,0.01803833006951502,0.008745684952243005,0.0978186688115966,0.10374677085369528,0.046165748239969225,-0.16677456816996816,-0.048292529263938226,-0.054275178812200585,0.1171895531152689,0.048486411260525955,0.02319146778648883
ID,0.31265232544169935,0.8841706860148234,-0.09824909817526126,0.07977102646284502,0.04888120325465505,0.15419384467741215,0.22609519104340317,0.07102827712882909,-0.01836603462809423,-0.17832944897127667,0.06858500583284215,-0.09646887344517624,0.04515239578673805,0.020083739379161334,0.039035983546230314,-0.03866943688332125,0.0017985196086269467,0.054920236511412354,0.0025926931205999546
IL,0.9743347666086294,-0.023352071293334525,0.21723322616396018,0.04579814881293811,0.020878791453324656,-0.06486424605939115,0.12038287045407928,-0.05484491554167782,-0.019018855265215264,-0.00879986130242871,0.037480394717322,-0.038594241103201504,-0.010336457528303295,-0.016362285615447076,-0.03507006075870299,-0.0005405863810881499,-0.04113239270156716,-0.015299296994372083,0.045841922910278124
IN,0.5119364052602461,0.7478635220758111,0.06430307799139079,0.20378213211175925,0.06734694037785839,0.1810820588398637,0.19996398492450693,0.08586219760281814,0.012052960450763886,0.0673381764039125,-0.008458918884238616,0.12240124375025517,-0.014621116443223189,-0.15713940282119257,0.17998642622679634,-0.020173519303850373,-0.03841583741523978,-0.006660397977386767,-0.025715243366672913
KS,0.6695165228283032,0.5130787823862232,-0.09349240520026719,0.03345379820701185,0.08027908723239677,0.10043615374927217,0.24551429425280738,0.4538733927775091,-0.0032602436041774293,0.09750169387984693,0.008933913776321087,-0.00637312547071109,0.03432851186089093,-0.11110156787949917,-0.01989742806101699,0.013525319981980949,0.02352233427929203,0.0010568651305050791,-0.04126295247393138
KY,0.12144714810639048,0.8068882888131317,-0.2649543620062438,0.2679397577653105,-0.11144462617922854,0.26196171226791237,0.01608165622734392,0.05917225520609442,0.03454745021160962,0.005131456710379452,-0.038722459939677115,0.10143101632647339,0.020652827243620497,-0.34478288634597004,0.03583901691815174,0.004133774752599793,0.037171295014363226,-0.07441476116808161,-0.011109789943197926
LA,-0.1996557176039041,0.9431203545274933,0.017467635187147258,0.048087930020886134,-0.054226142031797146,-0.048487823493120995,0.06542962976602305,-0.04880058415129334,0.006556120256026579,0.06459547275022118,-0.028465085507089604,-0.026987882758742098,-0.14223681667351865,0.19785390598405203,-0.04393404704875345,0.07261493726984423,-0.035564542971314846,0.10791186351420752,0.06326415051256777
MA,0.9086221824345206,-0.3031343097324603,-0.007277785683624839,-0.020880998945663816,-0.02868352630194931,0.2102571996287957,0.07667977823564147,-0.05449265663389705,0.10516298611336866,-0.04169921613189107,-0.061481340257798237,-0.06346719644317401,-0.1881250395013091,0.029918206526420597,-0.05082527220216589,-0.0032000725097594044,-0.01519485943304795,-0.034022484322538196,0.015352393882997285
MD,0.8461187767230839,0.15682217947373497,0.35260325994529806,-0.11454594820557625,0.11903084934463821,0.03313732807905188,-0.03101718612085086,0.10944304788237318,0.0036702176510315836,0.3528645833089708,0.026458462729628453,0.006615212246379496,0.01750942028043072,0.04243059123337565,-0.0015982983047173572,-0.002884974264806447,-0.007688486123462397,0.010364996631472827,0.02480411922678786
ME-01,0.3889153576973468,0.12691245554722533,0.8526922792198836,0.033335133872401945,0.10262614556658883,0.1275723377492713,-0.13821822251949722,-0.014820712485943683,-0.02881793240487273,0.012318282826521934,-0.2765869975049712,-0.0012383114809834837,-0.03146446398965198,0.060129174021898754,-0.031499486368578904,0.002848081888685134,-0.03319122286654185,-0.08447056775183348,0.006668119763885803
ME-02,0.3053034455380462,0.1970456725319052,0.5371620275135676,0.5651419591309281,-0.2777219954199225,0.022288829730845585,-0.017624973606934654,-0.03973122184948093,0.013687971816149254,0.005033468800242024,-0.44885037745416706,0.06578788245993213,-0.028434123468136396,-0.08761268898371538,0.013041002804684931,0.012011687147714447,0.011844004011183037,0.0258922113929998,-0.008431263009430439
ME-AL,0.9141876946543166,-0.1784437709946911,0.03472411559272578,0.12023868680453473,-0.031457963601142114,0.1492774975457666,-0.0971426878035151,0.15271127663763348,0.0770840437806501,0.0940557726567352,-0.14056817608279912,0.12375496826548874,-0.11965158221069519,0.05860028714197388,-0.0024381828443755344,0.00651554666049536,0.15565589257250878,-0.031239548320806408,-0.05320290710471292
MI,0.9579178999914197,0.009008096809237942,-0.07967053455689983,0.0919189567747884,-0.025075800267413115,0.09552996189350102,0.0876372358564257,0.046534010774357544,-0.14881809367643076,-0.17474911399497506,-0.0397690793243284,-0.009603896604385511,0.05490886884773622,-0.0861031226991028,0.05620767044247011,0.005070115840822174,-0.016177284937016943,-0.04285547435837945,-0.08570889456846854
MN,0.8903144539780148,0.1145280539624297,-0.248433705108932,0.05795100806458619,0.04270601250476906,-0.03979119469748863,0.276305418148115,0.012271800996030598,-0.13114122485617682,-0.14302401411579307,-0.006318169618668872,-0.0568918481866254,-0.039326982642867055,-0.1400984433463618,-0.026375349477761857,0.03096590727838902,0.03215985568836495,-0.09892078192681436,0.09098498731658235
MO,0.37395670206744397,0.699262124654559,-0.07641718039768719,0.2757051044508054,-0.14871665994671993,0.2517783244426022,0.29820354464542,0.05735265423041747,-0.06466602082953479,-0.024805400572776113,-0.04421641703035526,0.051434703143229045,0.02803980503449167,-0.35502046946331206,-0.00655570455164236,-0.03631023709469061,-0.04918781394307219,-0.053318328912176596,-0.0030948039484387287
MS,-0.37694448145409903,0.8605183290347079,0.14545753347253979,-0.01192191027187565,0.013127529221976512,-0.18554859933497994,-0.020183801492364963,-0.10507906648881432,-0.12721307447930286,-0.017979155942551832,-0.06995353900988989,0.005789547809269728,-0.02064946821551026,0.20057771550569956,-0.04267165767040419,0.11836782615557787,-0.007511446143238961,0.08619792487766181,-0.0027540620636718025
MT,0.4785451417691299,0.7688184992550168,-0.1788250667664428,0.14316331648190692,0.08201910091676627,0.10922247128062054,0.2608772902814404,0.0876551036472985,-0.007762714238687697,-0.17859659905735648,0.09045355771676576,-0.029381624749921585,0.05511499601724407,0.015964822307392573,0.0816807980873799,-0.012891050189398044,0.016897656579541943,0.09263017443291083,0.07134995454552605
NC,0.11832876617543886,0.9612667532648561,0.1358437589513165,-0.04459512954817462,0.0962747976783847,0.03908015668469419,-0.09330144765869536,-0.07599845973450095,-0.029016588909032297,0.04032506025267636,-0.015519317543117096,-0.00248484410800177,0.12454773010926629,-0.15675544408531042,0.04423528872452994,-0.022119648687946074,0.059351908622318685,-0.03178743490926656,-0.013251659537286275
ND,0.5092409040959244,0.5755707940832597,-0.201125061772281,0.1313263178082217,-0.009012517476269659,0.06603319042971373,0.6050070741360528,-0.03239497960835695,-0.024372039741113277,-0.038096080956771805,0.016272686135881505,-0.010622492181735069,-0.037807396079989,0.004314609429829498,0.035129726170081546,0.06822939920140872,-0.034128696721678856,0.053666548947993664,0.027903335654850158
NE-01,0.036133592014868855,0.06847671202826759,0.03347766327416795,0.6548568064394072,0.7654200736525612,0.07213894475239671,0.04535261229213077,0.03407179206173108,0.02298924205458916,-0.00432486819076949,-0.00011546607642061781,-0.02419845607701948,0.007233188517141334,0.0015244818442678343,-0.0360255264917652,0.005150202882397485,-0.01232822664549514,-0.006262262837210244,0.018373336031277738
NE-02,0.03508962279415353,-0.04239379068246959,0.1648876943993831,-0.33084042223881505,0.9392750982848557,0.08278348907028701,-0.023638028955881487,0.0074963931098503385,-0.01382688648776564,0.008953884197880412,0.024549160401559914,0.03512423604035749,0.00547929729522385,0.03186189874151139,0.020685474730285633,-0.005131297382109193,0.006837607905315994,0.004638873688148875,-0.01022757649398846
NE-03,0.012399034549765613,0.1112878028471715,-0.09524591820355692,0.998446764219129,-0.07741948858582975,0.002465375075736073,0.08923007155671346,-0.003757111935867796,-0.0073765956387089,-0.007830478357197957,0.024858824614937287,-0.005018459690417117,0.0010069466343206072,-0.010232872569811709,0.00970001593335995,-0.0034135103228134104,0.003019930433131657,-0.007341943218205216,-0.003987323627970206
NE-AL,0.3905345092664001,0.7458780722944203,0.08525439647849653,-0.006993659145850315,0.11520109774687984,0.11757756004977074,0.4323279002598598,0.2748910823943609,0.018791500487985766,0.10097844732787152,0.043345189927193585,0.052660775165816374,-0.016209773519908946,0.04042442869054295,-0.020190265145606463,-0.056667523644127846,-0.05873906963389683,0.012580525010047382,0.04217696107533469
NH,0.8001622934448983,0.27297279064708957,0.35959072219362814,0.050219100457227536,-0.028185580172446066,0.2935954181290348,-0.049141289014043944,0.04424597741344346,0.24201939175572526,0.026793958070234894,-0.06508476654542003,0.031903797958159,-0.06839394557510163,0.134186903318499,0.027451429336229165,-0.041234734960071184,0.033388607638380335,-0.02081357902000144,-0.06353753253429208
NJ,0.9757044005351692,0.04030529970348715,0.19689571585132043,-0.014501493684937177,-0.048129787224651194,0.09895564337527583,-0.003862531739559361,-0.06780757476584871,0.061086447667446454,0.05905894992607314,-0.01413971219571963,0.03054098080972013,-0.04131073721329013,-0.00012833459277056562,0.04231505838437203,-0.009171332076856815,-0.10297138693555222,-0.00250728017941151,0.02461239012101383
NM,0.701283020626626,0.5533380377155367,0.34116217079464606,0.00833409646519549,0.0876552225027521,0.05761868195977765,0.13809586216491626,0.08246619695493558,0.08195140928400192,0.1121971745812002,0.09310632388085206,-0.02639504476667351,0.10633850102242738,-0.058858244512617446,0.012007912735861982,-0.19631550927229593,-0.006165449327948951,0.005312712428046185,-0.014173393441429828
NV,0.6301715965150871,0.6752826895916696,0.22498277083550555,-0.03388767546982926,0.011936510440535952,0.06788937619931469,0.2612650543458208,0.033870937397559156,0.026427736420791628,-0.015123309753066945,0.024781590372987695,-0.06072327729840623,0.06637130830314972,0.15673827681324812,0.09554938780386889,-0.014338539855083711,-0.06612998423299586,0.011169150199035485,-0.0705105423150355
NY,0.9533665083686723,-0.10138593015221163,0.2126369092873614,0.04509547452289437,-0.07753060270276706,0.04494478357857007,0.11752266905365182,-0.08224795588080144,0.048637505323560995,0.11097688506215644,0.003971120787467041,0.0637384052916847,-0.08512627261954797,0.0075293941315334595,-0.03797694539698547,0.02932769415465205,-0.055503679850237936,0.03766478139699707,0.07676286385814067
OH,0.8482534935990442,0.3839622001646404,-0.07894986444328102,0.14516890096286214,-0.09342984824469558,0.13750229899225688,0.015437194608159826,0.21521668883798173,0.01580337612512274,-0.0690376371109608,-0.048390346148824794,0.10246173497738398,0.02380101674210615,-0.06717635244310506,0.20182947059200007,0.008427919235566236,0.010117227875737789,0.006532476142099351,-0.034371301231439944
OK,0.055018414773161294,0.9408219929705786,-0.08333172777226303,0.09147817767099588,-0.07015586783713493,0.10192126873916735,0.15908731424233005,0.11750534072567331,-0.026870558539218284,-0.011553029011626059,0.0005007665544726647,0.04621962845363972,0.023434871494765783,-0.22564322422629438,-0.0812933848470074,-0.09334806844982788,-0.014793955980524723,-0.0807895606465214,-0.016986313566225184
OR,0.9125728625623944,0.19817763071558947,0.046380705000119975,-0.04775006670480448,0.12576988867399538,0.010347404287888015,0.1731107860661246,0.1207977155345326,-0.005143169645861364,0.07191270075738385,0.06880259781871832,0.006669723605295595,0.2876760371418197,0.029072647153200345,-0.01655945118442912,-0.042504450710027716,-0.002664489114406422,0.034773647056877695,-0.0025981687765433484
PA,0.953508367286169,0.004396540231033051,-0.10522224929297773,0.1171590195141237,-0.04219547148393999,0.1121719872334743,-0.0506258508177859,-0.027136441436919626,-0.08637657277974319,-0.13190831488690866,0.04349394313342821,-0.003004390849467541,0.0640317154727437,-0.18872118260529058,0.05691478734879145,0.08706798413132721,0.002321854010076818,0.046223517922097536,-0.04865205095915891
RI,0.8999127763524131,-0.11701978765834013,-0.018709666848575144,0.08567581745179556,-0.10102720424906401,0.30060368294303813,0.03080658821603565,-0.14190006838721572,0.007752669316441918,0.021350275253524613,-0.08659719167474327,0.056952501695939114,-0.22443377986294386,-0.10612888421986803,-0.02887055323217525,-0.05760627517979828,0.017534074359768437,0.064904505620983,0.011989778038024564
SC,-0.3674927050848216,0.8928390956748661,0.1336081044234744,-0.03868007881435227,0.014303591082583875,-0.045875525709377106,0.04417857080149549,-0.06240946806876038,0.06867126373691372,0.06760753187932916,-0.04505313407146649,0.07752833741162606,-0.0034092729302999027,0.19309515698872687,0.015323886028385993,0.11816843848117234,0.01672831424497223,0.056000662800791697,0.03255493247612309
SD,0.5112736812931196,0.41878730119842,-0.30567889507145657,0.21647045277432952,-0.013074579579353807,0.07901480592006892,0.6538693019031354,0.10600619253353727,0.024945265888963678,-0.02986076185917011,-0.030016059973362028,-0.017009804010234563,0.038517709545828595,-0.017817394271777802,-0.015194517218536468,-0.02735426977739154,0.02776263033017229,-0.0510282135570647,-0.06503534422709227
TN,0.07973235319654243,0.9380525168928735,-0.13192229662497998,0.17371875887865063,-0.1488493355361561,-0.0078295576456645,0.02160130367530526,-0.0697110297521351,-0.02023591104879868,0.05028963956584582,-0.017325317039079823,0.044105709510035646,0.042430800864738154,-0.2154916547782536,-0.015714495405607667,0.12062794532803395,-0.00017297289045190053,-0.047992326389907115,-0.003458898960995439
TX,-0.0399617606135934,0.9871941442564801,-0.008206268445138772,-0.052814087601155246,0.06313310736908496,0.10544514720439575,0.03612717343755871,0.06912071702152243,0.04315292690460552,0.07881912968757776,0.03730172784886608,0.06337393941162393,0.019079243326974346,0.0480271605385989,0.0011675942124429394,-0.1321415389068956,0.03122146747516059,0.004182824814779878,0.00672182485667484
UT,0.1742841595392706,0.8983564065380855,-0.003306104792204148,-0.05572018791326064,0.14075488390757981,0.24325290719729759,0.04600388590236044,0.005349644070383796,0.12510978462902742,-0.2270716614899055,0.12613147134584526,-0.051858248337790465,-0.04421189817127712,0.10572008258826773,-0.028836911518587437,0.010727459791953444,-0.08494694598746964,0.02433481562235517,0.06222159085968319
VA,0.11996587728314706,0.8824633439655266,0.3136686682721116,-0.11223038600463801,0.11908779632648059,0.013282572215419036,-0.07519082165283947,0.11829686983113677,0.08250642487164458,0.22590572526088512,-0.010621984722725315,0.08110474317012313,0.05499382898447239,0.1509264318706612,0.04784678205589624,-0.05681052971260998,0.028520170725615728,0.027143863950342507,-0.01832389369745108
VT,0.8761975766671167,-0.37766472055094835,0.24566010010492892,0.01300054103649797,0.07194505184603978,0.002743267720293287,-0.030802598547981112,0.05933644871807011,0.08748721049866301,0.1358481797622107,-0.010012572718097027,0.05104542091579204,0.024975247225378715,0.07909145626236744,-0.031679580925917605,0.0206114283258701,0.12546165054856892,0.014209836281402745,0.03665633701321376
WA,0.9348727993322297,0.24639495795272734,0.08605270352490618,-0.05948105555719486,0.08682688529918421,-0.03672967335257297,0.048815382213657894,0.10323866113170496,-0.10228687122949694,-0.1369345652700844,0.07996965386780742,-0.030702999509535193,0.15036391186669995,-0.004052897595151241,-0.047197524798547975,-0.05462818878412361,0.015490036320653737,-0.037802887830122,-0.02942663455890113
WI,0.85817936290516,0.22338579316498935,-0.12562965702078607,0.03629877362788812,0.033446826707120535,-0.06399577714558247,0.4205191295548657,-0.08582416530441511,-0.030519439943753408,0.07529582976478512,0.03152808398015378,-0.005719475234309928,-0.015315388148666918,-0.03578007755635567,-0.007470487248799976,-0.030714963067269858,-0.03908646923003398,-0.002014616590786579,0.17149064266191819
WV,0.1732913471509229,0.5639488428063091,-0.430912936846637,0.42650547689916884,-0.24827720572563527,0.2305128365789606,0.03576260970656569,-0.02614596684846843,-0.020750770691820183,-0.03932914461829247,-0.07610895359608878,0.074133673008521,-0.06312073128782694,-0.4164067643556265,0.009750084089442437,0.02617810286679577,0.0025179940737255543,0.09058181551559111,0.013818680600611023
WY,0.2573787470882371,0.8189024899186605,-0.2487788525529302,0.2309889793427311,-0.04181361705267187,0.23429456315399558,0.22179972570659698,0.12075750287077228,-0.022122320280175203,-0.21034378106223545,0.046748669701515595,-0.055481079149370345,-0.009419321666782474,-0.08812307084970993,0.023203980263008513,0.02988646176947489,0.013145171381800288,0.03043109939066894,0.03193855332898785
