year,state,abbr,class,race_type,round,caption,results,total_votes,winner,runner_up,color,source_url
2016,Alabama,AL,III,regular,General,2016 United States Senate election in Alabama,"{""Richard Shelby"": {""party"": ""Republican"", ""votes"": 1335104, ""pct"": 63.96}, ""Ron Crumpton"": {""party"": ""Democratic"", ""votes"": 748709, ""pct"": 35.87}, ""Write-in"": {""party"": ""Write-in"", ""votes"": 3631, ""pct"": 0.17}}",2087444,Richard Shelby,Ron Crumpton,red,https://en.wikipedia.org/wiki/2016_United_States_Senate_election_in_Alabama
2016,Alaska,AK,III,regular,General,2016 United States Senate election in Alaska,"{""Lisa Murkowski"": {""party"": ""Republican"", ""votes"": 138149, ""pct"": 44.36}, ""Joe Miller"": {""party"": ""Libertarian"", ""votes"": 90825, ""pct"": 29.16}, ""Margaret Stock"": {""party"": ""Independent"", ""votes"": 41194, ""pct"": 13.23}, ""Ray Metcalfe"": {""party"": ""Democratic"", ""votes"": 36200, ""pct"": 11.62}, ""Breck A. Craig"": {""party"": ""Independent"", ""votes"": 2609, ""pct"": 0.84}, ""Ted Gianoutsos"": {""party"": ""Independent"", ""votes"": 1758, ""pct"": 0.56}, ""Write-in"": {""party"": ""Write-in"", ""votes"": 706, ""pct"": 0.23}}",311441,Lisa Murkowski,Joe Miller,red,https://en.wikipedia.org/wiki/2016_United_States_Senate_election_in_Alaska
2016,Arizona,AZ,III,regular,General,"United States Senate election in Arizona, 2016","{""John McCain"": {""party"": ""Republican"", ""votes"": 1359267, ""pct"": 53.71}, ""Ann Kirkpatrick"": {""party"": ""Democratic"", ""votes"": 1031245, ""pct"": 40.75}, ""Gary Swing"": {""party"": ""Green"", ""votes"": 138634, ""pct"": 5.48}, ""Write-in"": {""party"": ""Write-in"", ""votes"": 1584, ""pct"": 0.06}}",2530730,John McCain,Ann Kirkpatrick,red,https://en.wikipedia.org/wiki/2016_United_States_Senate_election_in_Arizona
2016,Arkansas,AR,III,regular,General,"United States Senate election in Arkansas, 2016","{""John Boozman"": {""party"": ""Republican"", ""votes"": 661984, ""pct"": 59.77}, ""Conner Eldridge"": {""party"": ""Democratic"", ""votes"": 400602, ""pct"": 36.17}, ""Frank Gilbert"": {""party"": ""Libertarian"", ""votes"": 43866, ""pct"": 3.96}, ""Write-in"": {""party"": ""Write-in"", ""votes"": 1070, ""pct"": 0.1}}",1107522,John Boozman,Conner Eldridge,red,https://en.wikipedia.org/wiki/2016_United_States_Senate_election_in_Arkansas
2016,California,CA,III,regular,General,"United States Senate election in California, 2016","{""Kamala Harris"": {""party"": ""Democratic"", ""votes"": 7542753, ""pct"": 61.6}, ""Loretta Sanchez"": {""party"": ""Democratic"", ""votes"": 4701417, ""pct"": 38.4}}",12244170,Kamala Harris,Loretta Sanchez,blue,https://en.wikipedia.org/wiki/2016_United_States_Senate_election_in_California
2016,Colorado,CO,III,regular,General,"United States Senate election in Colorado, 2016","{""Michael Bennet"": {""party"": ""Democratic"", ""votes"": 1370710, ""pct"": 49.97}, ""Darryl Glenn"": {""party"": ""Republican"", ""votes"": 1215318, ""pct"": 44.31}, ""Lily Tang Williams"": {""party"": ""Libertarian"", ""votes"": 99277, ""pct"": 3.62}, ""Arn Menconi"": {""party"": ""Green"", ""votes"": 36805, ""pct"": 1.34}, ""Bill Hammons"": {""party"": ""Unity"", ""votes"": 9336, ""pct"": 0.34}, ""Dan Chapin"": {""party"": ""Independent"", ""votes"": 8361, ""pct"": 0.3}, ""Paul Fiorino"": {""party"": ""Independent"", ""votes"": 3216, ""pct"": 0.12}}",2743023,Michael Bennet,Darryl Glenn,blue,https://en.wikipedia.org/wiki/2016_United_States_Senate_election_in_Colorado
2016,Connecticut,CT,III,regular,General,"United States Senate election in Connecticut, 2016","{""Richard Blumenthal"": {""party"": ""Democratic"", ""votes"": 1008714, ""pct"": 63.19}, ""Dan Carter"": {""party"": ""Republican"", ""votes"": 552621, ""pct"": 34.62}, ""Richard Lion"": {""party"": ""Libertarian"", ""votes"": 18190, ""pct"": 1.14}, ""Jeffery Russell"": {""party"": ""Green"", ""votes"": 16713, ""pct"": 1.05}, ""Andrew Rule"": {""party"": ""Independent"", ""votes"": 26, ""pct"": 0.0}, ""John M. Traceski"": {""party"": ""Independent"", ""votes"": 12, ""pct"": 0.0}}",1596276,Richard Blumenthal,Dan Carter,blue,https://en.wikipedia.org/wiki/2016_United_States_Senate_election_in_Connecticut
2016,Florida,FL,III,regular,General,"United States Senate election in Florida, 2016","{""Marco Rubio"": {""party"": ""Republican"", ""votes"": 4835191, ""pct"": 51.98}, ""Patrick Murphy"": {""party"": ""Democratic"", ""votes"": 4122088, ""pct"": 44.31}, ""Paul Stanton"": {""party"": ""Libertarian"", ""votes"": 196956, ""pct"": 2.12}, ""Bruce Nathan"": {""party"": ""Independent"", ""votes"": 52451, ""pct"": 0.56}, ""Tony Khoury"": {""party"": ""Independent"", ""votes"": 45820, ""pct"": 0.49}, ""Steven Machat"": {""party"": ""Independent"", ""votes"": 26918, ""pct"": 0.29}, ""Basil E. Dalack"": {""party"": ""Independent"", ""votes"": 22236, ""pct"": 0.24}, ""Write-in"": {""party"": ""Write-in"", ""votes"": 160, ""pct"": 0.0}}",9301820,Marco Rubio,Patrick Murphy,red,https://en.wikipedia.org/wiki/2016_United_States_Senate_election_in_Florida
2016,Georgia,GA,III,regular,General,"United States Senate election in Georgia, 2016","{""Johnny Isakson"": {""party"": ""Republican"", ""votes"": 2135806, ""pct"": 54.8}, ""Jim Barksdale"": {""party"": ""Democratic"", ""votes"": 1599726, ""pct"": 41.04}, ""Allen Buckley"": {""party"": ""Libertarian"", ""votes"": 162260, ""pct"": 4.16}}",3897792,Johnny Isakson,Jim Barksdale,red,https://en.wikipedia.org/wiki/2016_United_States_Senate_election_in_Georgia
2016,Hawaii,HI,III,regular,General,"United States Senate election in Hawaii, 2016","{""Brian Schatz"": {""party"": ""Democratic"", ""votes"": 306604, ""pct"": 73.61}, ""John Carroll"": {""party"": ""Republican"", ""votes"": 92653, ""pct"": 22.24}, ""Joy Allison"": {""party"": ""Constitution"", ""votes"": 9103, ""pct"": 2.19}, ""Michael Kokowski"": {""party"": ""Libertarian"", ""votes"": 6809, ""pct"": 1.63}, ""John Giuffre"": {""party"": ""American Shopping"", ""votes"": 1393, ""pct"": 0.33}}",416562,Brian Schatz,John Carroll,blue,https://en.wikipedia.org/wiki/2016_United_States_Senate_election_in_Hawaii
2016,Idaho,ID,III,regular,General,"United States Senate election in Idaho, 2016","{""Mike Crapo"": {""party"": ""Republican"", ""votes"": 449017, ""pct"": 66.13}, ""Jerry Sturgill"": {""party"": ""Democratic"", ""votes"": 188249, ""pct"": 27.73}, ""Ray J. Writz"": {""party"": ""Constitution"", ""votes"": 41677, ""pct"": 6.14}}",678943,Mike Crapo,Jerry Sturgill,red,https://en.wikipedia.org/wiki/2016_United_States_Senate_election_in_Idaho
2016,Illinois,IL,III,regular,General,"United States Senate election in Illinois, 2016","{""Tammy Duckworth"": {""party"": ""Democratic"", ""votes"": 3012940, ""pct"": 54.86}, ""Mark Kirk"": {""party"": ""Republican"", ""votes"": 2184692, ""pct"": 39.78}, ""Kenton McMillen"": {""party"": ""Libertarian"", ""votes"": 175988, ""pct"": 3.21}, ""Scott Summers"": {""party"": ""Green"", ""votes"": 117619, ""pct"": 2.14}, ""Write-in"": {""party"": ""Write-in"", ""votes"": 639, ""pct"": 0.01}}",5491878,Tammy Duckworth,Mark Kirk,blue,https://en.wikipedia.org/wiki/2016_United_States_Senate_election_in_Illinois
2016,Indiana,IN,III,regular,General,"United States Senate election in Indiana, 2016","{""Todd Young"": {""party"": ""Republican"", ""votes"": 1423991, ""pct"": 52.11}, ""Evan Bayh"": {""party"": ""Democratic"", ""votes"": 1158947, ""pct"": 42.41}, ""Lucy Brenton"": {""party"": ""Libertarian"", ""votes"": 149481, ""pct"": 5.47}, ""James L. Johnson, Jr."": {""party"": ""Independent"", ""votes"": 127, ""pct"": 0.01}}",2732546,Todd Young,Evan Bayh,red,https://en.wikipedia.org/wiki/2016_United_States_Senate_election_in_Indiana
2016,Iowa,IA,III,regular,General,"United States Senate election in Iowa, 2016","{""Chuck Grassley"": {""party"": ""Republican"", ""votes"": 926007, ""pct"": 60.09}, ""Patty Judge"": {""party"": ""Democratic"", ""votes"": 549460, ""pct"": 35.66}, ""Charles Aldrich"": {""party"": ""Libertarian"", ""votes"": 41794, ""pct"": 2.71}, ""Jim Hennager"": {""party"": ""Independent"", ""votes"": 17649, ""pct"": 1.15}, ""Michael Luick-Thrams"": {""party"": ""Independent"", ""votes"": 4441, ""pct"": 0.29}, ""Write-ins"": {""party"": ""n/a"", ""votes"": 1685, ""pct"": 0.11}}",1541036,Chuck Grassley,Patty Judge,red,https://en.wikipedia.org/wiki/2016_United_States_Senate_election_in_Iowa
2016,Kansas,KS,III,regular,General,2016 United States Senate election in Kansas,"{""Jerry Moran"": {""party"": ""Republican"", ""votes"": 732376, ""pct"": 62.18}, ""Patrick Wiesner"": {""party"": ""Democratic"", ""votes"": 379740, ""pct"": 32.24}, ""Robert D. Garrard"": {""party"": ""Libertarian"", ""votes"": 65760, ""pct"": 5.58}, ""DJ Smith"": {""party"": ""Independent"", ""votes"": 46, ""pct"": 0.0}}",1177922,Jerry Moran,Patrick Wiesner,red,https://en.wikipedia.org/wiki/2016_United_States_Senate_election_in_Kansas
2016,Kentucky,KY,III,regular,General,"United States Senate election in Kentucky, 2016","{""Rand Paul"": {""party"": ""Republican"", ""votes"": 1090177, ""pct"": 57.27}, ""Jim Gray"": {""party"": ""Democratic"", ""votes"": 813246, ""pct"": 42.73}, ""Write-in"": {""party"": ""Write-in"", ""votes"": 42, ""pct"": 0.0}}",1903465,Rand Paul,Jim Gray,red,https://en.wikipedia.org/wiki/2016_United_States_Senate_election_in_Kentucky
2016,Louisiana,LA,III,regular,General,"United States Senate election in Louisiana, 2016","{""John Neely Kennedy"": {""party"": ""Republican"", ""votes"": 536191, ""pct"": 60.65}, ""John Kennedy"": {""party"": ""Republican"", ""votes"": 482591, ""pct"": 24.96}, ""Foster Campbell"": {""party"": ""Democratic"", ""votes"": 347816, ""pct"": 39.35}, ""Charles Boustany"": {""party"": ""Republican"", ""votes"": 298008, ""pct"": 15.41}, ""Caroline Fayard"": {""party"": ""Democratic"", ""votes"": 240917, ""pct"": 12.46}, ""John Fleming"": {""party"": ""Republican"", ""votes"": 204026, ""pct"": 10.55}, ""Rob Maness"": {""party"": ""Republican"", ""votes"": 90856, ""pct"": 4.7}, ""David Duke"": {""party"": ""Republican"", ""votes"": 58606, ""pct"": 3.03}, ""Derrick Edwards"": {""party"": ""Democratic"", ""votes"": 51774, ""pct"": 2.68}, ""Gary Landrieu"": {""party"": ""Democratic"", ""votes"": 45587, ""pct"": 2.36}, ""Donald \""Crawdaddy\"" Crawford"": {""party"": ""Republican"", ""votes"": 25523, ""pct"": 1.32}, ""Joseph Cao"": {""party"": ""Republican"", ""votes"": 21019, ""pct"": 1.09}, ""Beryl Billiot"": {""party"": ""Independent"", ""votes"": 19352, ""pct"": 1.0}, ""Thomas Clements"": {""party"": ""Libertarian"", ""votes"": 11370, ""pct"": 0.59}, ""Troy Hebert"": {""party"": ""Independent"", ""votes"": 9503, ""pct"": 0.49}, ""Josh Pellerin"": {""party"": ""Democratic"", ""votes"": 7395, ""pct"": 0.38}, ""Peter Williams"": {""party"": ""Democratic"", ""votes"": 6855, ""pct"": 0.35}, ""Vinny Mendoza"": {""party"": ""Democratic"", ""votes"": 4927, ""pct"": 0.25}, ""Kaitlin Marone"": {""party"": ""Independent"", ""votes"": 4108, ""pct"": 0.21}, ""Le Roy Gillam"": {""party"": ""Libertarian"", ""votes"": 4067, ""pct"": 0.21}, ""Charles Eugene Marsala"": {""party"": ""Republican"", ""votes"": 3684, ""pct"": 0.19}, ""Abhay Patel"": {""party"": ""Republican"", ""votes"": 1576, ""pct"": 0.08}, ""Arden Wells"": {""party"": ""Independent"", ""votes"": 1483, ""pct"": 0.08}, ""Bob Lang"": {""party"": ""Independent"", ""votes"": 1424, ""pct"": 0.07}, ""Gregory Taylor"": {""party"": ""Independent"", ""votes"": 1151, ""pct"": 0.06}}",2479809,John Neely Kennedy,John Kennedy,red,https://en.wikipedia.org/wiki/2016_United_States_Senate_election_in_Louisiana
2016,Maryland,MD,III,regular,General,"United States Senate election in Maryland, 2016","{""Chris Van Hollen"": {""party"": ""Democratic"", ""votes"": 1659907, ""pct"": 60.89}, ""Kathy Szeliga"": {""party"": ""Republican"", ""votes"": 972557, ""pct"": 35.67}, ""Margaret Flowers"": {""party"": ""Green"", ""votes"": 89970, ""pct"": 3.3}, ""Write-in"": {""party"": ""Write-in"", ""votes"": 3736, ""pct"": 0.14}}",2726170,Chris Van Hollen,Kathy Szeliga,blue,https://en.wikipedia.org/wiki/2016_United_States_Senate_election_in_Maryland
2016,Missouri,MO,III,regular,General,2016 United States Senate election in Missouri,"{""Roy Blunt"": {""party"": ""Republican"", ""votes"": 1378458, ""pct"": 49.18}, ""Jason Kander"": {""party"": ""Democratic"", ""votes"": 1300200, ""pct"": 46.39}, ""Jonathan Dine"": {""party"": ""Libertarian"", ""votes"": 67738, ""pct"": 2.42}, ""Johnathan McFarland"": {""party"": ""Green"", ""votes"": 30743, ""pct"": 1.1}, ""Fred Ryman"": {""party"": ""Constitution"", ""votes"": 25407, ""pct"": 0.91}, ""Write-in"": {""party"": ""Write-in"", ""votes"": 95, ""pct"": 0.03}}",2802641,Roy Blunt,Jason Kander,red,https://en.wikipedia.org/wiki/2016_United_States_Senate_election_in_Missouri
2016,Nevada,NV,III,regular,General,"United States Senate election in Nevada, 2016","{""Catherine Cortez Masto"": {""party"": ""Democratic"", ""votes"": 521994, ""pct"": 47.1}, ""Joe Heck"": {""party"": ""Republican"", ""votes"": 495079, ""pct"": 44.67}, ""None of These Candidates"": {""party"": ""None of These Candidates"", ""votes"": 42257, ""pct"": 3.81}, ""Tom Jones"": {""party"": ""Independent American"", ""votes"": 17128, ""pct"": 1.55}, ""Thomas Sawyer"": {""party"": ""Independent"", ""votes"": 14208, ""pct"": 1.28}, ""Tony Gumina"": {""party"": ""Independent"", ""votes"": 10740, ""pct"": 0.97}, ""Jarrod Williams"": {""party"": ""Independent"", ""votes"": 6888, ""pct"": 0.62}}",1108294,Catherine Cortez Masto,Joe Heck,blue,https://en.wikipedia.org/wiki/2016_United_States_Senate_election_in_Nevada
2016,New Hampshire,NH,III,regular,General,"United States Senate election in New Hampshire, 2016","{""Maggie Hassan"": {""party"": ""Democratic"", ""votes"": 354649, ""pct"": 47.98}, ""Kelly Ayotte"": {""party"": ""Republican"", ""votes"": 353632, ""pct"": 47.84}, ""Aaron Day"": {""party"": ""Independent"", ""votes"": 17742, ""pct"": 2.4}, ""Brian Chabot"": {""party"": ""Libertarian"", ""votes"": 12597, ""pct"": 1.7}, ""Write-in"": {""party"": ""Write-in"", ""votes"": 520, ""pct"": 0.07}}",739140,Maggie Hassan,Kelly Ayotte,blue,https://en.wikipedia.org/wiki/2016_United_States_Senate_election_in_New_Hampshire
2016,New York,NY,III,regular,General,"United States Senate election in New York, 2016","{""Chuck Schumer"": {""party"": ""Democratic"", ""votes"": 5221945, ""pct"": 70.64}, ""Wendy Long"": {""party"": ""Republican"", ""votes"": 2009355, ""pct"": 27.18}, ""Robin Laverne Wilson"": {""party"": ""Green"", ""votes"": 113413, ""pct"": 1.53}, ""Alex Merced"": {""party"": ""Libertarian"", ""votes"": 48120, ""pct"": 0.65}}",7392833,Chuck Schumer,Wendy Long,blue,https://en.wikipedia.org/wiki/2016_United_States_Senate_election_in_New_York
2016,North Carolina,NC,III,regular,General,2016 United States Senate election in North Carolina,"{""Richard Burr"": {""party"": ""Republican"", ""votes"": 2395376, ""pct"": 51.06}, ""Deborah Ross"": {""party"": ""Democratic"", ""votes"": 2128165, ""pct"": 45.37}, ""Sean Haugh"": {""party"": ""Libertarian"", ""votes"": 167592, ""pct"": 3.57}}",4691133,Richard Burr,Deborah Ross,red,https://en.wikipedia.org/wiki/2016_United_States_Senate_election_in_North_Carolina
2016,North Dakota,ND,III,regular,General,"United States Senate election in North Dakota, 2016","{""John Hoeven"": {""party"": ""Republican"", ""votes"": 268788, ""pct"": 78.48}, ""Eliot Glassheim"": {""party"": ""Democratic–NPL"", ""votes"": 58116, ""pct"": 16.97}, ""Robert Marquette"": {""party"": ""Libertarian"", ""votes"": 10556, ""pct"": 3.08}, ""James Germalic"": {""party"": ""Independent"", ""votes"": 4675, ""pct"": 1.36}, ""Write-in"": {""party"": ""Write-in"", ""votes"": 366, ""pct"": 0.11}}",342501,John Hoeven,Eliot Glassheim,red,https://en.wikipedia.org/wiki/2016_United_States_Senate_election_in_North_Dakota
2016,Ohio,OH,III,regular,General,"United States Senate election in Ohio, 2016","{""Rob Portman"": {""party"": ""Republican"", ""votes"": 3118567, ""pct"": 58.03}, ""Ted Strickland"": {""party"": ""Democratic"", ""votes"": 1996908, ""pct"": 37.16}, ""Tom Connors"": {""party"": ""Independent"", ""votes"": 93041, ""pct"": 1.73}, ""Joseph R. DeMare"": {""party"": ""Green"", ""votes"": 88246, ""pct"": 1.64}, ""Scott Rupert"": {""party"": ""Independent"", ""votes"": 77291, ""pct"": 1.44}, ""James Stahl"": {""party"": ""Independent"", ""votes"": 111, ""pct"": 0.0}}",5374164,Rob Portman,Ted Strickland,red,https://en.wikipedia.org/wiki/2016_United_States_Senate_election_in_Ohio
2016,Oklahoma,OK,III,regular,General,"United States Senate election in Oklahoma, 2016","{""James Lankford"": {""party"": ""Republican"", ""votes"": 980892, ""pct"": 67.74}, ""Mike Workman"": {""party"": ""Democratic"", ""votes"": 355911, ""pct"": 24.58}, ""Robert T. Murphy"": {""party"": ""Libertarian"", ""votes"": 43421, ""pct"": 3.0}, ""Sean Braddy"": {""party"": ""Independent"", ""votes"": 40405, ""pct"": 2.79}, ""Mark T. Beard"": {""party"": ""Independent"", ""votes"": 27418, ""pct"": 1.89}}",1448047,James Lankford,Mike Workman,red,https://en.wikipedia.org/wiki/2016_United_States_Senate_election_in_Oklahoma
2016,Oregon,OR,III,regular,General,"United States Senate election in Oregon, 2016","{""Ronald Wyden"": {""party"": ""Democratic"", ""votes"": 1105119, ""pct"": 56.6}, ""Mark Callahan"": {""party"": ""Republican"", ""votes"": 651106, ""pct"": 33.35}, ""Shanti Lewallen"": {""party"": ""Working Families"", ""votes"": 61915, ""pct"": 3.17}, ""Steven Reynolds"": {""party"": ""Independent Party"", ""votes"": 59516, ""pct"": 3.05}, ""Eric Navickas"": {""party"": ""Pacific Green"", ""votes"": 48823, ""pct"": 2.5}, ""Jim Lindsay"": {""party"": ""Libertarian"", ""votes"": 23941, ""pct"": 1.23}, ""Write-ins"": {""party"": ""n/a"", ""votes"": 2058, ""pct"": 0.1}}",1952478,Ronald Wyden,Mark Callahan,blue,https://en.wikipedia.org/wiki/2016_United_States_Senate_election_in_Oregon
2016,Pennsylvania,PA,III,regular,General,"United States Senate election in Pennsylvania, 2016","{""Pat Toomey"": {""party"": ""Republican"", ""votes"": 2951702, ""pct"": 48.72}, ""Katie McGinty"": {""party"": ""Democratic"", ""votes"": 2865012, ""pct"": 47.29}, ""Edward T. Clifford III"": {""party"": ""Libertarian"", ""votes"": 235142, ""pct"": 3.88}, ""Write-in"": {""party"": ""Write-in"", ""votes"": 6655, ""pct"": 0.11}}",6058511,Pat Toomey,Katie McGinty,red,https://en.wikipedia.org/wiki/2016_United_States_Senate_election_in_Pennsylvania
2016,South Carolina,SC,III,regular,General,"United States Senate election in South Carolina, 2016","{""Tim Scott"": {""party"": ""Republican"", ""votes"": 1241609, ""pct"": 60.57}, ""Thomas Dixon"": {""party"": ""Democratic"", ""votes"": 757022, ""pct"": 36.93}, ""Bill Bledsoe"": {""party"": ""Libertarian"", ""votes"": 37482, ""pct"": 1.83}, ""Michael Scarborough"": {""party"": ""American"", ""votes"": 11923, ""pct"": 0.58}, ""Write-ins"": {""party"": ""n/a"", ""votes"": 1857, ""pct"": 0.09}}",2049893,Tim Scott,Thomas Dixon,red,https://en.wikipedia.org/wiki/2016_United_States_Senate_election_in_South_Carolina
2016,South Dakota,SD,III,regular,General,"United States Senate election in South Dakota, 2016","{""John Thune"": {""party"": ""Republican"", ""votes"": 265516, ""pct"": 71.83}, ""Jay Williams"": {""party"": ""Democratic"", ""votes"": 104140, ""pct"": 28.17}}",369656,John Thune,Jay Williams,red,https://en.wikipedia.org/wiki/2016_United_States_Senate_election_in_South_Dakota
2016,Utah,UT,III,regular,General,"United States Senate election in Utah, 2016","{""Mike Lee"": {""party"": ""Republican"", ""votes"": 760241, ""pct"": 68.15}, ""Misty Snow"": {""party"": ""Democratic"", ""votes"": 301860, ""pct"": 27.06}, ""Stoney Fonua"": {""party"": ""Independent American"", ""votes"": 27340, ""pct"": 2.45}, ""Bill Barron"": {""party"": ""Independent"", ""votes"": 26167, ""pct"": 2.34}}",1115608,Mike Lee,Misty Snow,red,https://en.wikipedia.org/wiki/2016_United_States_Senate_election_in_Utah
2016,Vermont,VT,III,regular,General,"United States Senate election in Vermont, 2016","{""Patrick Leahy"": {""party"": ""Democratic"", ""votes"": 192243, ""pct"": 61.26}, ""Scott Milne"": {""party"": ""Republican"", ""votes"": 103637, ""pct"": 33.03}, ""Cris Ericson"": {""party"": ""Marijuana"", ""votes"": 9156, ""pct"": 2.92}, ""Jerry Trudell"": {""party"": ""Independent"", ""votes"": 5223, ""pct"": 1.66}, ""Peter Diamondstone"": {""party"": ""Liberty Union"", ""votes"": 3241, ""pct"": 1.03}, ""Write-in"": {""party"": ""Write-in"", ""votes"": 309, ""pct"": 0.1}}",313809,Patrick Leahy,Scott Milne,blue,https://en.wikipedia.org/wiki/2016_United_States_Senate_election_in_Vermont
2016,Washington,WA,III,regular,General,"United States Senate election in Washington, 2016","{""Patty Murray"": {""party"": ""Democratic"", ""votes"": 1913979, ""pct"": 59.01}, ""Chris Vance"": {""party"": ""Republican"", ""votes"": 1329338, ""pct"": 40.99}}",3243317,Patty Murray,Chris Vance,blue,https://en.wikipedia.org/wiki/2016_United_States_Senate_election_in_Washington
2016,Wisconsin,WI,III,regular,General,2016 United States Senate election in Wisconsin,"{""Ron Johnson"": {""party"": ""Republican"", ""votes"": 1479471, ""pct"": 50.17}, ""Russ Feingold"": {""party"": ""Democratic"", ""votes"": 1380335, ""pct"": 46.81}, ""Phil Anderson"": {""party"": ""Libertarian"", ""votes"": 87531, ""pct"": 2.97}, ""Write-in"": {""party"": ""Write-in"", ""votes"": 1404, ""pct"": 0.05}}",2948741,Ron Johnson,Russ Feingold,red,https://en.wikipedia.org/wiki/2016_United_States_Senate_election_in_Wisconsin
