,PC1,PC2,PC3,PC4,PC5,PC6,PC7,PC8,PC9,PC10,PC11,PC12,PC13,PC14,PC15
AK,0.4652873379427328,-0.05369158691514534,-0.05624145432409551,0.7066840028415801,0.4619095631537161,0.022929860751749312,0.20038049142895223,0.0829566968884304,0.17144554249268748,0.058654159724720746,0.014257280889217353,0.081964659269545,-0.06083624812405192,-0.07069704221981983,0.0017081773876364578
AL,0.35789026895280274,0.8941225068940315,0.06501411987593539,-0.08573053690561758,-0.22889887974478704,0.01720408708238848,0.09375519212045012,0.08789745945263593,-0.01974041791526283,0.009877952225153329,-0.09404620067988775,0.003260584512991597,0.09548348760047731,0.03462965120901719,-0.0609674394556593
AR,0.5349689179913789,0.8184271038418738,-0.12015137631971189,0.030318604707966795,-0.14658607773919602,-0.133982415717712,-0.05197504683220107,0.014776254855120866,0.02111678778890007,-0.06999429944159029,-0.036252649867387854,0.053497106457410314,0.0017516150379805642,-0.0704644167326627,0.023634550201884045
AZ,0.834436121848425,0.4225265751011972,0.2893140128121604,-0.17972746026714947,0.009855291040038865,-0.038568627482479766,0.09527655374087156,-0.02513785092376459,0.010127876235491603,-0.12609250027894828,0.029244489341864723,-0.027913135657603023,0.0725074840607447,-0.022465605541341315,0.08358288814572137
CA,0.7837858438951587,-0.5143277656754977,0.1833134575555316,-0.2627435412744349,-0.07026387153853768,0.07676755713925859,0.15218269667635395,0.08872465917121776,0.01650542067980766,0.03653597654913064,0.03293693900877005,0.04012012733759153,0.0345756154739453,-0.04883256495589948,0.04230771729441122
CO,0.884129940252363,-0.23106173049591336,0.19996076436436633,-0.06794656360522097,0.20764528483516725,0.25540525035802547,0.0486093740104771,-0.05674694072402076,-0.12936419201530552,-0.02106334627701627,-0.13994236226223516,-0.03623837384007683,-0.02372946120673289,0.01535990187226433,0.02931078105933571
CT,0.7340685147813502,-0.6305879785455352,0.15363082120206087,0.12373135775533012,-0.03100097893235908,-0.17410238227458447,0.11274436031406777,-0.04471921447917987,-0.03162409891252318,-0.024004459165654315,-0.0252949782704271,-0.023047923683374806,-0.013152892521284841,0.05239642381785396,0.030893599871265436
DC,0.2692484814023268,-0.2699861164231801,0.832640364076524,-0.03698271217640878,0.022803065639638034,-0.011881515431222853,-0.12012745982625855,0.33982436686435585,-0.10899756937104617,-0.1576954352400756,-0.0432067987348593,-0.02647128136240076,-0.12406327521853885,-0.04348447350111808,-0.05637715856181126
DE,0.695230940964424,-0.5463519812473243,0.3057392568382667,0.16119827614501925,-0.27005678599206945,0.15724729850504632,0.009936977283081024,-0.021859380514811108,-0.026722626937281734,0.012422373694608042,0.05472014160899791,0.12818255032535886,0.018255322626998517,0.021884180203357362,-0.032297156568367444
FL,0.6419305530621826,0.6597816170410289,0.35032059003406113,0.002441361081436478,-0.11787352439415207,0.03604714945505782,-0.03723397652832686,-0.1737147484465089,-0.07112080133348958,-0.024193323829047642,0.05121055109520106,0.025357815534104752,0.038694020871101735,0.02163363071495372,0.009566745743772866
GA,0.4052085822891879,0.8658388823783778,0.19805641167596885,-0.017871449660017025,-0.15466780225332583,0.06172143567551157,0.030614850142011898,0.07873071665638291,0.03788807486608617,0.09399105937919086,-0.1378298794808442,0.09719645760984795,-0.028146806192245348,-0.0015384358110794322,-0.043040782100761184
HI,0.5329074379040946,-0.2418246964217048,0.4569316705490198,0.5021539569777469,0.1526188912525225,-0.03870513228058588,-0.251250958149269,0.2177999781277675,-0.14178939146044528,0.2140972207813722,-0.0026777400408651425,-0.10558777707358281,0.12678903191569948,-0.000765647678288965,0.04924024553714255
IA,0.7876815772219249,-0.4224748269551705,-0.3330477137247747,-0.18812223587270244,-0.020256229689314648,-0.03458176427574808,-0.22511519289485227,0.04619878407862885,-0.032631448087619724,-0.03460109263537918,0.07957379122386897,-0.10960212596511275,0.035184262543023544,-0.07303689033282135,-0.03870472469761818
ID,0.8317057187193577,0.5143892405782605,-0.11799028254395616,-0.06339865630244267,0.11652584279316452,0.03240095012294197,0.17820676832697657,0.0660113762425502,-0.028683135824464436,-0.030657985374011553,0.03736225290067419,-0.006379565762258147,-0.01843602410588924,0.00047840001889975473,-0.050806167457150324
IL,0.7495782614093879,-0.6301168087692282,0.08736426613294065,-0.15201490217029026,-0.10408160079146245,-0.11068889535674355,-0.01722609752057216,0.10908463518903531,0.007700025176063242,-0.024778175094446304,-0.038731766371384674,0.005989140513963053,-0.011589876382778705,-0.014501952198367444,-0.00822955803721743
IN,0.934381286914327,0.26903828273152053,-0.04888409302758542,0.14453099228815572,0.02060079713553829,0.021018784250321144,-0.15315858423940712,0.020758700789256828,-0.04917631519554786,0.040522038393385786,0.03908817226559634,0.0216234828234781,-0.04793624604811966,0.1331102069486905,-0.06853825360383321
KS,0.9081027042758749,0.0011596918031912078,-0.12938992524005127,-0.07437705138261219,0.13755223166025982,0.29118223525445647,-0.11322689815702366,-0.18468638667600676,-0.00019536381189555173,-0.01148813843223134,-0.14530280875690468,-0.0006184606280012766,-0.07803778605614833,-0.030899317261698263,0.023490900195377067
KY,0.634629503320931,0.5862136571156044,-0.3614757300345967,0.32759592252999853,-0.15267558419992802,0.0936447560713361,-0.08305218214726165,-0.021890994198848386,0.03770977943313,-0.0382356462726764,0.022328782119036106,-0.0322292211750593,0.008387434167865991,-0.018664112902151152,0.007606233648258756
LA,0.40536909123812653,0.8592597216260855,0.13348776339716828,-0.0834300829953783,-0.0037714756829977988,-0.2622068760713513,0.0566075194131142,-0.13449986107561146,-0.04585703140202569,0.016292972446030993,-0.04851986739159236,-0.020759013454741015,-0.07302264405182322,-0.02724208067775732,0.011059107530137828
MA,0.5317498659304735,-0.8016851000648384,-0.11848799532727992,0.07581001857277869,0.03904358410716709,-0.18413725205486897,0.15463589626136373,-0.07000993406713349,0.042532831256841326,-0.061107715144185094,-0.09899803577784998,0.028528310902450033,0.05738536121804315,-0.0012791747621895856,-0.012101385141647214
MD,0.758913887506127,-0.44334386612116694,0.4040199454290734,-0.02018553422994487,-0.03160041189529864,0.01146864640143476,-0.14229863262616868,-0.13873197765931214,0.1901286207445979,0.035989966176942806,-0.061487405907137076,0.009846052079185796,-0.11653715625497602,0.006088608102776687,0.003141362650009535
ME-AL,0.6072290019052835,-0.7140432919739101,-0.013063029434980273,0.17642934532780485,-0.09924200879247347,0.0022590848628637294,-0.00577948779428939,-0.2889707584022058,-0.09936947232362996,0.04574606838019685,-0.04315323790690306,-0.013923182038222388,0.04966703212906025,-0.09121374109716453,-0.07402861939702417
MI,0.7668484977961679,-0.5640012771412606,-0.22222398424700657,-0.024562450057707786,-0.12460008079062773,0.09716294931467662,0.13083503734364083,0.08533850292556136,-0.07277203835548948,0.08141682030130358,-0.007074259087827315,0.0870668904058762,0.029025130680992106,0.011070429485684612,0.014048174161172397
MN,0.7745587874473798,-0.41904479563739744,-0.38967383878283907,-0.2311265696154262,-0.06661835610600429,0.006166960274934574,0.06751830104623088,0.08106295148259997,0.04517411585469438,0.08753563117756255,-0.1335730806196693,-0.032736087835295274,0.04551705094269958,-0.008244425142204673,-0.03621307942551964
MO,0.8188049893211364,0.3413760970417444,-0.34609878093289903,0.1985328314199532,-0.018167576905624677,0.015242486527028486,-0.20013153515898421,0.16177097951276198,-0.011181121460566126,-0.07302163711641074,-0.037746848582049373,0.08253169456917087,0.009426963241624179,-0.0058296787276517475,0.04460705602838966
MS,0.19155684582198396,0.8954405025661252,0.28535706776215664,-0.15330322258728804,-0.10359085489077988,-0.17371557105887472,0.0628763309307357,0.00894044949101247,-0.09219467725890752,0.15509787831936797,-0.025857767239877046,0.030846988074782433,-0.03808792041857295,-0.06540673737357165,0.006495864756551484
MT,0.8917894039678768,0.3329918198836462,-0.21563687918221042,-0.11174651890286898,0.1087838308413719,0.03427186115092271,0.1445545896260583,0.03652973195627284,-0.06478997042680458,0.02335583141840177,0.08125730457287539,-0.1026669347220231,-0.05916194171879458,0.027955412900865766,-0.06569332049373551
NC,0.6678061438913112,0.6615273114448389,0.22104885257987256,0.0798687970291425,-0.19537719968836037,0.07151645775556399,0.016379215073562537,0.09596646903422025,0.16463440471776636,0.06244637247694663,0.0312911089628478,0.0008386634549850214,0.01903905610464633,0.0006583949165785915,-0.07658373082363912
ND,0.8325203403121627,0.17485998154877797,-0.36717744310436373,-0.23288653586909447,0.23469785252366487,-0.20159422538397762,-0.07827963246226158,0.05790558951207169,-0.03874495394821315,0.0723213271767724,0.029501922506006185,0.06510756956010523,-0.036693020748744754,0.023047068905401952,-0.016248290630900643
NE-AL,0.8615778156407409,0.3367393927154195,0.04433222422160358,-0.12275855929337683,0.3387252185277771,0.04329820884968369,-0.16327588207982544,-0.05981065888516245,0.0006454465127013696,-0.0004762695974396821,-0.09645563851428564,-0.006801056319078428,-0.0013721764524443239,0.036387772679420206,0.026590578522441066
NH,0.8277015571298575,-0.3278293544858633,0.31068714783702095,0.25773418946608345,0.039899732316651185,-0.1239199105270739,0.07947242835220528,-0.12222623112928986,-0.08257257951077474,-0.1268836942042927,0.05520851372061705,0.06491492258844475,0.06017748037487324,-0.0474609011858745,-0.03036828380591782
NJ,0.7831404177293448,-0.5910365283454732,0.12795403781200107,0.05147171976623782,-0.11373129940715432,-0.1448532371340985,0.03446690601071542,-0.009895469937908415,0.04950607365857685,-0.022115904991792303,0.0038847123834718418,0.013234005879832264,-0.0039102761091325796,0.08450810097279696,0.07751704178532189
NM,0.9362750517167249,-0.03294936143381799,0.2919960581047881,-0.03681955494551395,0.030919392255862658,0.06057977861434734,-0.12518997529615122,0.0695927224364418,0.10132579317884684,-0.14785746797228078,0.06088359368835887,0.0015603821034128986,0.033018398918325545,0.0332372276199497,-0.06127326718284339
NV,0.9479871521502842,0.12204491926908079,0.20271505128637787,-0.14426292829325624,0.11646113647188414,-0.07525686484117314,0.05527954754922134,0.02853479723014138,-0.04304865760039737,-0.0143597484749962,0.07801973133854859,0.14063736627633888,-0.007412413504458089,0.0470686044566088,0.024624581767740926
NY,0.6951231902975202,-0.6839121887903891,0.07572904451390775,-0.011646999297979362,-0.05887897757048277,-0.2402091036880274,-0.09354516804572031,0.0013309060738585167,0.01602339164545463,-0.016647311268801306,-0.02481293065344906,-0.025608820261679783,-0.0343731336582134,0.0014285216729580095,0.06270280808762366
OH,0.9240330427224311,-0.21030477511636902,-0.1475536873641783,0.10504321744640387,-0.12244129166293587,0.13563658969782194,0.048266126242738086,-0.13538412336065708,-0.16355696959976648,0.022311111498369434,0.047051431078257704,-0.011620939704875348,-0.03517128181666434,0.0985588014517089,0.03555630233442887
OK,0.6668317191922799,0.7160131559852329,-0.1372791498535586,0.07172928342217615,-0.03132572666374607,0.09328492642158544,-0.10812435774646023,0.043732048779031994,0.052200737440154084,-0.0786336251059516,-0.07700890775744243,-0.01096121294463958,0.10290740190261796,-0.023811418763339927,0.05588056525599756
OR,0.8584478943269828,-0.40919723105780414,0.05370208090017085,-0.2017838295822738,0.04591467289929747,0.16888907029176373,-0.019268079629025353,-0.011690216154734126,0.12851621091090923,0.07214572151251568,0.15602713466947654,-0.020307023140887656,-0.025338457974294064,-0.04250338860474931,0.05995708580894418
PA,0.7379301296454732,-0.5651173995131707,-0.2289407165260163,0.06825339952081222,-0.24431452437554949,0.07033507530788512,0.1392881963060712,0.09766917699352268,-0.00911093103320397,0.05621369219235331,0.047195489538639716,-0.027602436389955503,-0.09565908423077867,-0.005956804318277726,0.021935939079160947
RI,0.6471071716575862,-0.6482358391551621,-0.18323774688474995,0.25960235524352065,-0.07416260836673408,-0.2412429458056522,0.051304333832989865,-0.026816209569693373,0.05287335664031984,-0.004211284514844371,-0.07573400141189932,-0.018214823828059352,0.04196038785681597,0.03280230205278921,-0.05847285174928909
SC,0.252827450735466,0.9070636245155709,0.28236439303083055,-0.03892441774692525,0.0383279135063123,-0.18154113851559037,-0.007236770007798472,-0.08411961609674039,-0.050252776468972436,0.10368325909338125,0.05479487962429339,-0.008655261353941486,-0.024686989175038032,-0.04223182530208968,0.018353652739830913
SD,0.7628329236500732,0.06277899256733964,-0.5036376605126534,-0.23051659940386313,0.28447190742762357,-0.03918522816124312,-0.1467735234187744,-0.02979901547648761,-0.05856375775512363,0.0008791882471139657,0.06712816598273776,0.13351010581738573,0.07643350153176431,-0.05345350051401144,-0.03644259668804173
TN,0.6296197737339565,0.7079312448706665,-0.15674787553823963,0.06382256364315837,-0.27524809416493673,-0.058597669272483624,-0.08442919558263962,0.012753686170015975,0.044791019644708135,0.01674534448203712,0.01881904165927454,0.004847714516889617,-0.045758184939014145,-0.06368398728076925,0.0699152963020401
TX,0.5872926686830061,0.786551019349804,0.14146795488375563,0.04101231559199933,0.06346813334887734,0.035223797117154794,0.02137763382653018,-0.10978946380093813,0.10813777573102078,-0.0001980191460793644,0.033606824033170696,-0.08461011639124005,0.0836683718025245,0.030779996697909002,-0.027719792531812573
UT,0.7054148474088794,0.5849894005994069,0.09068976899528454,0.05858199287019702,0.16497992000025527,-0.052354078882146535,0.3388987942196109,0.05771638875321926,0.022488374758340708,-0.04974964027665059,-0.0032196772334204147,-0.12972623764929758,0.017802489334501948,0.01243163489515462,0.019068942455237763
VA,0.6339859751383332,0.5704978818234837,0.5110745417308955,0.021976395674411085,0.01243883395732163,0.033672170130875645,-0.06406279596716634,-0.17766319697326685,0.06986673744815398,0.039839295539493474,0.0403827339972002,-0.02441114654781613,-0.0006748571882381127,0.02362357461872557,-0.02332326429731454
VT,0.4532771179577838,-0.8637530591852245,0.1997218569364214,-0.018834335593874443,-0.03795270304543153,-0.01737975288219431,-0.07513109742031066,-0.10786719016019584,0.0021737275806442756,0.02352532799472522,0.028592012159212574,-0.05016995152982409,-0.031230232754187598,-0.11114115283438986,-0.06645264983255299
WA,0.8742012614307962,-0.3866474833632689,0.0710755755431154,-0.19085678998147076,-0.09581314168088949,0.17285115930773806,0.13579686235358418,0.09414435059972563,0.02335422724809041,0.03615614528245457,-0.0002650386961632652,-0.03598284416539109,0.05813593871589977,-0.053439653496221075,0.03056925697763931
WI,0.8353532314827117,-0.3285472098352922,-0.24034802791522206,-0.29524341501852547,0.058009113032725074,-0.18627893793425523,-0.10336856480781036,0.033139986150898436,0.13631202445938453,0.06139766752604705,-0.01189142785086442,-0.05486661408606007,0.004820814976572965,0.06286286890177015,-0.01642201075405479
WV,0.5172247988202214,0.3918983655209117,-0.6340524927100334,0.33290382329120854,-0.2562174790029839,-0.03658343028141215,-0.08666023196940793,-0.00894203914533216,-0.03521428203536951,-0.0639563863098763,0.02799290793706436,-0.06482349279865905,-0.08801944240064295,0.0009475932047118064,0.008375822624634493
WY,0.7656595679307849,0.5169381700057496,-0.3549077642709879,0.0655497991315757,0.08301978819725338,0.040485854308997045,0.13984426692067106,0.042540968604256664,-0.10122595181661977,-0.04933623523547244,-0.004521325569844238,-0.03196492026330266,-0.0569113560951993,-0.04339370927091284,-0.01931652825306102
