year,PC1,PC2,PC3,PC4,PC5,PC6,PC7,PC8,PC9,PC10,PC11,PC12,PC13,PC14,PC15
1916,3.756499450551717,5.378783248875524,0.9737124176892952,-0.7042533047153587,1.4306306212426436,0.9742137556465238,0.5712691382891073,-1.4569732156631945,-1.559127512479174,0.08681269971038805,-0.886923523904145,-0.14847307299487306,-0.28805852995887204,0.08656865720786387,0.04488075640836679
1920,-7.234020667550319,6.716144816017849,2.7850654362081473,2.06206053534613,0.14176617127250274,1.274802276788523,-0.3618416206230915,-0.8768706284251706,-0.5233337784223996,-0.23931743298708102,0.6150175644496525,0.15845826083086997,-0.033276239868973934,0.04758087646826297,0.0817351432073416
1924,-6.511579683483433,7.68705567169448,2.3914482366380403,1.2551735761210852,0.6006625397447308,-0.5170975123048119,-1.5786964078559027,-0.359612395571388,1.0604686987995962,-0.25361060855153433,0.20298033886517963,-0.1348561531681981,0.051277277383671986,0.2021593269521422,-0.0005712627422553418
1928,-5.774104760587346,2.877859191735774,0.25096168892305615,0.023045065142750776,1.7201902452628686,-3.314403399381199,0.10634036659314985,0.5710362461277789,-0.3771832600729024,0.20117831298852612,-0.28355352841694886,-0.2573554053390754,-0.23371145099845428,-0.162792151666761,0.03257367213952257
1932,8.92666646455686,5.443713536158573,-0.7047162554164171,-2.3896003265721335,1.092309671168505,-0.348301498389384,-1.5535193298130838,0.17375765602684576,0.6310393104267173,0.07900040737444343,-0.30677903840988485,0.6861312329108857,0.3651021513460846,-0.26791179485804273,-0.044373002736795786
1936,10.695753694184475,4.406584350979086,-0.3227567961303586,-2.102487782726487,-0.16639146171531588,0.15147293651183097,0.5683532770158497,0.36610983428992433,0.27146562091563725,0.39406673714137297,0.5414200913772811,-0.24517346155313174,-0.4882005190618055,0.6841900120454757,0.5987817115714494
1940,5.135659009159731,4.447789462675782,1.2070084811616137,0.10734486794721379,-1.767963823955727,-0.34909379776472305,1.263899460270876,-0.3827103827805045,0.31495233633751707,0.10780242088257402,0.6266632501954553,-0.3295699955122352,0.013395497725594854,-0.4296796300357556,-0.22875511738366192
1944,3.492761149647791,3.589793096876427,0.8525715343179233,0.10417895907844864,-1.4350210932527228,-0.6321115766484059,1.3759451324741612,0.017912890055137274,-0.06979215912111385,0.23990330343071453,0.4353313325846046,-0.28353947824889997,0.477333705524545,-0.3820894029168339,-0.24167212992408588
1948,3.05428734350706,2.7879442443660576,-1.441084536418222,0.22298114088504553,-0.14494056464407098,0.7546604904925609,-0.02583790771915358,1.0053718035195758,0.03447256574993547,-1.1137242711613609,-0.6598368224562299,-0.4931423233000603,0.9149570636271791,0.3667177649144622,-0.511048419793303
1952,-4.469159090229498,1.897438527731142,-0.20070349704614296,1.4673638444987802,-1.3882439498554877,0.43321030813026296,0.6810306142543195,1.6304162874402262,-0.0874687313729183,-0.07329652326658201,-0.4541577731174786,0.0340491704613643,-0.027678914460948518,0.39282831629202397,0.3557318151644623
1956,-5.050136916614402,2.484988438017941,-1.04212371133618,-0.11995624748633398,0.3749395982415391,1.2482179213871443,-0.039730436466716444,2.1871610995287565,-0.4970517427506635,0.681278422082545,0.1895770961187463,0.6050849582918844,0.06678123545939918,-0.5868210477295152,0.23909804326560538
1960,-0.07895695517993351,-0.12455483726202066,-0.8900351559747401,0.7105141458119067,0.27131226331501995,-0.598818696264947,1.4474932349000174,0.4047434797079942,0.41130438224147875,-0.5156619793485387,-0.2298253399850391,0.7495378649028342,-0.9282144398834772,0.4343578530879903,-0.5188277664430484
1964,9.489226760848222,-4.023733346051901,-2.702168313255163,4.425885686345645,1.8309524603586869,0.2780612827563287,-0.35305114392624787,-0.11504114692372505,0.4465498536721638,0.11042587516866527,0.38779336994633806,-0.30265809426672025,-0.11450405848130368,0.019218934483910557,0.2413282025778758
1968,-0.7863228012659166,-1.5000818775579876,-2.1097914263890916,1.5080845430943186,0.22061231108924256,-0.5362541009422863,1.0212511602804337,-0.6194852455290242,-0.17978280561264848,0.9153558397542501,-0.6163421855595056,0.1453394307665568,0.5368676074651796,0.024191499034274342,0.02275487679519041
1972,-8.503336297359407,-2.3622669881717515,-3.3343765034109745,-1.8830407973791474,1.766710820726738,0.2646523484570576,1.40618065967931,-0.9070595860041978,0.20431036010192846,-0.2772402589661789,0.9638178303442436,0.3813226997551946,0.6466885202998385,0.2911427440564801,0.0395353191614989
1976,0.3608244625969509,0.5431416765437876,-2.366710666191005,-0.1469973878657983,-1.1534371876965093,0.3015381570287228,-0.7693453558586623,-0.831964056356315,0.30829092917630646,0.138305056925654,-0.20432921902461704,0.7577621382320148,-0.09667279045846634,0.017509481613941964,-0.16028790494389789
1980,-4.5682705062708315,-0.6184769198321342,-2.036003773163945,0.21827777158615735,-1.975309739363204,0.3256288435718446,-0.6228058588039674,-0.953603468593392,0.6005028421270954,1.0478030960694358,-0.533024245283737,-0.16730229946746844,-0.16542530098174837,0.02458440425429873,-0.12085969807006329
1984,-7.208312278336188,-1.4957987840368083,-1.8703249567263562,-1.7499592013734393,-0.58311748939377,0.2774001478159532,-0.44735861875155036,0.12635270241689064,0.10563687857885035,-0.028838213756107154,0.08278080569683251,-0.7852100887063058,-0.6332222724855034,0.1400802206756972,-0.20617146823237964
1988,-2.3508288205806256,-1.7435284925066319,-2.6368297202262023,-1.1512984069593344,0.7776646331889822,0.5058689382034154,-0.7608629991863006,0.14257834082960508,-0.08212161730237438,-0.008453563472500194,0.02889719866427875,-1.043103751324792,-0.04973375580805049,-0.3126675671105709,0.07932992992625926
1992,2.4676337223221214,-1.6177579853466935,-1.3596587809646705,0.23120820679896797,-0.06106753468012829,0.4993230518968786,-0.24256828537053937,0.028499166026064088,-0.17440960240909192,-0.8161959146461556,0.12896200588369963,0.17124055015921377,-0.7033324142819072,-0.7296751170910035,-0.029743073391461768
1996,3.1661493815130632,-2.799206266179902,-0.8599667818138905,0.5029716885382836,-0.9120101929539826,-1.0177159286667241,-0.46262203759580517,-0.2736796390016982,-0.6607152974862348,-0.5488251704682874,0.12667109472766472,-0.017412085517504984,0.2170378995143258,-0.2731184409613781,0.06326789351205973
2000,-0.5700178716124353,-3.7631514689112677,0.4604869630459068,-0.2263970145362031,-1.6136137552968803,-0.8088526454372672,-0.6404933641549505,-0.40735683776432385,-0.28287110538274984,-0.5818029151397095,-0.24930950312390063,0.2307602556410968,0.28154205587181547,0.33574820134937805,0.8051961596955213
2004,-1.2752052607362432,-4.07788168195286,0.6065883902462306,-0.6239178497790159,-0.9239894694247265,-0.40387676065785416,-0.1809706860787495,-0.3680611748721316,-0.349006906370801,-0.6914554821795379,0.15700034622390258,0.2949895327692753,-0.08786502035925155,-0.24511769133340197,0.13909312124266793
2008,3.0622260677294464,-4.802110092506971,1.7402023325371072,-0.18663842163605743,-0.037636416763644535,-0.05696283502959889,-1.1890623430247351,0.5776597132327951,-0.9596442217158692,0.403727605121127,0.5758499791600739,0.042818959864857814,-0.027467578704727845,0.5675232709348791,-0.6429087089447457
2012,1.1821279241513794,-5.094692331005926,2.2870497713381805,0.004154929245209324,0.016015267157045883,-0.1834713363470564,-0.8263158272876086,0.21528168846282159,-0.39186973131855174,0.7125714419850724,0.3567546959462326,0.20147352580406655,0.20394603244002393,0.174875829954396,-0.23577032329461323
2016,-0.4418730895108835,-4.649300647887024,3.571044765387623,-0.6077184553951428,0.5004891730487292,0.1871335064077431,0.5191111385264731,0.35924890859723535,0.43691986155341794,0.006965960192663487,-0.11901963147308026,-0.22143042803526494,0.14527320942611105,-0.02072232883461497,0.25750145073617503
2020,0.8241302302509647,-4.918064657363632,3.5613050042777696,-0.33300764721927745,0.6123953255161815,0.4347344279284055,0.5010055394693446,-0.04633258218123971,0.6607611740970525,-0.049653915568012255,-0.40808336005599094,0.013645912215539178,-0.01629423068571904,-0.19537193518756815,0.017489457734488182
2024,-0.7918206617023237,-4.670629885098913,3.1898058526924666,-0.617972116796212,0.8060915776627506,0.8560416948110606,0.5932025007640211,-0.20737945659534465,0.707703658039798,0.07287907068415685,-0.46833282937362847,-0.04338785517112192,-0.026544739604559997,-0.2033102856000278,-0.07730867723817142
