key,column,a_value,b_value,diff
FILENAMES,comparison,election_data/state_totals_by_year.csv,election_data/wikipedia/wikipedia_presidential_elections_combined.csv,N/A
1968|AL,D_votes,196389,196579,-190
1968|AL,R_votes,146284,146923,-639
1968|AL,T_votes,690731,706415,-15684
1968|AL,total_votes,1033404,1049917,-16513
1968|AR,D_votes,188228,184901,3327
1968|AR,R_votes,190759,189062,1697
1968|AR,T_votes,240982,235627,5355
1968|AR,total_votes,619969,609590,10379
1968|AZ,D_votes,170019,170514,-495
1968|AZ,R_votes,264806,266721,-1915
1968|AZ,T_votes,46352,49701,-3349
1968|AZ,total_votes,481177,486936,-5759
1968|CA,D_votes,3195551,3244318,-48767
1968|CA,R_votes,3379776,3467664,-87888
1968|CA,T_votes,481372,539605,-58233
1968|CA,total_votes,7056699,7251587,-194888
1968|CO,R_votes,409375,409345,30
1968|CO,T_votes,60813,66680,-5867
1968|CO,total_votes,805362,811199,-5837
1968|CT,T_votes,76650,77950,-1300
1968|CT,total_votes,1254932,1256232,-1300
1968|FL,D_votes,664193,676794,-12601
1968|FL,R_votes,863405,886804,-23399
1968|FL,T_votes,616015,624207,-8192
1968|FL,total_votes,2143613,2187805,-44192
1968|GA,D_votes,334237,334440,-203
1968|GA,R_votes,379663,380111,-448
1968|GA,T_votes,535368,535715,-347
1968|GA,total_votes,1249268,1250266,-998
1968|HI,D_votes,140060,141324,-1264
1968|HI,R_votes,89612,91425,-1813
1968|HI,T_votes,3108,3469,-361
1968|HI,total_votes,232780,236218,-3438
1968|IA,T_votes,66522,72126,-5604
1968|IA,total_votes,1162327,1167931,-5604
1968|IL,R_votes,2174844,2174774,70
1968|IL,T_votes,374077,405161,-31084
1968|IL,total_votes,4588735,4619749,-31014
1968|IN,T_votes,243108,249053,-5945
1968|IN,total_votes,2117652,2123597,-5945
1968|KS,D_votes,300893,302996,-2103
1968|KS,R_votes,475068,478674,-3606
1968|KS,T_votes,88121,91113,-2992
1968|KS,total_votes,864082,872783,-8701
1968|KY,T_votes,193098,195941,-2843
1968|KY,total_votes,1053050,1055893,-2843
1968|LA,D_votes,311609,309615,1994
1968|LA,R_votes,257277,257535,-258
1968|LA,total_votes,1099186,1097450,1736
1968|MA,D_votes,1468872,1469218,-346
1968|MA,R_votes,766445,766844,-399
1968|MA,T_votes,87979,95690,-7711
1968|MA,total_votes,2323296,2331752,-8456
1968|MD,D_votes,533583,538310,-4727
1968|MD,R_votes,512367,517995,-5628
1968|MD,T_votes,177950,178734,-784
1968|MD,total_votes,1223900,1235039,-11139
1968|MI,T_votes,331968,342503,-10535
1968|MI,total_votes,3295715,3306250,-10535
1968|MN,T_votes,68931,72129,-3198
1968|MN,total_votes,1585312,1588510,-3198
1968|MO,D_votes,783684,791444,-7760
1968|MO,R_votes,800764,811932,-11168
1968|MO,T_votes,204615,206126,-1511
1968|MO,total_votes,1789063,1809502,-20439
1968|MT,T_votes,20015,21452,-1437
1968|MT,total_votes,272967,274404,-1437
1968|NATIONAL,D_votes,31140118,31271839,-131721
1968|NATIONAL,R_votes,31563754,31783783,-220029
1968|NATIONAL,T_votes,9858083,10144376,-286293
1968|NATIONAL,total_votes,72561955,73199998,-638043
1968|ND,T_votes,14244,14444,-200
1968|ND,total_votes,247682,247882,-200
1968|NH,T_votes,11173,11806,-633
1968|NH,total_votes,296665,297298,-633
1968|NJ,D_votes,1263896,1264206,-310
1968|NJ,R_votes,1325130,1325467,-337
1968|NJ,T_votes,262165,285722,-23557
1968|NJ,total_votes,2851191,2875395,-24204
1968|NM,T_votes,25737,27508,-1771
1968|NM,total_votes,325510,327281,-1771
1968|NY,D_votes,3371127,3378470,-7343
1968|NY,R_votes,3001838,3007932,-6094
1968|NY,T_votes,359362,403664,-44302
1968|NY,total_votes,6732327,6790066,-57739
1968|OH,D_votes,1697877,1700586,-2709
1968|OH,R_votes,1786468,1791014,-4546
1968|OH,T_votes,466640,468098,-1458
1968|OH,total_votes,3950985,3959698,-8713
1968|OK,D_votes,300173,301658,-1485
1968|OK,R_votes,446031,449697,-3666
1968|OK,T_votes,190665,191731,-1066
1968|OK,total_votes,936869,943086,-6217
1968|OR,T_votes,49683,52323,-2640
1968|OR,total_votes,816982,819622,-2640
1968|PA,D_votes,2243792,2259405,-15613
1968|PA,R_votes,2076926,2090017,-13091
1968|PA,T_votes,376905,398506,-21601
1968|PA,total_votes,4697623,4747928,-50305
1968|RI,T_votes,15678,16123,-445
1968|RI,total_votes,384555,385000,-445
1968|SC,T_votes,215430,215434,-4
1968|SC,total_votes,666978,666982,-4
1968|TX,D_votes,1251082,1266804,-15722
1968|TX,R_votes,1192394,1227844,-35450
1968|TX,T_votes,575215,584758,-9543
1968|TX,total_votes,3018691,3079406,-60715
1968|UT,T_votes,26906,27175,-269
1968|UT,total_votes,422299,422568,-269
1968|VA,D_votes,442337,442387,-50
1968|VA,T_votes,321833,328785,-6952
1968|VA,total_votes,1354489,1361491,-7002
1968|WA,D_votes,600683,616037,-15354
1968|WA,R_votes,567029,588510,-21481
1968|WA,T_votes,94406,99734,-5328
1968|WA,total_votes,1262118,1304281,-42163
1968|WI,T_votes,127835,132737,-4902
1968|WI,total_votes,1686636,1691538,-4902
1972|AL,D_votes,254769,256923,-2154
1972|AL,R_votes,727034,728701,-1667
1972|AL,T_votes,0,20469,-20469
1972|AL,total_votes,981803,1006093,-24290
1972|AR,T_votes,0,3016,-3016
1972|AR,total_votes,644650,647666,-3016
1972|AZ,T_votes,0,52153,-52153
1972|AZ,total_votes,601352,653505,-52153
1972|CA,D_votes,3466510,3475847,-9337
1972|CA,R_votes,4590286,4602096,-11810
1972|CA,T_votes,0,289919,-289919
1972|CA,total_votes,8056796,8367862,-311066
1972|CO,D_votes,330071,329980,91
1972|CO,R_votes,597590,597189,401
1972|CO,T_votes,0,26715,-26715
1972|CO,total_votes,927661,953884,-26223
1972|FL,D_votes,712760,718117,-5357
1972|FL,R_votes,1845942,1857759,-11817
1972|FL,T_votes,0,7407,-7407
1972|FL,total_votes,2558702,2583283,-24581
1972|GA,T_votes,0,3747,-3747
1972|GA,total_votes,1171025,1174772,-3747
1972|IA,T_votes,0,23531,-23531
1972|IA,total_votes,1202413,1225944,-23531
1972|ID,T_votes,0,30169,-30169
1972|ID,total_votes,280210,310379,-30169
1972|IL,D_votes,1913961,1913472,489
1972|IL,R_votes,2750412,2788179,-37767
1972|IL,T_votes,0,21585,-21585
1972|IL,total_votes,4664373,4723236,-58863
1972|IN,D_votes,708838,708568,270
1972|IN,R_votes,1406397,1405154,1243
1972|IN,T_votes,0,11807,-11807
1972|IN,total_votes,2115235,2125529,-10294
1972|KS,D_votes,268021,270287,-2266
1972|KS,R_votes,612953,619812,-6859
1972|KS,T_votes,0,25996,-25996
1972|KS,total_votes,880974,916095,-35121
1972|KY,D_votes,371884,371159,725
1972|KY,R_votes,678262,676446,1816
1972|KY,T_votes,0,19894,-19894
1972|KY,total_votes,1050146,1067499,-17353
1972|LA,R_votes,687268,686852,416
1972|LA,T_votes,0,66497,-66497
1972|LA,total_votes,985410,1051491,-66081
1972|MA,R_votes,1112018,1112078,-60
1972|MA,T_votes,0,14138,-14138
1972|MA,total_votes,2444558,2458756,-14198
1972|MD,T_votes,0,18726,-18726
1972|MD,total_votes,1335086,1353812,-18726
1972|ME-01,T_votes,100,0,100
1972|ME-01,total_votes,220516,220416,100
1972|ME-02,T_votes,129,0,129
1972|ME-02,total_votes,196805,196676,129
1972|ME-AL,R_votes,256508,256458,50
1972|ME-AL,total_votes,417321,417271,50
1972|MI,D_votes,1436541,1459435,-22894
1972|MI,R_votes,1926772,1961721,-34949
1972|MI,T_votes,0,69169,-69169
1972|MI,total_votes,3363313,3490325,-127012
1972|MN,R_votes,898267,898269,-2
1972|MN,T_votes,0,41037,-41037
1972|MN,total_votes,1700613,1741652,-41039
1972|MO,D_votes,690610,698531,-7921
1972|MO,R_votes,1142011,1154058,-12047
1972|MO,total_votes,1832621,1852589,-19968
1972|MS,T_votes,0,14056,-14056
1972|MS,total_votes,631907,645963,-14056
1972|MT,T_votes,0,13430,-13430
1972|MT,total_votes,304173,317603,-13430
1972|NATIONAL,D_votes,29033563,29173222,-139659
1972|NATIONAL,R_votes,46928697,47168710,-240013
1972|NATIONAL,T_votes,71488,1402095,-1330607
1972|NATIONAL,total_votes,76033748,77744027,-1710279
1972|NC,D_votes,418725,438705,-19980
1972|NC,T_votes,0,25018,-25018
1972|NC,total_votes,1473614,1518612,-44998
1972|NH,T_votes,3900,3896,4
1972|NH,total_votes,334059,334055,4
1972|NJ,D_votes,1092788,1102211,-9423
1972|NJ,R_votes,1835319,1845502,-10183
1972|NJ,T_votes,0,49516,-49516
1972|NJ,total_votes,2928107,2997229,-69122
1972|NM,T_votes,0,9241,-9241
1972|NM,total_votes,376690,385931,-9241
1972|NY,D_votes,2948523,2951084,-2561
1972|NY,R_votes,4184177,4192778,-8601
1972|NY,T_votes,0,17968,-17968
1972|NY,total_votes,7132700,7161830,-29130
1972|OH,D_votes,1554631,1558889,-4258
1972|OH,R_votes,2430371,2441827,-11456
1972|OH,T_votes,0,94071,-94071
1972|OH,total_votes,3985002,4094787,-109785
1972|OK,D_votes,247018,247147,-129
1972|OK,R_votes,758513,759025,-512
1972|OK,T_votes,0,23728,-23728
1972|OK,total_votes,1005531,1029900,-24369
1972|OR,D_votes,392550,392760,-210
1972|OR,R_votes,486134,486686,-552
1972|OR,T_votes,0,48500,-48500
1972|OR,total_votes,878684,927946,-49262
1972|PA,D_votes,1789065,1796951,-7886
1972|PA,R_votes,2705721,2714521,-8800
1972|PA,T_votes,0,80633,-80633
1972|PA,total_votes,4494786,4592105,-97319
1972|RI,D_votes,193816,194645,-829
1972|RI,R_votes,220228,220383,-155
1972|RI,T_votes,0,780,-780
1972|RI,total_votes,414044,415808,-1764
1972|SC,D_votes,184559,189270,-4711
1972|SC,R_votes,477044,478427,-1383
1972|SC,T_votes,0,10183,-10183
1972|SC,total_votes,661603,677880,-16277
1972|SD,D_votes,138945,139945,-1000
1972|SD,total_votes,306415,307415,-1000
1972|TN,T_votes,0,30742,-30742
1972|TN,total_votes,1170440,1201182,-30742
1972|TX,D_votes,1114268,1154291,-40023
1972|TX,R_votes,2213771,2298896,-85125
1972|TX,T_votes,0,19527,-19527
1972|TX,total_votes,3328039,3472714,-144675
1972|UT,T_votes,0,28549,-28549
1972|UT,total_votes,449927,478476,-28549
1972|VA,R_votes,988533,988493,40
1972|VA,total_votes,1457059,1457019,40
1972|VT,T_votes,1594,1624,-30
1972|VT,total_votes,186917,186947,-30
1972|WA,D_votes,568039,568334,-295
1972|WA,R_votes,836901,837135,-234
1972|WA,T_votes,0,65378,-65378
1972|WA,total_votes,1404940,1470847,-65907
1972|WI,T_votes,0,53286,-53286
1972|WI,total_votes,1799604,1852890,-53286
1976|AL,D_votes,658466,659170,-704
1976|AL,R_votes,501998,504070,-2072
1976|AL,T_votes,0,19610,-19610
1976|AL,total_votes,1160464,1182850,-22386
1976|AZ,D_votes,294901,295602,-701
1976|AZ,R_votes,418079,418642,-563
1976|AZ,T_votes,0,28475,-28475
1976|AZ,total_votes,712980,742719,-29739
1976|CA,D_votes,3721672,3742284,-20612
1976|CA,R_votes,3861286,3882244,-20958
1976|CA,T_votes,0,242589,-242589
1976|CA,total_votes,7582958,7867117,-284159
1976|CO,D_votes,454419,460353,-5934
1976|CO,R_votes,574577,584367,-9790
1976|CO,T_votes,0,36415,-36415
1976|CO,total_votes,1028996,1081135,-52139
1976|CT,T_votes,19199,14370,4829
1976|CT,total_votes,1386355,1381526,4829
1976|DE,T_votes,3082,3407,-325
1976|DE,total_votes,235509,235834,-325
1976|FL,D_votes,1598398,1636000,-37602
1976|FL,R_votes,1422405,1469531,-47126
1976|FL,T_votes,0,45100,-45100
1976|FL,total_votes,3020803,3150631,-129828
1976|GA,T_votes,0,4306,-4306
1976|GA,total_votes,1463152,1467458,-4306
1976|HI,D_votes,147355,147375,-20
1976|HI,T_votes,0,3923,-3923
1976|HI,total_votes,287358,291301,-3943
1976|IA,R_votes,632858,632863,-5
1976|IA,T_votes,0,26512,-26512
1976|IA,total_votes,1252789,1279306,-26517
1976|ID,T_votes,0,10232,-10232
1976|ID,total_votes,330700,340932,-10232
1976|IL,D_votes,2253772,2271295,-17523
1976|IL,R_votes,2345920,2364269,-18349
1976|IL,T_votes,0,83269,-83269
1976|IL,total_votes,4599692,4718833,-119141
1976|IN,D_votes,1008576,1014714,-6138
1976|IN,R_votes,1169019,1183958,-14939
1976|IN,T_votes,0,21690,-21690
1976|IN,total_votes,2177595,2220362,-42767
1976|KS,D_votes,427755,430421,-2666
1976|KS,R_votes,499482,502752,-3270
1976|KS,T_votes,0,24672,-24672
1976|KS,total_votes,927237,957845,-30608
1976|KY,D_votes,615323,615717,-394
1976|KY,R_votes,530550,531852,-1302
1976|KY,T_votes,0,19573,-19573
1976|KY,total_votes,1145873,1167142,-21269
1976|LA,D_votes,661328,661365,-37
1976|LA,R_votes,587020,587446,-426
1976|LA,T_votes,0,29628,-29628
1976|LA,total_votes,1248348,1278439,-30091
1976|MA,D_votes,1429525,1429475,50
1976|MA,T_votes,87771,87806,-35
1976|MA,total_votes,2547572,2547557,15
1976|MD,D_votes,759608,759612,-4
1976|MD,total_votes,1432269,1432273,-4
1976|ME-01,T_votes,1281,0,1281
1976|ME-01,total_votes,251898,250617,1281
1976|ME-02,T_votes,2214,0,2214
1976|ME-02,total_votes,220196,217982,2214
1976|ME-AL,T_votes,3495,14609,-11114
1976|ME-AL,total_votes,472094,483208,-11114
1976|MI,D_votes,1662669,1696714,-34045
1976|MI,R_votes,1866485,1893742,-27257
1976|MI,T_votes,0,63293,-63293
1976|MI,total_votes,3529154,3653749,-124595
1976|MN,R_votes,818795,819395,-600
1976|MN,T_votes,0,60096,-60096
1976|MN,total_votes,1889235,1949931,-60696
1976|MO,D_votes,993484,998387,-4903
1976|MO,R_votes,925023,927443,-2420
1976|MO,T_votes,0,27770,-27770
1976|MO,total_votes,1918507,1953600,-35093
1976|MS,R_votes,367025,366846,179
1976|MS,T_votes,21209,21205,4
1976|MS,total_votes,769543,769360,183
1976|NATIONAL,D_votes,40663161,40831881,-168720
1976|NATIONAL,R_votes,38910037,39148634,-238597
1976|NATIONAL,T_votes,264378,1551069,-1286691
1976|NATIONAL,total_votes,79837576,81531584,-1694008
1976|NC,T_votes,0,8581,-8581
1976|NC,total_votes,1669325,1677906,-8581
1976|ND,T_votes,7218,7546,-328
1976|ND,total_votes,296766,297094,-328
1976|NH,T_votes,6044,6048,-4
1976|NH,total_votes,339614,339618,-4
1976|NJ,D_votes,1444793,1444653,140
1976|NJ,R_votes,1509501,1509688,-187
1976|NJ,T_votes,0,60131,-60131
1976|NJ,total_votes,2954294,3014472,-60178
1976|NY,D_votes,3395557,3389558,5999
1976|NY,R_votes,3090789,3100791,-10002
1976|NY,T_votes,0,34876,-34876
1976|NY,total_votes,6486346,6525225,-38879
1976|OH,D_votes,1993466,2011621,-18155
1976|OH,R_votes,1967268,2000505,-33237
1976|OH,T_votes,0,99747,-99747
1976|OH,total_votes,3960734,4111873,-151139
1976|OK,D_votes,530412,532442,-2030
1976|OK,R_votes,541131,545708,-4577
1976|OK,T_votes,0,14101,-14101
1976|OK,total_votes,1071543,1092251,-20708
1976|OR,R_votes,492088,492120,-32
1976|OR,T_votes,0,47349,-47349
1976|OR,total_votes,982495,1029876,-47381
1976|PA,D_votes,2327090,2328677,-1587
1976|PA,R_votes,2203053,2205604,-2551
1976|PA,T_votes,0,86506,-86506
1976|PA,total_votes,4530143,4620787,-90644
1976|RI,D_votes,226399,227636,-1237
1976|RI,R_votes,180763,181249,-486
1976|RI,T_votes,0,2285,-2285
1976|RI,total_votes,407162,411170,-4008
1976|SC,D_votes,450807,450825,-18
1976|SC,R_votes,346149,346140,9
1976|SC,T_votes,0,5629,-5629
1976|SC,total_votes,796956,802594,-5638
1976|TN,D_votes,825877,825879,-2
1976|TN,T_votes,0,16498,-16498
1976|TN,total_votes,1459846,1476346,-16500
1976|TX,D_votes,2064973,2082319,-17346
1976|TX,R_votes,1914723,1953300,-38577
1976|TX,T_votes,0,36265,-36265
1976|TX,total_votes,3979696,4071884,-92188
1976|VA,D_votes,810705,813896,-3191
1976|VA,total_votes,1693903,1697094,-3191
1976|VT,T_votes,725,4726,-4001
1976|VT,total_votes,183854,187855,-4001
1976|WA,D_votes,717313,717323,-10
1976|WA,R_votes,777707,777732,-25
1976|WA,T_votes,0,60479,-60479
1976|WA,total_votes,1495020,1555534,-60514
1976|WI,T_votes,0,56117,-56117
1976|WI,total_votes,2045219,2101336,-56117
1976|WV,D_votes,435864,435914,-50
1976|WV,R_votes,314726,314760,-34
1976|WV,total_votes,750590,750674,-84
1980|AL,D_votes,635696,636730,-1034
1980|AL,R_votes,651377,654192,-2815
1980|AL,T_votes,16440,51007,-34567
1980|AL,total_votes,1303513,1341929,-38416
1980|AZ,D_votes,247310,246843,467
1980|AZ,R_votes,529071,529688,-617
1980|AZ,T_votes,76363,97414,-21051
1980|AZ,total_votes,852744,873945,-21201
1980|CA,D_votes,3083195,3083661,-466
1980|CA,R_votes,4523474,4524858,-1384
1980|CA,T_votes,740298,978544,-238246
1980|CA,total_votes,8346967,8587063,-240096
1980|CO,D_votes,365888,367973,-2085
1980|CO,R_votes,646293,652264,-5971
1980|CO,T_votes,129943,164178,-34235
1980|CO,total_votes,1142124,1184415,-42291
1980|FL,D_votes,1424667,1419475,5192
1980|FL,R_votes,2008306,2046951,-38645
1980|FL,T_votes,183626,220600,-36974
1980|FL,total_votes,3616599,3687026,-70427
1980|GA,D_votes,928678,890733,37945
1980|GA,R_votes,674280,654168,20112
1980|GA,T_votes,37062,52566,-15504
1980|GA,total_votes,1640020,1597467,42553
1980|IA,D_votes,513672,508672,5000
1980|IA,T_votes,115633,132963,-17330
1980|IA,total_votes,1305331,1317661,-12330
1980|ID,T_votes,27058,36540,-9482
1980|ID,total_votes,427949,437431,-9482
1980|IL,D_votes,2038657,1981413,57244
1980|IL,R_votes,2511462,2358049,153413
1980|IL,T_votes,359840,410259,-50419
1980|IL,total_votes,4909959,4749721,160238
1980|IN,D_votes,862635,844197,18438
1980|IN,R_votes,1300321,1255656,44665
1980|IN,T_votes,115555,142180,-26625
1980|IN,total_votes,2278511,2242033,36478
1980|KS,D_votes,330130,326150,3980
1980|KS,R_votes,574567,566812,7755
1980|KS,T_votes,69000,86833,-17833
1980|KS,total_votes,973697,979795,-6098
1980|KY,D_votes,616197,616417,-220
1980|KY,R_votes,634861,635274,-413
1980|KY,T_votes,31078,42936,-11858
1980|KY,total_votes,1282136,1294627,-12491
1980|LA,D_votes,705431,708453,-3022
1980|LA,R_votes,795502,792853,2649
1980|LA,T_votes,26345,47285,-20940
1980|LA,total_votes,1527278,1548591,-21313
1980|MA,D_votes,1053812,1053802,10
1980|MA,total_votes,2524308,2524298,10
1980|ME-01,T_votes,36321,30889,5432
1980|ME-01,total_votes,280208,274776,5432
1980|ME-02,T_votes,26603,22438,4165
1980|ME-02,total_votes,242212,238047,4165
1980|ME-AL,T_votes,62924,63515,-591
1980|ME-AL,total_votes,522420,523011,-591
1980|MI,D_votes,1609419,1661532,-52113
1980|MI,R_votes,1887686,1915225,-27539
1980|MI,T_votes,271663,332968,-61305
1980|MI,total_votes,3768768,3909725,-140957
1980|MN,D_votes,937003,954174,-17171
1980|MN,R_votes,870478,873241,-2763
1980|MN,T_votes,174990,224538,-49548
1980|MN,total_votes,1982471,2051953,-69482
1980|MO,D_votes,928363,931182,-2819
1980|MO,R_votes,1068028,1074181,-6153
1980|MO,T_votes,77447,94461,-17014
1980|MO,total_votes,2073838,2099824,-25986
1980|NATIONAL,D_votes,35461589,35480115,-18526
1980|NATIONAL,R_votes,43906479,43903230,3249
1980|NATIONAL,T_votes,5951663,7126333,-1174670
1980|NATIONAL,total_votes,85319731,86509678,-1189947
1980|NC,D_votes,875628,875635,-7
1980|NC,R_votes,915017,915018,-1
1980|NC,T_votes,52800,65180,-12380
1980|NC,total_votes,1843445,1855833,-12388
1980|NE-AL,D_votes,166424,166851,-427
1980|NE-AL,R_votes,419214,419937,-723
1980|NE-AL,total_votes,639704,640854,-1150
1980|NH,T_votes,53362,53430,-68
1980|NH,total_votes,383931,383999,-68
1980|NJ,D_votes,1148060,1147364,696
1980|NJ,R_votes,1547201,1546557,644
1980|NJ,T_votes,234643,281763,-47120
1980|NJ,total_votes,2929904,2975684,-45780
1980|NM,D_votes,167820,167826,-6
1980|NM,total_votes,456231,456237,-6
1980|NY,D_votes,2719555,2728372,-8817
1980|NY,R_votes,2910931,2893831,17100
1980|NY,T_votes,467177,579756,-112579
1980|NY,total_votes,6097663,6201959,-104296
1980|OH,D_votes,1719409,1752414,-33005
1980|OH,R_votes,2154599,2206545,-51946
1980|OH,T_votes,248835,324644,-75809
1980|OH,total_votes,4122843,4283603,-160760
1980|OK,D_votes,400313,402026,-1713
1980|OK,R_votes,680220,695570,-15350
1980|OK,T_votes,32596,52112,-19516
1980|OK,total_votes,1113129,1149708,-36579
1980|OR,D_votes,456879,456890,-11
1980|OR,R_votes,571037,571044,-7
1980|OR,T_votes,112388,153582,-41194
1980|OR,total_votes,1140304,1181516,-41212
1980|PA,D_votes,1931421,1937540,-6119
1980|PA,R_votes,2255862,2261872,-6010
1980|PA,T_votes,289668,362089,-72421
1980|PA,total_votes,4476951,4561501,-84550
1980|RI,D_votes,197095,198342,-1247
1980|RI,R_votes,154477,154793,-316
1980|RI,T_votes,59366,62937,-3571
1980|RI,total_votes,410938,416072,-5134
1980|SC,D_votes,427559,427560,-1
1980|SC,R_votes,441206,441207,-1
1980|SC,T_votes,21340,21316,24
1980|SC,total_votes,890105,890083,22
1980|TN,D_votes,783101,783051,50
1980|TN,R_votes,792756,787761,4995
1980|TN,total_votes,1622661,1617616,5045
1980|TX,D_votes,1865877,1881147,-15270
1980|TX,R_votes,2425075,2510705,-85630
1980|TX,T_votes,107290,149785,-42495
1980|TX,total_votes,4398242,4541637,-143395
1980|VA,D_votes,752179,752174,5
1980|VA,total_votes,1866037,1866032,5
1980|WA,T_votes,185073,226957,-41884
1980|WA,total_votes,1700510,1742394,-41884
1980|WI,D_votes,979584,981584,-2000
1980|WI,R_votes,1087045,1088845,-1800
1980|WI,T_votes,160657,202792,-42135
1980|WI,total_votes,2227286,2273221,-45935
1984|AL,T_votes,0,16965,-16965
1984|AL,total_votes,1424748,1441713,-16965
1984|AR,T_votes,0,10986,-10986
1984|AR,total_votes,873420,884406,-10986
1984|AZ,T_votes,0,10627,-10627
1984|AZ,total_votes,1015270,1025897,-10627
1984|CA,D_votes,3922495,3922519,-24
1984|CA,R_votes,5466977,5467009,-32
1984|CA,T_votes,0,115895,-115895
1984|CA,total_votes,9389472,9505423,-115951
1984|CO,D_votes,444564,454974,-10410
1984|CO,R_votes,797340,821818,-24478
1984|CO,T_votes,0,18589,-18589
1984|CO,total_votes,1241904,1295381,-53477
1984|FL,D_votes,1439282,1448816,-9534
1984|FL,R_votes,2712061,2730350,-18289
1984|FL,T_votes,0,885,-885
1984|FL,total_votes,4151343,4180051,-28708
1984|GA,R_votes,1128722,1068722,60000
1984|GA,T_votes,0,743,-743
1984|GA,total_votes,1835350,1776093,59257
1984|HI,D_votes,147153,147154,-1
1984|HI,total_votes,335845,335846,-1
1984|ID,T_votes,0,5111,-5111
1984|ID,total_votes,406033,411144,-5111
1984|IL,D_votes,2167082,2086499,80583
1984|IL,R_votes,2536919,2707103,-170184
1984|IL,T_votes,0,25486,-25486
1984|IL,total_votes,4704001,4819088,-115087
1984|IN,T_votes,0,14358,-14358
1984|IN,total_votes,2218711,2233069,-14358
1984|KS,T_votes,9437,11546,-2109
1984|KS,total_votes,1019882,1021991,-2109
1984|KY,D_votes,536640,539589,-2949
1984|KY,R_votes,815345,822782,-7437
1984|KY,T_votes,0,8090,-8090
1984|KY,total_votes,1351985,1370461,-18476
1984|LA,D_votes,651593,651586,7
1984|LA,R_votes,1037301,1037299,2
1984|LA,T_votes,0,17937,-17937
1984|LA,total_votes,1688894,1706822,-17928
1984|ME-01,T_votes,1057,0,1057
1984|ME-01,total_votes,293979,292922,1057
1984|ME-02,T_votes,1072,0,1072
1984|ME-02,total_votes,259165,258093,1072
1984|MI,D_votes,1529738,1529638,100
1984|MI,R_votes,2251481,2251571,-90
1984|MI,T_votes,0,20449,-20449
1984|MI,total_votes,3781219,3801658,-20439
1984|MN,D_votes,1036104,1036364,-260
1984|MN,R_votes,1032178,1032603,-425
1984|MN,T_votes,0,15482,-15482
1984|MN,total_votes,2068282,2084449,-16167
1984|MS,D_votes,353248,352192,1056
1984|MS,R_votes,582327,581477,850
1984|MS,T_votes,0,6523,-6523
1984|MS,total_votes,935575,940192,-4617
1984|NATIONAL,D_votes,37655760,37577352,78408
1984|NATIONAL,R_votes,54337178,54455472,-118294
1984|NATIONAL,T_votes,107553,620409,-512856
1984|NATIONAL,total_votes,92100491,92653233,-552742
1984|NC,D_votes,823995,824287,-292
1984|NC,R_votes,1345495,1346481,-986
1984|NC,T_votes,0,4593,-4593
1984|NC,total_votes,2169490,2175361,-5871
1984|NE-AL,T_votes,0,4170,-4170
1984|NE-AL,total_votes,647920,652090,-4170
1984|NJ,D_votes,1260798,1261323,-525
1984|NJ,R_votes,1932727,1933630,-903
1984|NJ,T_votes,0,22909,-22909
1984|NJ,total_votes,3193525,3217862,-24337
1984|NV,T_votes,0,6242,-6242
1984|NV,total_votes,280425,286667,-6242
1984|NY,D_votes,3157349,3119609,37740
1984|NY,R_votes,3708344,3664763,43581
1984|NY,T_votes,0,22438,-22438
1984|NY,total_votes,6865693,6806810,58883
1984|OH,D_votes,1825350,1825440,-90
1984|OH,R_votes,2678559,2678560,-1
1984|OH,T_votes,0,43619,-43619
1984|OH,total_votes,4503909,4547619,-43710
1984|OK,D_votes,384900,385080,-180
1984|OK,T_votes,0,9066,-9066
1984|OK,total_votes,1246430,1255676,-9246
1984|OR,D_votes,536383,536479,-96
1984|OR,R_votes,685540,685700,-160
1984|OR,T_votes,0,4348,-4348
1984|OR,total_votes,1221923,1226527,-4604
1984|PA,D_votes,2212533,2228131,-15598
1984|PA,R_votes,2584289,2584323,-34
1984|PA,T_votes,0,32449,-32449
1984|PA,total_votes,4796822,4844903,-48081
1984|RI,T_votes,0,1306,-1306
1984|RI,total_votes,409186,410492,-1306
1984|SC,D_votes,344459,344470,-11
1984|SC,T_votes,0,8531,-8531
1984|SC,total_votes,959998,968540,-8542
1984|TN,T_votes,10068,10067,1
1984|TN,total_votes,1711994,1711993,1
1984|TX,D_votes,1948276,1949276,-1000
1984|TX,R_votes,3433935,3433428,507
1984|TX,T_votes,0,14867,-14867
1984|TX,total_votes,5382211,5397571,-15360
1984|UT,T_votes,0,5182,-5182
1984|UT,total_votes,624474,629656,-5182
1984|WA,T_votes,0,24888,-24888
1984|WA,total_votes,1859022,1883910,-24888
1984|WI,D_votes,995739,995847,-108
1984|WI,R_votes,1198585,1198800,-215
1984|WI,T_votes,0,17369,-17369
1984|WI,total_votes,2194324,2212016,-17692
1984|WV,T_votes,1489,2134,-645
1984|WV,total_votes,735097,735742,-645
1988|AL,T_votes,0,13394,-13394
1988|AL,total_votes,1365082,1378476,-13394
1988|AR,T_votes,10604,11923,-1319
1988|AR,total_votes,826419,827738,-1319
1988|AZ,T_votes,0,15303,-15303
1988|AZ,total_votes,1156570,1171873,-15303
1988|CA,T_votes,0,129914,-129914
1988|CA,total_votes,9757150,9887064,-129914
1988|CO,T_votes,0,22764,-22764
1988|CO,total_votes,1349630,1372394,-22764
1988|CT,T_votes,16562,16569,-7
1988|CT,total_votes,1443387,1443394,-7
1988|FL,T_votes,0,26727,-26727
1988|FL,total_votes,4275586,4302313,-26727
1988|GA,T_votes,0,13549,-13549
1988|GA,total_votes,1796123,1809672,-13549
1988|ID,T_votes,0,7815,-7815
1988|ID,total_votes,401153,408968,-7815
1988|IL,R_votes,2310899,2310939,-40
1988|IL,T_votes,0,32241,-32241
1988|IL,total_votes,4526839,4559120,-32281
1988|IN,D_votes,860780,860643,137
1988|IN,R_votes,1297838,1297763,75
1988|IN,T_votes,0,10215,-10215
1988|IN,total_votes,2158618,2168621,-10003
1988|KY,T_votes,0,7868,-7868
1988|KY,total_votes,1314649,1322517,-7868
1988|LA,D_votes,717430,734281,-16851
1988|LA,T_votes,0,10219,-10219
1988|LA,total_votes,1601132,1628202,-27070
1988|MA,R_votes,1195644,1194644,1000
1988|MA,T_votes,36751,36755,-4
1988|MA,total_votes,2633801,2632805,996
1988|ME-01,T_votes,2392,0,2392
1988|ME-01,total_votes,302762,300370,2392
1988|ME-02,T_votes,1943,0,1943
1988|ME-02,total_votes,252273,250330,1943
1988|MI,T_votes,0,27894,-27894
1988|MI,total_votes,3641269,3669163,-27894
1988|MN,R_votes,952337,962337,-10000
1988|MN,T_votes,0,24982,-24982
1988|MN,total_votes,2061808,2096790,-34982
1988|MO,T_votes,0,6656,-6656
1988|MO,total_votes,2086572,2093228,-6656
1988|MS,R_votes,557518,557890,-372
1988|MS,T_votes,0,9716,-9716
1988|MS,total_votes,921439,931527,-10088
1988|MT,D_votes,168956,168936,20
1988|MT,total_votes,365694,365674,20
1988|NATIONAL,D_votes,41838813,41809476,29337
1988|NATIONAL,R_votes,48877457,48886597,-9140
1988|NATIONAL,T_votes,191362,898613,-707251
1988|NATIONAL,total_votes,90907632,91594686,-687054
1988|NC,T_votes,0,6945,-6945
1988|NC,total_votes,2127425,2134370,-6945
1988|NE-AL,D_votes,259235,259646,-411
1988|NE-AL,R_votes,397956,398447,-491
1988|NE-AL,T_votes,0,4279,-4279
1988|NE-AL,total_votes,657191,662372,-5181
1988|NJ,D_votes,1320716,1320352,364
1988|NJ,R_votes,1743175,1743192,-17
1988|NJ,T_votes,7362,36009,-28647
1988|NJ,total_votes,3071253,3099553,-28300
1988|NM,T_votes,0,6449,-6449
1988|NM,total_votes,514838,521287,-6449
1988|NY,D_votes,3349098,3347882,1216
1988|NY,R_votes,3082576,3081871,705
1988|NY,T_votes,0,55930,-55930
1988|NY,total_votes,6431674,6485683,-54009
1988|OH,T_votes,0,37521,-37521
1988|OH,total_votes,4356178,4393699,-37521
1988|OK,T_votes,0,9246,-9246
1988|OK,total_votes,1161790,1171036,-9246
1988|OR,T_votes,0,25362,-25362
1988|OR,total_votes,1176332,1201694,-25362
1988|PA,D_votes,2222355,2194944,27411
1988|PA,T_votes,0,41220,-41220
1988|PA,total_votes,4522442,4536251,-13809
1988|RI,T_votes,0,1736,-1736
1988|RI,total_votes,402884,404620,-1736
1988|SC,T_votes,0,9012,-9012
1988|SC,total_votes,976997,986009,-9012
1988|TN,T_votes,0,9223,-9223
1988|TN,total_votes,1627027,1636250,-9223
1988|TX,T_votes,0,37833,-37833
1988|TX,total_votes,5389577,5427410,-37833
1988|UT,T_votes,0,11223,-11223
1988|UT,total_votes,635785,647008,-11223
1988|VA,D_votes,860429,859799,630
1988|VA,total_votes,2192239,2191609,630
1988|WA,T_votes,0,27902,-27902
1988|WA,total_votes,1837351,1865253,-27902
1988|WI,T_votes,0,17315,-17315
1988|WI,total_votes,2174293,2191608,-17315
1992|AL,T_votes,183109,193697,-10588
1992|AL,total_votes,1677472,1688060,-10588
1992|AR,T_votes,105751,107506,-1755
1992|AR,total_votes,948898,950653,-1755
1992|AZ,T_votes,353741,371839,-18098
1992|AZ,total_votes,1468877,1486975,-18098
1992|CA,D_votes,5111203,5121325,-10122
1992|CA,R_votes,3623053,3630574,-7521
1992|CA,T_votes,2372294,2379822,-7528
1992|CA,total_votes,11106550,11131721,-25171
1992|CO,T_votes,366010,376649,-10639
1992|CO,total_votes,1558541,1569180,-10639
1992|DE,D_votes,126054,126055,-1
1992|DE,T_votes,61368,61367,1
1992|FL,D_votes,2071651,2072798,-1147
1992|FL,R_votes,2171781,2173310,-1529
1992|FL,T_votes,1052481,1068284,-15803
1992|FL,total_votes,5295913,5314392,-18479
1992|GA,T_votes,309477,316907,-7430
1992|GA,total_votes,2313695,2321125,-7430
1992|IA,T_votes,262214,263363,-1149
1992|IA,total_votes,1353458,1354607,-1149
1992|ID,T_votes,142456,142484,-28
1992|ID,total_votes,482114,482142,-28
1992|IL,D_votes,2457602,2453350,4252
1992|IL,R_votes,1729844,1734096,-4252
1992|IL,T_votes,840515,862711,-22196
1992|IL,total_votes,5027961,5050157,-22196
1992|IN,T_votes,455934,468076,-12142
1992|IN,total_votes,2293729,2305871,-12142
1992|KS,D_votes,389388,390434,-1046
1992|KS,R_votes,449096,449951,-855
1992|KS,T_votes,316363,316851,-488
1992|KS,total_votes,1154847,1157236,-2389
1992|KY,T_votes,203944,210618,-6674
1992|KY,total_votes,1486226,1492900,-6674
1992|LA,T_votes,240404,240660,-256
1992|LA,total_votes,1789761,1790017,-256
1992|MA,T_votes,647911,649986,-2075
1992|MA,total_votes,2771589,2773664,-2075
1992|MD,T_votes,288988,289381,-393
1992|MD,total_votes,1984653,1985046,-393
1992|ME-01,T_votes,104312,102828,1484
1992|ME-01,total_votes,365200,363716,1484
1992|ME-02,T_votes,105263,103992,1271
1992|ME-02,total_votes,314299,313028,1271
1992|MI,T_votes,824813,848551,-23738
1992|MI,total_votes,4250935,4274673,-23738
1992|MN,T_votes,562506,579109,-16603
1992|MN,total_votes,2331344,2347947,-16603
1992|MO,T_votes,518741,526533,-7792
1992|MO,total_votes,2383773,2391565,-7792
1992|MS,T_votes,85626,93742,-8116
1992|MS,total_votes,973677,981793,-8116
1992|NATIONAL,D_votes,44901820,44909889,-8069
1992|NATIONAL,R_votes,39095543,39104545,-9002
1992|NATIONAL,T_votes,20000572,20412225,-411653
1992|NATIONAL,total_votes,103997935,104426659,-428724
1992|NC,T_votes,357864,363147,-5283
1992|NC,total_votes,2606567,2611850,-5283
1992|NE-01,D_votes,80938,80696,242
1992|NE-01,R_votes,107360,107081,279
1992|NE-01,T_votes,61227,59974,1253
1992|NE-01,total_votes,249525,247751,1774
1992|NE-02,D_votes,78816,78701,115
1992|NE-02,R_votes,115380,115255,125
1992|NE-02,T_votes,49686,48657,1029
1992|NE-02,total_votes,243882,242613,1269
1992|NE-03,D_votes,57590,57467,123
1992|NE-03,R_votes,121606,121342,264
1992|NE-03,T_votes,66675,65473,1202
1992|NE-03,total_votes,245871,244282,1589
1992|NE-AL,T_votes,177588,177593,-5
1992|NE-AL,total_votes,739278,739283,-5
1992|NH,T_votes,125691,126421,-730
1992|NH,total_votes,537215,537945,-730
1992|NJ,T_votes,521829,550523,-28694
1992|NJ,total_votes,3314900,3343594,-28694
1992|NM,T_votes,91895,95545,-3650
1992|NM,total_votes,566336,569986,-3650
1992|NV,T_votes,132580,141342,-8762
1992|NV,total_votes,497556,506318,-8762
1992|NY,R_votes,2351808,2346649,5159
1992|NY,T_votes,1085562,1135834,-50272
1992|NY,total_votes,6881820,6926933,-45113
1992|OH,T_votes,1036426,1060712,-24286
1992|OH,total_votes,4915678,4939964,-24286
1992|OK,T_votes,319878,324364,-4486
1992|OK,total_votes,1385873,1390359,-4486
1992|OR,T_votes,354091,365572,-11481
1992|OR,total_votes,1451162,1462643,-11481
1992|PA,T_votes,902667,928805,-26138
1992|PA,total_votes,4933672,4959810,-26138
1992|RI,D_votes,213299,213302,-3
1992|RI,T_votes,107033,108575,-1542
1992|RI,total_votes,451933,453478,-1545
1992|SC,R_votes,577508,577507,1
1992|SC,T_votes,138782,145506,-6724
1992|SC,total_votes,1195804,1202527,-6723
1992|TN,T_votes,199968,207817,-7849
1992|TN,total_votes,1974789,1982638,-7849
1992|TX,T_votes,1354781,1376132,-21351
1992|TX,total_votes,6132667,6154018,-21351
1992|UT,T_votes,238008,237938,70
1992|UT,total_votes,744069,743999,70
1992|WA,D_votes,993037,993039,-2
1992|WA,R_votes,731234,731235,-1
1992|WA,T_votes,541780,563954,-22174
1992|WA,total_votes,2266051,2288228,-22177
1992|WI,T_votes,544479,559193,-14714
1992|WI,total_votes,2516400,2531114,-14714
1992|WY,T_votes,53118,53080,38
1992|WY,total_votes,200625,200587,38
1996|AL,D_votes,662066,662165,-99
1996|AL,R_votes,768826,769044,-218
1996|AL,T_votes,92628,103140,-10512
1996|AL,total_votes,1523520,1534349,-10829
1996|AR,T_votes,81994,83675,-1681
1996|AR,total_votes,882581,884262,-1681
1996|AZ,T_votes,112074,129044,-16970
1996|AZ,total_votes,1387435,1404405,-16970
1996|CA,D_votes,5119815,5119835,-20
1996|CA,R_votes,3828368,3828380,-12
1996|CA,T_votes,1070454,1071269,-815
1996|CA,total_votes,10018637,10019484,-847
1996|CO,D_votes,671150,671152,-2
1996|CO,R_votes,691846,691848,-2
1996|CO,T_votes,145274,147704,-2430
1996|CO,total_votes,1508270,1510704,-2434
1996|CT,T_votes,173760,173765,-5
1996|CT,total_votes,1392609,1392614,-5
1996|DE,T_votes,31667,31428,239
1996|DE,total_votes,271084,270845,239
1996|FL,D_votes,2545690,2546870,-1180
1996|FL,R_votes,2242951,2244536,-1585
1996|FL,T_votes,483761,512388,-28627
1996|FL,total_votes,5272402,5303794,-31392
1996|GA,D_votes,1053848,1053849,-1
1996|GA,R_votes,1080840,1080843,-3
1996|GA,T_votes,146337,164379,-18042
1996|GA,total_votes,2281025,2299071,-18046
1996|HI,T_votes,41169,41165,4
1996|HI,total_votes,360124,360120,4
1996|ID,T_votes,69673,69681,-8
1996|ID,total_votes,491711,491719,-8
1996|IL,T_votes,346408,382626,-36218
1996|IL,total_votes,4275173,4311391,-36218
1996|IN,D_votes,887454,887424,30
1996|IN,R_votes,1006632,1006693,-61
1996|IN,T_votes,224280,241725,-17445
1996|IN,total_votes,2118366,2135842,-17476
1996|KS,T_votes,103202,103396,-194
1996|KS,total_votes,1074106,1074300,-194
1996|KY,T_votes,120396,128811,-8415
1996|KY,total_votes,1380293,1388708,-8415
1996|LA,D_votes,927836,927837,-1
1996|LA,T_votes,143406,143536,-130
1996|LA,total_votes,1783828,1783959,-131
1996|MA,D_votes,1569782,1571763,-1981
1996|MA,R_votes,717116,718107,-991
1996|MA,T_votes,266616,266916,-300
1996|MA,total_votes,2553514,2556786,-3272
1996|MD,D_votes,966208,966207,1
1996|MD,T_votes,115812,133133,-17321
1996|MD,total_votes,1763550,1780870,-17320
1996|MI,D_votes,1989683,1989653,30
1996|MI,R_votes,1481572,1481212,360
1996|MI,T_votes,340671,377979,-37308
1996|MI,total_votes,3811926,3848844,-36918
1996|MN,D_votes,1120279,1120438,-159
1996|MN,T_votes,298987,305726,-6739
1996|MN,total_votes,2185742,2192640,-6898
1996|MO,R_votes,890014,890016,-2
1996|MO,T_votes,220823,242114,-21291
1996|MO,total_votes,2136772,2158065,-21293
1996|MS,D_votes,394020,394022,-2
1996|MS,R_votes,439833,439838,-5
1996|MS,T_votes,56085,59997,-3912
1996|MS,total_votes,889938,893857,-3919
1996|NATIONAL,D_votes,47397479,47402357,-4878
1996|NATIONAL,R_votes,39198976,39198755,221
1996|NATIONAL,T_votes,9280096,9676111,-396015
1996|NATIONAL,total_votes,95876551,96277223,-400672
1996|NC,T_votes,168059,182020,-13961
1996|NC,total_votes,2501846,2515807,-13961
1996|NE-01,D_votes,87712,87713,-1
1996|NE-01,R_votes,114563,114560,3
1996|NE-01,T_votes,28055,28057,-2
1996|NE-02,D_votes,84667,84666,1
1996|NE-02,R_votes,116889,116892,-3
1996|NE-02,T_votes,21100,21102,-2
1996|NE-02,total_votes,222656,222660,-4
1996|NE-AL,T_votes,77183,77187,-4
1996|NE-AL,total_votes,677411,677415,-4
1996|NH,T_votes,54854,56429,-1575
1996|NH,total_votes,497600,499175,-1575
1996|NJ,D_votes,1651019,1652329,-1310
1996|NJ,R_votes,1102577,1103078,-501
1996|NJ,T_votes,315724,320400,-4676
1996|NJ,total_votes,3069320,3075807,-6487
1996|NM,T_votes,49837,49828,9
1996|NM,total_votes,556083,556074,9
1996|NV,T_votes,61116,61061,55
1996|NV,total_votes,464334,464279,55
1996|NY,D_votes,3755984,3756177,-193
1996|NY,R_votes,1932894,1933492,-598
1996|NY,T_votes,620939,626460,-5521
1996|NY,total_votes,6309817,6316129,-6312
1996|OH,D_votes,2148309,2148222,87
1996|OH,R_votes,1860768,1859883,885
1996|OH,T_votes,483277,526329,-43052
1996|OH,total_votes,4492354,4534434,-42080
1996|OK,T_votes,130788,136293,-5505
1996|OK,total_votes,1201208,1206713,-5505
1996|OR,D_votes,649631,649641,-10
1996|OR,R_votes,538155,538152,3
1996|OR,T_votes,189964,189967,-3
1996|OR,total_votes,1377750,1377760,-10
1996|PA,R_votes,1804169,1801169,3000
1996|PA,T_votes,453962,489130,-35168
1996|PA,total_votes,4473950,4506118,-32168
1996|RI,T_votes,52397,52551,-154
1996|RI,total_votes,390130,390284,-154
1996|SC,T_votes,64386,71948,-7562
1996|SC,total_votes,1144127,1151689,-7562
1996|TN,T_votes,105918,121429,-15511
1996|TN,total_votes,1878594,1894105,-15511
1996|TX,D_votes,2459616,2459683,-67
1996|TX,R_votes,2736119,2736167,-48
1996|TX,T_votes,378429,415794,-37365
1996|TX,total_votes,5574164,5611644,-37480
1996|UT,T_votes,82084,82085,-1
1996|UT,total_votes,665628,665629,-1
1996|WA,T_votes,291468,289802,1666
1996|WA,total_votes,2255503,2253837,1666
1996|WI,D_votes,1071970,1071971,-1
1996|WI,R_votes,845028,845029,-1
1996|WI,T_votes,279191,279169,22
1996|WI,total_votes,2196189,2196169,20
2000|AL,D_votes,692610,692611,-1
2000|AL,R_votes,941172,941173,-1
2000|AL,T_votes,31460,32488,-1028
2000|AL,total_votes,1665242,1666272,-1030
2000|AZ,T_votes,64773,65023,-250
2000|AZ,total_votes,1531766,1532016,-250
2000|CA,D_votes,5860562,5861203,-641
2000|CA,R_votes,4567300,4567429,-129
2000|CA,T_votes,537180,537224,-44
2000|CA,total_votes,10965042,10965856,-814
2000|CO,D_votes,738229,738227,2
2000|CO,R_votes,883753,883748,5
2000|CO,T_votes,118197,119393,-1196
2000|CO,total_votes,1740179,1741368,-1189
2000|CT,T_votes,82362,82416,-54
2000|CT,total_votes,1459471,1459525,-54
2000|GA,T_votes,45471,60854,-15383
2000|GA,total_votes,2581421,2596804,-15383
2000|HI,D_votes,205242,205286,-44
2000|HI,R_votes,138527,137845,682
2000|HI,T_votes,24728,24820,-92
2000|HI,total_votes,368497,367951,546
2000|IA,T_votes,41208,42673,-1465
2000|IA,total_votes,1314098,1315563,-1465
2000|ID,T_votes,26041,26047,-6
2000|ID,total_votes,501615,501621,-6
2000|IL,D_votes,2589059,2589026,33
2000|IL,R_votes,2019432,2019421,11
2000|IL,T_votes,132117,133676,-1559
2000|IL,total_votes,4740608,4742123,-1515
2000|IN,T_votes,32532,51486,-18954
2000|IN,total_votes,2180348,2199302,-18954
2000|KS,T_votes,50608,50610,-2
2000|KS,total_votes,1072216,1072218,-2
2000|KY,D_votes,638923,638898,25
2000|KY,R_votes,872520,872492,28
2000|KY,T_votes,32583,32797,-214
2000|KY,total_votes,1544026,1544187,-161
2000|LA,T_votes,44338,45441,-1103
2000|LA,total_votes,1764553,1765656,-1103
2000|MA,T_votes,203963,207995,-4032
2000|MA,total_votes,2698952,2702984,-4032
2000|MD,D_votes,1144008,1145782,-1774
2000|MD,R_votes,813827,813797,30
2000|MD,T_votes,64359,65901,-1542
2000|MD,total_votes,2022194,2025480,-3286
2000|ME-01,T_votes,24023,24040,-17
2000|ME-01,total_votes,348934,348951,-17
2000|ME-02,T_votes,21200,21210,-10
2000|ME-02,total_votes,302856,302866,-10
2000|ME-AL,T_votes,45223,45250,-27
2000|ME-AL,total_votes,651790,651817,-27
2000|MI,D_votes,2170862,2170418,444
2000|MI,R_votes,1953709,1953139,570
2000|MI,T_votes,108863,108944,-81
2000|MI,total_votes,4233434,4232501,933
2000|MN,T_votes,159710,160760,-1050
2000|MN,total_votes,2437635,2438685,-1050
2000|MO,D_votes,1111073,1111138,-65
2000|MO,R_votes,1189841,1189924,-83
2000|MO,T_votes,58825,58830,-5
2000|MO,total_votes,2359739,2359892,-153
2000|MS,D_votes,404964,404614,350
2000|MS,R_votes,573249,572844,405
2000|MS,T_votes,16112,16726,-614
2000|MS,total_votes,994325,994184,141
2000|NATIONAL,D_votes,50978884,50999897,-21013
2000|NATIONAL,R_votes,50439898,50456002,-16104
2000|NATIONAL,T_votes,3843860,3949201,-105341
2000|NATIONAL,total_votes,105262642,105405100,-142458
2000|NC,D_votes,1257694,1257692,2
2000|NC,R_votes,1631165,1631163,2
2000|NC,T_votes,22765,22407,358
2000|NC,total_votes,2911624,2911262,362
2000|ND,T_votes,18131,18120,11
2000|ND,total_votes,288267,288256,11
2000|NE-01,D_votes,86773,86946,-173
2000|NE-01,R_votes,142161,142562,-401
2000|NE-01,T_votes,12491,12515,-24
2000|NE-01,total_votes,241425,242023,-598
2000|NE-02,D_votes,89148,88975,173
2000|NE-02,R_votes,131886,131485,401
2000|NE-02,T_votes,10578,10552,26
2000|NE-02,total_votes,231612,231012,600
2000|NE-AL,T_votes,31379,31377,2
2000|NE-AL,total_votes,697021,697019,2
2000|NH,T_votes,14988,29174,-14186
2000|NH,total_votes,554895,569081,-14186
2000|NJ,D_votes,1775484,1788850,-13366
2000|NJ,R_votes,1276474,1284173,-7699
2000|NJ,T_votes,106870,114203,-7333
2000|NJ,total_votes,3158828,3187226,-28398
2000|NM,D_votes,286684,286783,-99
2000|NM,R_votes,286170,286417,-247
2000|NM,T_votes,24050,25405,-1355
2000|NM,total_votes,596904,598605,-1701
2000|NV,T_votes,24102,27417,-3315
2000|NV,total_votes,605655,608970,-3315
2000|NY,D_votes,4113568,4107697,5871
2000|NY,R_votes,2405675,2403374,2301
2000|NY,T_votes,309374,310928,-1554
2000|NY,total_votes,6828617,6821999,6618
2000|OH,D_votes,2185831,2186190,-359
2000|OH,T_votes,163568,168058,-4490
2000|OH,total_votes,4700608,4705457,-4849
2000|OK,D_votes,474082,474276,-194
2000|OK,R_votes,743938,744337,-399
2000|OK,T_votes,15607,15616,-9
2000|OK,total_votes,1233627,1234229,-602
2000|OR,T_votes,96630,100049,-3419
2000|OR,total_votes,1530549,1533968,-3419
2000|PA,D_votes,2485865,2485967,-102
2000|PA,R_votes,2280983,2281127,-144
2000|PA,T_votes,145074,146025,-951
2000|PA,total_votes,4911922,4913119,-1197
2000|RI,D_votes,247115,249508,-2393
2000|RI,R_votes,130184,130555,-371
2000|RI,T_votes,27647,29049,-1402
2000|RI,total_votes,404946,409112,-4166
2000|SC,D_votes,566033,565561,472
2000|SC,R_votes,786881,785937,944
2000|SC,T_votes,31111,31219,-108
2000|SC,total_votes,1384025,1382717,1308
2000|TN,D_votes,981721,981720,1
2000|TN,T_votes,29941,32512,-2571
2000|TN,total_votes,2073611,2076181,-2570
2000|TX,D_votes,2433411,2433746,-335
2000|TX,R_votes,3799196,3799639,-443
2000|TX,T_votes,170888,174252,-3364
2000|TX,total_votes,6403495,6407637,-4142
2000|UT,T_votes,52257,52605,-348
2000|UT,total_votes,770406,770754,-348
2000|VA,T_votes,81860,84667,-2807
2000|VA,total_votes,2736640,2739447,-2807
2000|WA,T_votes,128223,130917,-2694
2000|WA,total_votes,2484739,2487433,-2694
2000|WI,D_votes,1242984,1242987,-3
2000|WI,R_votes,1237276,1237279,-3
2000|WI,T_votes,115043,118341,-3298
2000|WI,total_votes,2595303,2598607,-3304
2000|WV,R_votes,336473,336475,-2
2000|WV,T_votes,16304,16152,152
2000|WV,total_votes,648274,648124,150
2004|AL,D_votes,693792,693933,-141
2004|AL,R_votes,1175513,1176394,-881
2004|AL,T_votes,12530,13122,-592
2004|AL,total_votes,1881835,1883449,-1614
2004|AZ,T_votes,12750,14767,-2017
2004|AZ,total_votes,2010568,2012585,-2017
2004|CA,T_votes,147775,166541,-18766
2004|CA,total_votes,12403086,12421852,-18766
2004|CO,D_votes,1001710,1001732,-22
2004|CO,R_votes,1101157,1101255,-98
2004|CO,T_votes,18167,27343,-9176
2004|CO,total_votes,2121034,2130330,-9296
2004|DE,T_votes,3458,3378,80
2004|DE,total_votes,375270,375190,80
2004|FL,D_votes,3584369,3583544,825
2004|FL,R_votes,3962527,3964522,-1995
2004|FL,T_votes,21010,61744,-40734
2004|FL,total_votes,7567906,7609810,-41904
2004|GA,D_votes,1366154,1366149,5
2004|GA,R_votes,1914219,1914254,-35
2004|GA,T_votes,21078,21472,-394
2004|GA,total_votes,3301451,3301875,-424
2004|HI,D_votes,231706,231708,-2
2004|HI,total_votes,429011,429013,-2
2004|IL,D_votes,2890008,2891550,-1542
2004|IL,R_votes,2344503,2345946,-1443
2004|IL,T_votes,18149,36826,-18677
2004|IL,total_votes,5252660,5274322,-21662
2004|IN,D_votes,969009,969011,-2
2004|IN,T_votes,13791,19553,-5762
2004|IN,total_votes,2462238,2468002,-5764
2004|KS,D_votes,434960,434993,-33
2004|KS,R_votes,736437,736456,-19
2004|KS,T_votes,15110,16307,-1197
2004|KS,total_votes,1186507,1187756,-1249
2004|KY,D_votes,712524,712733,-209
2004|KY,R_votes,1069161,1069439,-278
2004|KY,T_votes,10894,13710,-2816
2004|KY,total_votes,1792579,1795882,-3303
2004|LA,T_votes,20568,20638,-70
2004|LA,total_votes,1943036,1943106,-70
2004|MD,D_votes,1334487,1334493,-6
2004|MD,R_votes,1024693,1024703,-10
2004|MD,T_votes,25000,27482,-2482
2004|MD,total_votes,2384180,2386678,-2498
2004|ME-02,T_votes,6844,6840,4
2004|ME-02,total_votes,356360,356356,4
2004|MI,D_votes,2479092,2479183,-91
2004|MI,R_votes,2313707,2313746,-39
2004|MI,T_votes,46844,46323,521
2004|MI,total_votes,4839643,4839252,391
2004|MO,D_votes,1258247,1259171,-924
2004|MO,R_votes,1455079,1455713,-634
2004|MO,T_votes,10748,16480,-5732
2004|MO,total_votes,2724074,2731364,-7290
2004|MS,T_votes,9290,9070,220
2004|MS,total_votes,1152365,1152145,220
2004|NATIONAL,D_votes,59025917,59028444,-2527
2004|NATIONAL,R_votes,62034815,62040610,-5795
2004|NATIONAL,T_votes,1020721,1221576,-200855
2004|NATIONAL,total_votes,122081453,122290630,-209177
2004|NC,D_votes,1525843,1525849,-6
2004|NC,R_votes,1961162,1961166,-4
2004|NC,T_votes,13993,13992,1
2004|NC,total_votes,3500998,3501007,-9
2004|NE-01,T_votes,3896,3569,327
2004|NE-01,total_votes,270098,269771,327
2004|NE-02,T_votes,3525,3133,392
2004|NE-02,total_votes,254424,254032,392
2004|NE-03,T_votes,3623,3411,212
2004|NE-03,total_votes,253664,253452,212
2004|NJ,D_votes,1911768,1911430,338
2004|NJ,R_votes,1670107,1670003,104
2004|NJ,T_votes,5047,30258,-25211
2004|NJ,total_votes,3586922,3611691,-24769
2004|NV,D_votes,397093,397190,-97
2004|NV,R_votes,418557,418690,-133
2004|NV,T_votes,13706,13707,-1
2004|NV,total_votes,829356,829587,-231
2004|NY,D_votes,4314304,4314280,24
2004|NY,R_votes,2962637,2962567,70
2004|NY,T_votes,115725,114189,1536
2004|NY,total_votes,7392666,7391036,1630
2004|OH,D_votes,2741265,2741167,98
2004|OH,R_votes,2859923,2859768,155
2004|OH,T_votes,26090,26973,-883
2004|OH,total_votes,5627278,5627908,-630
2004|OK,D_votes,503964,503966,-2
2004|OK,R_votes,959789,959792,-3
2004|OK,total_votes,1463753,1463758,-5
2004|OR,D_votes,943161,943163,-2
2004|OR,R_votes,866830,866831,-1
2004|OR,T_votes,19829,26788,-6959
2004|OR,total_votes,1829820,1836782,-6962
2004|PA,D_votes,2937657,2938095,-438
2004|PA,R_votes,2793540,2793847,-307
2004|PA,T_votes,21639,37648,-16009
2004|PA,total_votes,5752836,5769590,-16754
2004|RI,D_votes,259760,259765,-5
2004|RI,T_votes,8264,8323,-59
2004|RI,total_votes,437070,437134,-64
2004|SC,D_votes,661661,661699,-38
2004|SC,R_votes,937963,937974,-11
2004|SC,T_votes,17176,18057,-881
2004|SC,total_votes,1616800,1617730,-930
2004|TN,D_votes,1036474,1036477,-3
2004|TN,R_votes,1384379,1384375,4
2004|TN,T_votes,16428,16467,-39
2004|TN,total_votes,2437281,2437319,-38
2004|TX,D_votes,2832468,2832704,-236
2004|TX,R_votes,4526694,4526917,-223
2004|TX,T_votes,0,51144,-51144
2004|TX,total_votes,7359162,7410765,-51603
2004|UT,T_votes,21947,22903,-956
2004|UT,total_votes,926888,927844,-956
2004|WA,D_votes,1510183,1510201,-18
2004|WA,R_votes,1304880,1304894,-14
2004|WA,T_votes,46618,43989,2629
2004|WA,total_votes,2861681,2859084,2597
2008|AL,D_votes,813473,813479,-6
2008|AL,R_votes,1266530,1266546,-16
2008|AL,T_votes,18936,19794,-858
2008|AL,total_votes,2098939,2099819,-880
2008|AZ,T_votes,27262,28657,-1395
2008|AZ,total_votes,2292080,2293475,-1395
2008|CA,T_votes,255410,275646,-20236
2008|CA,total_votes,13541664,13561900,-20236
2008|CO,D_votes,1288577,1288633,-56
2008|CO,R_votes,1073591,1073629,-38
2008|CO,T_votes,39197,39200,-3
2008|CO,total_votes,2401365,2401462,-97
2008|DE,T_votes,4783,4579,204
2008|DE,total_votes,412616,412412,204
2008|FL,D_votes,4281897,4282074,-177
2008|FL,R_votes,4045801,4045624,177
2008|FL,T_votes,81509,63046,18463
2008|FL,total_votes,8409207,8390744,18463
2008|GA,D_votes,1844179,1844123,56
2008|GA,R_votes,2048785,2048759,26
2008|GA,T_votes,35630,31604,4026
2008|GA,total_votes,3928594,3924486,4108
2008|IA,T_votes,18764,25804,-7040
2008|IA,total_votes,1530083,1537123,-7040
2008|ID,D_votes,236827,236440,387
2008|ID,R_votes,403809,403012,797
2008|ID,T_votes,15597,15670,-73
2008|ID,total_votes,656233,655122,1111
2008|IL,D_votes,3419232,3419348,-116
2008|IL,R_votes,2030959,2031179,-220
2008|IL,T_votes,71337,71844,-507
2008|IL,total_votes,5521528,5522371,-843
2008|IN,T_votes,29258,31367,-2109
2008|IN,total_votes,2748945,2751054,-2109
2008|KY,T_votes,26061,26173,-112
2008|KY,total_votes,1826508,1826620,-112
2008|LA,D_votes,769544,782989,-13445
2008|LA,R_votes,1147505,1148275,-770
2008|LA,T_votes,28272,29497,-1225
2008|LA,total_votes,1945321,1960761,-15440
2008|MA,D_votes,1904098,1904097,1
2008|MA,T_votes,68062,68034,28
2008|MA,total_votes,3081014,3080985,29
2008|MI,T_votes,80970,80548,422
2008|MI,total_votes,5002188,5001766,422
2008|MO,T_votes,40421,37480,2941
2008|MO,total_votes,2928146,2925205,2941
2008|MT,D_votes,232159,231667,492
2008|MT,R_votes,243882,242763,1119
2008|MT,T_votes,16709,15872,837
2008|MT,total_votes,492750,490302,2448
2008|NATIONAL,D_votes,69483584,69498516,-14932
2008|NATIONAL,R_votes,59955121,59948323,6798
2008|NATIONAL,T_votes,1808559,1866981,-58422
2008|NATIONAL,total_votes,131247264,131313820,-66556
2008|ND,D_votes,141403,141278,125
2008|ND,R_votes,168887,168601,286
2008|ND,T_votes,7448,6742,706
2008|ND,total_votes,317738,316621,1117
2008|NE-AL,T_votes,12146,14983,-2837
2008|NE-AL,total_votes,798444,801281,-2837
2008|NH,T_votes,6251,9610,-3359
2008|NH,total_votes,707611,710970,-3359
2008|NJ,T_votes,39625,39608,17
2008|NJ,total_votes,3868254,3868237,17
2008|NM,T_votes,7627,10904,-3277
2008|NM,total_votes,826881,830158,-3277
2008|NV,D_votes,533648,533736,-88
2008|NV,R_votes,412700,412827,-127
2008|NV,T_votes,21272,21285,-13
2008|NV,total_votes,967620,967848,-228
2008|NY,D_votes,4802774,4804945,-2171
2008|NY,R_votes,2751845,2752771,-926
2008|NY,T_votes,78212,83215,-5003
2008|NY,total_votes,7632831,7640931,-8100
2008|OH,R_votes,2683820,2677820,6000
2008|OH,T_votes,92680,90486,2194
2008|OH,total_votes,5716544,5708350,8194
2008|PA,T_votes,62981,81024,-18043
2008|PA,total_votes,5995229,6013272,-18043
2008|RI,T_votes,7805,9804,-1999
2008|RI,total_votes,469767,471766,-1999
2008|SC,T_votes,23386,23624,-238
2008|SC,total_votes,1920731,1920969,-238
2008|TN,R_votes,1479179,1479178,1
2008|TN,T_votes,33133,33134,-1
2008|TX,T_votes,56116,69834,-13718
2008|TX,total_votes,8064077,8077795,-13718
2008|UT,R_votes,596054,596030,24
2008|UT,T_votes,28662,28670,-8
2008|UT,total_votes,952386,952370,16
2008|WA,D_votes,1750644,1750848,-204
2008|WA,R_votes,1229086,1229216,-130
2008|WA,T_votes,56792,56814,-22
2008|WA,total_votes,3036522,3036878,-356
2008|WI,T_votes,37292,43813,-6521
2008|WI,total_votes,2976896,2983417,-6521
2008|WV,D_votes,304127,303857,270
2008|WV,R_votes,398061,397466,595
2008|WV,T_votes,12465,12128,337
2008|WV,total_votes,714653,713451,1202
2012|AL,D_votes,795605,795696,-91
2012|AL,R_votes,1255875,1255925,-50
2012|AL,T_votes,18704,22717,-4013
2012|AL,total_votes,2070184,2074338,-4154
2012|AZ,T_votes,39916,40368,-452
2012|AZ,total_votes,2298802,2299254,-452
2012|CA,D_votes,7854558,7854285,273
2012|CA,R_votes,4839956,4839958,-2
2012|CA,T_votes,320782,344304,-23522
2012|CA,total_votes,13015296,13038547,-23251
2012|CT,D_votes,905105,905083,22
2012|CT,R_votes,634899,634892,7
2012|CT,T_votes,18067,18985,-918
2012|CT,total_votes,1558071,1558960,-889
2012|FL,D_votes,4237757,4237756,1
2012|FL,R_votes,4163446,4163447,-1
2012|FL,T_votes,72931,72976,-45
2012|FL,total_votes,8474134,8474179,-45
2012|GA,R_votes,2078689,2078688,1
2012|GA,T_votes,45323,47535,-2212
2012|GA,total_votes,3897839,3900050,-2211
2012|IA,T_votes,21577,29019,-7442
2012|IA,total_votes,1574738,1582180,-7442
2012|IL,D_votes,3019511,3019512,-1
2012|IL,T_votes,86451,87286,-835
2012|IL,total_votes,5241178,5242014,-836
2012|IN,D_votes,1152888,1152887,1
2012|IN,R_votes,1420542,1420543,-1
2012|IN,T_votes,50111,51104,-993
2012|IN,total_votes,2623541,2624534,-993
2012|KS,D_votes,439908,440726,-818
2012|KS,R_votes,689808,692634,-2826
2012|KS,T_votes,25399,26611,-1212
2012|KS,total_votes,1155115,1159971,-4856
2012|KY,R_votes,1087189,1087190,-1
2012|KY,T_votes,30274,30652,-378
2012|KY,total_votes,1796833,1797212,-379
2012|MA,D_votes,1921762,1921290,472
2012|MA,R_votes,1188460,1188314,146
2012|MA,T_votes,50994,58163,-7169
2012|MA,total_votes,3161216,3167767,-6551
2012|MD,T_votes,47305,57614,-10309
2012|MD,total_votes,2697018,2707327,-10309
2012|ME-01,D_votes,221952,223035,-1083
2012|ME-01,R_votes,142573,142937,-364
2012|ME-01,T_votes,9305,8447,858
2012|ME-01,total_votes,373830,374419,-589
2012|ME-02,D_votes,177283,177998,-715
2012|ME-02,R_votes,148845,149215,-370
2012|ME-02,T_votes,9976,9013,963
2012|ME-02,total_votes,336104,336226,-122
2012|ME-AL,D_votes,399235,401306,-2071
2012|ME-AL,R_votes,291418,292276,-858
2012|ME-AL,T_votes,19281,19598,-317
2012|ME-AL,total_votes,709934,713180,-3246
2012|MI,T_votes,43164,51136,-7972
2012|MI,total_votes,4722989,4730961,-7972
2012|MN,T_votes,59528,70169,-10641
2012|MN,total_votes,2925920,2936561,-10641
2012|MO,T_votes,51086,51087,-1
2012|MO,total_votes,2757322,2757323,-1
2012|MT,T_votes,14717,14281,436
2012|MT,total_votes,484484,484048,436
2012|NATIONAL,D_votes,65915138,65915795,-657
2012|NATIONAL,R_votes,60931144,60933504,-2360
2012|NATIONAL,T_votes,2092345,2236111,-143766
2012|NATIONAL,total_votes,128938627,129085410,-146783
2012|NC,D_votes,2178390,2178391,-1
2012|NC,R_votes,2270396,2270395,1
2012|NC,T_votes,44514,56586,-12072
2012|NC,total_votes,4493300,4505372,-12072
2012|NE-01,T_votes,5933,4609,1324
2012|NE-01,total_votes,266036,264712,1324
2012|NE-02,T_votes,5162,3862,1300
2012|NE-02,total_votes,268027,266727,1300
2012|NE-03,T_votes,6111,5046,1065
2012|NE-03,total_votes,260288,259223,1065
2012|NE-AL,T_votes,17206,17234,-28
2012|NE-AL,total_votes,794351,794379,-28
2012|NH,T_votes,8920,11493,-2573
2012|NH,total_votes,708399,710972,-2573
2012|NJ,D_votes,2126610,2125101,1509
2012|NJ,R_votes,1478750,1477568,1182
2012|NJ,T_votes,37573,37623,-50
2012|NJ,total_votes,3642933,3640292,2641
2012|NM,T_votes,32634,32635,-1
2012|NM,total_votes,783757,783758,-1
2012|NV,D_votes,531372,531373,-1
2012|NV,R_votes,463568,463567,1
2012|NY,D_votes,4485916,4485741,175
2012|NY,R_votes,2490507,2490431,76
2012|NY,T_votes,95565,104987,-9422
2012|NY,total_votes,7071988,7081159,-9171
2012|OH,D_votes,2827708,2827709,-1
2012|OH,R_votes,2661439,2661437,2
2012|OH,T_votes,91664,91701,-37
2012|OH,total_votes,5580811,5580847,-36
2012|OR,T_votes,51332,64607,-13275
2012|OR,total_votes,1775995,1789270,-13275
2012|PA,D_votes,2990154,2990274,-120
2012|PA,R_votes,2680388,2680434,-46
2012|PA,T_votes,71335,82962,-11627
2012|PA,total_votes,5741877,5753670,-11793
2012|RI,T_votes,7787,9168,-1381
2012|RI,total_votes,444668,446049,-1381
2012|SC,D_votes,865940,865941,-1
2012|SC,R_votes,1071646,1071645,1
2012|SC,T_votes,26533,26532,1
2012|SC,total_votes,1964119,1964118,1
2012|TX,D_votes,3308119,3308124,-5
2012|TX,R_votes,4569851,4569843,8
2012|TX,T_votes,113237,115884,-2647
2012|TX,total_votes,7991207,7993851,-2644
2012|UT,T_votes,24988,25027,-39
2012|UT,total_votes,1017401,1017440,-39
2012|VA,T_votes,52901,60147,-7246
2012|VA,total_votes,3847243,3854489,-7246
2012|WI,T_votes,34113,39483,-5370
2012|WI,total_votes,3063064,3068434,-5370
2016|AL,D_votes,729546,729547,-1
2016|AL,R_votes,1318259,1318255,4
2016|AL,T_votes,53856,75570,-21714
2016|AL,total_votes,2101661,2123372,-21711
2016|AR,T_votes,65269,65310,-41
2016|AR,total_votes,1130635,1130676,-41
2016|AZ,T_votes,191012,159597,31415
2016|AZ,total_votes,2604580,2573165,31415
2016|CA,D_votes,8752489,8753788,-1299
2016|CA,R_votes,4483487,4483810,-323
2016|CA,T_votes,823216,943997,-120781
2016|CA,total_votes,14059192,14181595,-122403
2016|CO,D_votes,1338799,1338870,-71
2016|CO,R_votes,1202384,1202484,-100
2016|CO,T_votes,238863,238893,-30
2016|CO,total_votes,2780046,2780247,-201
2016|CT,T_votes,74125,74133,-8
2016|CT,total_votes,1644912,1644920,-8
2016|DE,T_votes,20860,23084,-2224
2016|DE,total_votes,441590,443814,-2224
2016|FL,D_votes,4504973,4504975,-2
2016|FL,T_votes,297026,297178,-152
2016|FL,total_votes,9419885,9420039,-154
2016|GA,R_votes,2089106,2089104,2
2016|GA,T_votes,125303,147665,-22362
2016|GA,total_votes,4092372,4114732,-22360
2016|ID,T_votes,91613,91435,178
2016|ID,total_votes,690433,690255,178
2016|IL,D_votes,3090728,3090729,-1
2016|IL,R_votes,2146016,2146015,1
2016|IL,T_votes,286398,299680,-13282
2016|IL,total_votes,5523142,5536424,-13282
2016|IN,D_votes,1033088,1033126,-38
2016|IN,R_votes,1557206,1557286,-80
2016|IN,T_votes,133989,144546,-10557
2016|IN,total_votes,2724283,2734958,-10675
2016|KS,T_votes,78912,86379,-7467
2016|KS,total_votes,1176935,1184402,-7467
2016|KY,T_votes,91573,92324,-751
2016|KY,total_votes,1923398,1924149,-751
2016|LA,D_votes,780153,780154,-1
2016|LA,total_votes,2029031,2029032,-1
2016|MD,T_votes,115552,160349,-44797
2016|MD,total_votes,2736649,2781446,-44797
2016|ME-01,D_votes,210979,212774,-1795
2016|ME-01,R_votes,154127,154384,-257
2016|ME-01,T_votes,27001,27171,-170
2016|ME-01,total_votes,392107,394329,-2222
2016|ME-02,D_votes,143739,144817,-1078
2016|ME-02,R_votes,180818,181177,-359
2016|ME-02,T_votes,27277,27422,-145
2016|ME-02,total_votes,351834,353416,-1582
2016|ME-AL,D_votes,354718,357735,-3017
2016|ME-AL,R_votes,334945,335593,-648
2016|ME-AL,T_votes,54278,54599,-321
2016|ME-AL,total_votes,743941,747927,-3986
2016|MI,D_votes,2265444,2268839,-3395
2016|MI,R_votes,2275361,2279543,-4182
2016|MI,T_votes,275262,250902,24360
2016|MI,total_votes,4816067,4799284,16783
2016|MN,D_votes,1367825,1367716,109
2016|MN,R_votes,1323232,1322951,281
2016|MN,T_votes,254176,254146,30
2016|MN,total_votes,2945233,2944813,420
2016|MO,R_votes,1594512,1594511,1
2016|MO,T_votes,135869,143026,-7157
2016|MO,total_votes,2801449,2808605,-7156
2016|MS,R_votes,700715,700714,1
2016|MS,T_votes,23511,23512,-1
2016|MT,T_votes,44872,40198,4674
2016|MT,total_votes,501821,497147,4674
2016|NATIONAL,D_votes,65841627,65853516,-11889
2016|NATIONAL,R_votes,62976340,62984825,-8485
2016|NATIONAL,T_votes,7548530,7830896,-282366
2016|NATIONAL,total_votes,136366497,136669237,-302740
2016|NC,D_votes,2189315,2189316,-1
2016|NC,R_votes,2362628,2362631,-3
2016|NC,T_votes,130127,189617,-59490
2016|NC,total_votes,4682070,4741564,-59494
2016|NE-01,D_votes,100126,100132,-6
2016|NE-01,R_votes,158626,158642,-16
2016|NE-01,T_votes,23586,23564,22
2016|NE-03,D_votes,53290,53332,-42
2016|NE-03,R_votes,199657,199755,-98
2016|NE-03,T_votes,17087,17022,65
2016|NE-03,total_votes,270034,270109,-75
2016|NE-AL,D_votes,284446,284494,-48
2016|NE-AL,R_votes,495847,495961,-114
2016|NE-AL,T_votes,63759,63772,-13
2016|NE-AL,total_votes,844052,844227,-175
2016|NH,T_votes,49476,49980,-504
2016|NH,total_votes,743792,744296,-504
2016|NJ,D_votes,2145231,2148278,-3047
2016|NJ,R_votes,1600005,1601933,-1928
2016|NJ,T_votes,156307,123835,32472
2016|NJ,total_votes,3901543,3874046,27497
2016|NM,R_votes,319666,319667,-1
2016|NM,total_votes,798318,798319,-1
2016|NV,D_votes,539261,539260,1
2016|NV,R_votes,512059,512058,1
2016|NV,T_votes,74065,74067,-2
2016|NY,D_votes,4556138,4556124,14
2016|NY,R_votes,2819549,2819534,15
2016|NY,T_votes,345875,345795,80
2016|NY,total_votes,7721562,7721453,109
2016|OH,D_votes,2394165,2394164,1
2016|OH,R_votes,2841004,2841005,-1
2016|OH,T_votes,245004,261318,-16314
2016|OH,total_votes,5480173,5496487,-16314
2016|PA,D_votes,2925590,2926441,-851
2016|PA,R_votes,2970080,2970733,-653
2016|PA,T_votes,218151,268304,-50153
2016|PA,total_votes,6113821,6165478,-51657
2016|RI,T_votes,30978,31076,-98
2016|RI,total_votes,464046,464144,-98
2016|SC,T_votes,92264,92265,-1
2016|SC,total_votes,2103026,2103027,-1
2016|TN,R_votes,1522926,1522925,1
2016|TN,T_votes,100616,114407,-13791
2016|TN,total_votes,2494237,2508027,-13790
2016|TX,D_votes,3877626,3877868,-242
2016|TX,R_votes,4684288,4685047,-759
2016|TX,T_votes,419946,406311,13635
2016|TX,total_votes,8981860,8969226,12634
2016|UT,T_votes,305468,305523,-55
2016|UT,total_votes,1131375,1131430,-55
2016|VA,T_votes,231836,233715,-1879
2016|VA,total_votes,3982752,3984631,-1879
2016|WA,T_votes,350440,352554,-2114
2016|WA,total_votes,3314905,3317019,-2114
2016|WV,T_votes,43066,36258,6808
2016|WV,total_votes,721231,714423,6808
2020|AL,D_votes,850086,849624,462
2020|AL,R_votes,1441167,1441170,-3
2020|AL,T_votes,33212,32488,724
2020|AL,total_votes,2324465,2323282,1183
2020|AZ,T_votes,51465,53497,-2032
2020|AZ,total_votes,3385294,3387326,-2032
2020|CA,D_votes,11109918,11110639,-721
2020|CA,R_votes,6006098,6006518,-420
2020|CA,T_votes,386797,384223,2574
2020|CA,total_votes,17502813,17501380,1433
2020|CO,D_votes,1806939,1804352,2587
2020|CO,R_votes,1368065,1364607,3458
2020|CO,T_votes,86442,88021,-1579
2020|CO,total_votes,3261446,3256980,4466
2020|CT,D_votes,1080680,1080831,-151
2020|CT,R_votes,715291,714717,574
2020|CT,total_votes,1824280,1823857,423
2020|DE,T_votes,7139,7475,-336
2020|DE,total_votes,504010,504346,-336
2020|FL,D_votes,5285516,5297045,-11529
2020|FL,R_votes,5659054,5668731,-9677
2020|FL,T_votes,116537,101680,14857
2020|FL,total_votes,11061107,11067456,-6349
2020|GA,D_votes,2474507,2473633,874
2020|GA,R_votes,2461837,2461854,-17
2020|GA,T_votes,62138,64473,-2335
2020|GA,total_votes,4998482,4999960,-1478
2020|HI,D_votes,366070,366130,-60
2020|HI,R_votes,196800,196864,-64
2020|HI,T_votes,11489,11475,14
2020|HI,total_votes,574359,574469,-110
2020|ID,T_votes,27197,26794,403
2020|ID,total_votes,868337,867934,403
2020|IL,D_votes,3479871,3471915,7956
2020|IL,R_votes,2464506,2446891,17615
2020|IL,T_votes,112824,114938,-2114
2020|IL,total_votes,6057201,6033744,23457
2020|IN,D_votes,1242401,1242498,-97
2020|IN,R_votes,1729509,1729857,-348
2020|IN,T_votes,61529,60855,674
2020|IN,total_votes,3033439,3033210,229
2020|KS,T_votes,30574,32257,-1683
2020|KS,total_votes,1372303,1373986,-1683
2020|KY,T_votes,37597,37648,-51
2020|KY,total_votes,2136717,2136768,-51
2020|LA,T_votes,36130,36252,-122
2020|LA,total_votes,2147940,2148062,-122
2020|MD,T_votes,75594,75593,1
2020|MD,total_votes,3037031,3037030,1
2020|MI,T_votes,84320,85410,-1090
2020|MI,total_votes,5538212,5539302,-1090
2020|MN,D_votes,1717070,1717077,-7
2020|MN,R_votes,1484062,1484065,-3
2020|MN,T_votes,76031,76029,2
2020|MN,total_votes,3277163,3277171,-8
2020|MO,D_votes,1242973,1253014,-10041
2020|MO,R_votes,1712454,1718736,-6282
2020|MO,T_votes,59476,54212,5264
2020|MO,total_votes,3014903,3025962,-11059
2020|MS,D_votes,539494,539398,96
2020|MS,R_votes,756731,756764,-33
2020|MS,T_votes,17566,17597,-31
2020|MS,total_votes,1313791,1313759,32
2020|NATIONAL,D_votes,81259494,81283501,-24007
2020|NATIONAL,R_votes,74219286,74223975,-4689
2020|NATIONAL,T_votes,2916639,2922155,-5516
2020|NATIONAL,total_votes,158395419,158429631,-34212
2020|NC,D_votes,2683787,2684292,-505
2020|NC,R_votes,2757113,2758775,-1662
2020|NC,T_votes,68407,81737,-13330
2020|NC,total_votes,5509307,5524804,-15497
2020|ND,D_votes,114902,115042,-140
2020|ND,R_votes,235595,235751,-156
2020|ND,T_votes,11322,11231,91
2020|ND,total_votes,361819,362024,-205
2020|NH,D_votes,424921,424937,-16
2020|NH,R_votes,365654,365660,-6
2020|NH,T_votes,13763,15608,-1845
2020|NH,total_votes,804338,806205,-1867
2020|NJ,D_votes,2606506,2608400,-1894
2020|NJ,R_votes,1881067,1883313,-2246
2020|NJ,T_votes,72380,57744,14636
2020|NJ,total_votes,4559953,4549457,10496
2020|NM,D_votes,499850,501614,-1764
2020|NM,R_votes,401668,401894,-226
2020|NM,T_votes,18620,20457,-1837
2020|NM,total_votes,920138,923965,-3827
2020|NV,D_votes,703438,703486,-48
2020|NV,R_votes,669834,669890,-56
2020|NV,T_votes,32062,32000,62
2020|NV,total_votes,1405334,1405376,-42
2020|NY,D_votes,5244486,5244886,-400
2020|NY,R_votes,3251333,3251997,-664
2020|NY,T_votes,115839,119978,-4139
2020|NY,total_votes,8611658,8616861,-5203
2020|OH,D_votes,2679166,2679165,1
2020|OH,R_votes,3154835,3154834,1
2020|OH,T_votes,86379,88203,-1824
2020|OH,total_votes,5920380,5922202,-1822
2020|OR,R_votes,958447,958448,-1
2020|OR,total_votes,2374320,2374321,-1
2020|PA,D_votes,3456837,3458229,-1392
2020|PA,R_votes,3376333,3377674,-1341
2020|PA,T_votes,87854,101073,-13219
2020|PA,total_votes,6921024,6936976,-15952
2020|TN,D_votes,1143506,1143711,-205
2020|TN,R_votes,1851770,1852475,-705
2020|TN,T_votes,56821,57665,-844
2020|TN,total_votes,3052097,3053851,-1754
2020|TX,D_votes,5259097,5259126,-29
2020|TX,R_votes,5890288,5890347,-59
2020|TX,T_votes,169769,165583,4186
2020|TX,total_votes,11319154,11315056,4098
2020|UT,T_votes,62255,62867,-612
2020|UT,total_votes,1487677,1488289,-612
2020|VA,D_votes,2406841,2413568,-6727
2020|VA,R_votes,1960187,1962430,-2243
2020|VA,T_votes,84994,84526,468
2020|VA,total_votes,4452022,4460524,-8502
2020|WI,D_votes,1630609,1630866,-257
2020|WI,R_votes,1610059,1610184,-125
2020|WI,T_votes,56621,56991,-370
2020|WI,total_votes,3297289,3298041,-752
2020|WV,T_votes,13286,13365,-79
2020|WV,total_votes,794652,794731,-79
2024|NATIONAL,D_votes,75824877,75017613,807264
2024|NATIONAL,R_votes,78246361,77302580,943781
2024|NATIONAL,T_votes,2953274,2918109,35165
2024|NATIONAL,total_votes,157024512,155238302,1786210
