,PC1,PC2,PC3,PC4,PC5,PC6,PC7,PC8,PC9,PC10,PC11,PC12,PC13,PC14,PC15,PC16,PC17,PC18,PC19,PC20,PC21,PC22
AK,-0.06511935340874433,0.005803317715485002,0.11493152907780513,0.06194897382041061,-0.19064885549003585,-0.9502879589983084,-0.13560394096948347,0.1266706792098978,-0.023879656166424616,-0.03912480433323466,-0.15677744612609257,0.0500588847971521,-0.01279126047670228,0.005713217815270458,0.04414582186806771,0.00321476543913968,0.013218272112548057,0.0033599134189051705,-0.07389851837009388,-0.0032684648070234077,0.0019269516193967456,-0.002754489972699429
AL,0.9264233155753371,0.029181051577820482,-0.04083335225251752,-0.0771873686161314,0.04544465072856662,0.04380688851226921,-0.2224772841027307,-0.005542329485544524,-0.08596832100462865,0.007912962826210816,0.0525204956722567,-0.002099588620945832,-0.052755259965598086,-0.035319154555325194,-0.20853479080097992,-0.01888537597355348,-0.14285571192662702,0.07641133981879616,-0.17051147024242025,-0.010700864082199014,-0.025929198253487436,-0.028483555656169616
AR,0.8608608417899349,-0.0042993641406252545,0.1322769142841629,-0.07082286568917535,0.20025645036847364,0.021051313197905454,-0.37163223687441066,-0.0378266786121593,-0.134903113926833,-0.009813406044029712,-0.15900785125161318,-0.06475116983715919,0.014484407835316609,-0.008287730099416486,-0.1001640021319665,-0.08159539153681782,-0.10098246150267907,-0.03993050690890625,-0.09311626729394547,-0.0585864273548515,-0.057201337721882316,0.029380957444532473
AZ,0.9411259315255261,0.013476922310993122,0.04446207312234206,0.0891802058279856,0.02759970597040521,0.0008970805387824736,0.1646878027014175,-0.04762273575524465,-0.0074336790986992375,0.12562725816456596,0.1120586641897684,-0.09587566703856604,0.11033146395727139,-0.022666124910646922,0.1878659701796242,-0.017399522296078385,0.0035643568715251032,-0.017709967726706768,-0.027892041521030364,-0.0908726522372245,-0.0132752369329621,-0.11192517542022408
CA,-0.4034672139859077,-0.009659123751094581,-0.06360781344548894,-0.009966999709826223,-0.1340118232751911,0.10593339670521369,0.8881303618324373,0.002743027290815572,0.08184022430875627,0.05834913412850437,0.11306863454445075,-0.0732373604085973,-0.03272282039927983,0.06781425197857038,0.008890525776512568,0.012488035891074924,0.10524304899218499,-0.06265483819086373,-0.0056413601189908005,-0.011336132588530118,0.038981627386901106,0.00902937370465987
CO,0.013460217500109653,0.11382339942791393,-0.08367443184391024,0.8018604796418564,-0.17862354634017422,-0.07331117114476604,0.40158132037062866,0.13333103361640591,0.242803100571072,0.06632767426388103,0.11717828446541574,0.13286055192585294,0.0776057878937773,0.053390722789513186,0.20976308916797234,0.03020776732306013,-0.01512471829813932,-0.055713348759025956,-0.041547791958472,0.04041502384237925,-0.030425613366482675,-0.014986509247156145
CT,-0.7228075284250786,0.06138521788421668,-0.24212635298428387,-0.11217042684922815,-0.07902835366778105,0.017902324122541637,0.22265374419073272,-0.013385809449666181,0.173153885209039,-0.031839871310497335,0.05970152515123178,-0.006011725505221198,0.2140912140944835,0.0372180682971673,0.5022130420324009,0.09145463857373136,-0.03603810789698875,0.14638469253855152,0.11194333862664026,-0.04053389900164948,0.0051492158254468155,0.026906445184988872
DC,0.06801033024320716,0.01793919503535689,-0.07152594150198142,-0.019238522373607125,-0.2780924393944688,0.2527508496625812,0.37441506505423944,-0.0007720586978363236,-0.12763174159277804,0.13670289520738946,0.8322878832448963,-0.06351231823325174,-3.4936886192564854e-06,-0.009405915219764763,-0.033093198023689596,-0.00203648753822584,0.04893891864387695,-0.002124839132688932,0.09383935778030009,-8.382551091792504e-05,-0.0022369457931281345,-0.000767690390558028
DE,-0.4445058232047269,0.1265672788750199,-0.6991472230398397,-0.031435331899364836,-0.06115105238388424,0.26634398465276937,0.10260449664278848,0.09564791546517953,0.05879042983460609,0.16401968308337095,0.10373899391163223,0.14154439597090718,-0.14038537741296503,-0.0024522350774217327,0.23815202895994603,0.05700081729775542,0.2179229516344591,0.0011599898145908689,0.1179281065562881,0.10712546546204545,0.14704392582268178,-0.026635949396345924
FL,0.960445382492873,-0.021972935470227627,-0.1388058533675931,0.09927359999577157,0.05689726769813925,0.09197589965671248,-0.07262475013700721,-0.09778629518584081,0.0470672131866448,0.07614718542305647,-0.037328355863116745,0.09488684882126847,-0.057193903450277986,0.007055435327231939,0.12760413425551143,-0.006737430720961398,-0.025458589062157914,0.07053761474145907,0.10328488364740929,0.01741427904955675,0.03386267342891205,-0.03242812024744708
GA,0.9443471428121514,0.08769334423699343,-0.11167184298629236,0.006300340809176305,-0.052307794287539476,0.05592118022157232,-0.23174329714850533,0.03848267587217396,-0.0452204714352543,-0.03046028585410852,-0.02564992316654528,-0.0749709250364061,-0.04738208743358566,0.03915435463087981,-0.16322088864905557,-0.010571552243946175,-0.09325109065833785,-0.026405135772815058,-0.05505936033354358,0.06182379424775501,0.06269299117105688,0.03973232320292394
HI,-0.08448379287653654,0.05265926567396653,-0.1346283009552341,0.03004704279212583,-0.15853385275192433,0.03672528035948957,0.22744725500643145,0.028057014533266412,0.9351839175833875,0.07829965226676297,-0.09429139437956019,-0.009916497891433838,0.004015076191378489,0.004680760684531591,0.17710888077197853,0.002682153939995269,0.021490316943281844,0.0060800547530465675,0.07293441086539065,-0.00030131948703476205,0.003934819956818294,0.0017738406676900767
IA,-0.5905061829270339,-0.19037098084786114,0.5714222011438181,0.08509205939069699,0.23864511867264157,0.2018305037483065,-0.04986000997572782,-0.08803279716696197,0.022675335810689853,0.15320692370500938,0.12856343755068236,0.058769545403810616,-0.061915357209350486,-0.20884193195412015,-0.14811578823369967,-0.1751388476497828,0.21712616999727868,0.050067624407637366,-0.03523830682648878,0.035663266235400844,0.01105473360314822,0.08682955973331227
ID,0.8347623775107844,-0.044123409094224096,0.2766072216861357,0.11052356734881011,0.09588852784349276,-0.30585716005131935,-0.10980293426735353,0.03637018118961807,-0.08654233295672219,0.0367363158746994,-0.06221262301445499,0.0382517809795873,0.0498945843431172,0.05196085373332801,-0.07276862171245864,-0.014310632571503676,-0.06667052139390196,0.014494393620875939,-0.2942138649087437,0.0947559047157921,0.04129140292171025,0.04698905544305003
IL,-0.7633809208732404,0.02915111070289574,-0.02233605513395432,-0.1252937794361556,0.021337301657554163,0.2775345510191071,0.4173333043577432,0.025447316353842005,0.10265037698825498,0.09918347529491879,0.26715371569916313,-0.21227282472682352,0.06550889260472029,-0.005242639315033188,0.11056120808135488,0.08458997344716489,0.01526657074046977,-0.04420850127847784,0.1129473281597363,-0.016553191685828934,0.03675998293419272,0.021563443845131283
IN,0.5653802631569639,-0.008061793946725354,0.05262237189657808,0.11528247019853491,0.058996200086174386,-0.008471006895316758,-0.7313389129609367,0.13316917063588127,0.08798952484991275,0.168451165560145,0.13613388899926168,0.20785409301365837,-0.10190018414979087,0.1306709801444406,0.022980249873179447,0.050512245828748296,0.057946298374700285,-0.0505626805274949,-0.003074956263977922,-0.012606204335312303,0.03618571482532397,-0.016579171564803954
KS,0.2282753805400872,-0.1322865793865231,0.19839807624972702,0.8509922121758415,-0.06671716494442925,-0.031803649784435166,-0.19195413545134465,0.12660919285511119,-0.174525413596586,0.059677503528089426,-0.1263613675967122,0.1805922077582076,-0.07911758772764994,-0.043764677626345304,-0.1668661612798794,-0.038614504442504714,0.09283248320270607,0.04446960942801748,0.09151664215510216,-0.03618518389767024,0.012915464841780244,0.03063696262868904
KY,0.54680832942083,-0.07414412469966551,-0.02101322005264937,0.015777365297284733,0.1871284943849316,-0.13750341167493904,-0.7144411787634856,0.0017929287975587212,-0.1251574676343868,0.035310267989758365,-0.16898060935389278,0.16884490280372697,-0.02291273880303307,-0.13232966537636895,-0.176842935493615,-0.10172072684293032,0.037584595804538524,-0.05973567054481824,-0.15499658303137367,-0.054085449957202235,0.033119511889522016,0.01738735902015264
LA,0.9334877287125395,-0.045957493548057296,0.12673727074054925,-0.03110604934674967,0.09153483071787293,-0.018268360813850058,-0.23614719484984364,-0.030343427187033287,-0.0752421245537058,-0.1380515048030577,0.05491945094231368,-0.07696111219305932,0.06454993742383384,0.021841575338952028,0.08994978559424366,0.07398834397630552,-0.11611339094113493,0.095967846365115,0.051629016796271715,-0.02573117394623514,-0.0011999899232428498,0.02816837737661604
MA,-0.9189702243796788,0.02246042673655545,0.005237853791480604,-0.08743680197394148,-0.11078024713932244,-0.08544935027769848,0.1375468333094051,-0.04391202511574948,-0.086059433942942,-0.08537199934697248,-0.0058178992805905565,-0.047388504544240526,0.002705422605019391,-0.06262499532386286,0.3050179632927149,0.020926896681775897,-0.09312546649976769,0.07061461336993938,0.018261901818085534,-0.022920615969959476,-0.08001119445040888,-0.07017304706354495
MD,-0.25305337107369863,0.060618915108176644,-0.31482143751124736,0.16100399840196378,-0.26002939681900356,0.17576327056104907,0.24212807600667904,0.07354636114307465,0.1682115985399888,0.18147755614656663,0.15278462942148696,-0.13138701878572345,0.030709237018888946,0.01199509986302162,0.2719574540616404,-0.0021231710739236407,0.1270927902185629,0.0029052950963679076,0.6948019581824237,0.01025145363469118,0.008467297744583553,0.0037359228104794193
ME-01,0.004735528778070187,0.5692921848854993,-0.35376601760291276,-0.042597378759939145,-0.12278355154238238,-0.019271470016548654,0.41453375015505034,0.13112778306613262,0.42963934336762005,0.04253224062029523,0.08904385770362597,-0.17291336296419277,0.012802267094792767,0.06354562512543406,0.3523984270228245,-0.011891911219283539,-0.05277644462496475,-0.02526925147294632,0.14669803097073675,-0.011399334662312618,-0.014467604057817206,-0.021423334578486084
ME-02,-0.03191407895517519,0.37834229335471825,0.11689811495294056,-0.170250496543285,0.8167124901038864,0.16083206162567276,-0.1946424609005663,-0.10303859215746199,0.05193544454182437,-0.046850041868597946,-0.09343717243676453,0.21675532696456917,-0.017580866569769565,-0.0878589103886777,0.08441151100619688,0.05997795248188588,0.02384124293182484,0.11346906778804756,-0.03099385415341018,0.03274643888848417,0.07724394122848048,0.08069146088239713
ME-AL,-0.7742107219524342,-0.020662403465319494,-0.20655749737221737,0.1007751314326926,0.1106531158307465,0.04201292970879188,0.15913560197513377,0.03101615654816652,0.09038340116802936,-0.14945907947895992,-0.10967930509123747,0.22134853102503205,-0.15637140176690612,-0.2367560760943817,0.3178078801509243,-0.01788080796635363,-0.028954621333745226,0.09723315391135587,0.23821941487074755,-0.002670162355257356,-0.007375565416926374,0.018108693225644356
MI,-0.7803122448199993,0.13249791366643088,0.02143359594824443,-0.03947438602800548,0.1754660846806539,-0.12188809274999542,0.39420513054883616,-0.00615329934538461,0.04928958806054281,-0.12567114425936052,-0.08927637586865324,0.1912512704864975,-0.08568533223561603,0.02961837998247566,-0.21778153803152245,-0.09804095890022897,0.0182748528169341,0.03244728845662667,-0.18827064775889327,-0.019220186013022035,0.2004979442646003,-0.004695263245324465
MN,-0.6209697074837888,0.0630877814247572,0.4991357327216605,-0.02929543603042682,0.007894047117454483,0.0009082753881485905,0.18622822681241144,0.08178922193007418,-0.17332388159703027,-0.18125773702961226,0.010484846275629327,0.04694342330556798,-0.04579959360296333,-0.1926626974997634,-0.4349521734852099,-0.07245250801896361,-0.07532346746931237,-0.022052156486237075,-0.18446146208354425,0.00916038140499054,-0.10566307124438619,-0.05720174684851667
MO,0.4029819263231694,0.05990296876198301,0.15234456481619024,0.11736787366786722,0.28696906479326245,-0.0922922674304045,-0.7659468899896905,-0.03055092772009826,-0.032955868315506426,0.13820969481419057,-0.07284933848673171,-0.04454395472619147,-0.049410048100784164,0.04810570764428003,-0.2074683365851116,-0.10812886013588978,0.07968117355405409,-0.02260532173383587,-0.22560363515959103,-0.07026951036773756,0.04432310759234894,-0.016400716522649655
MS,0.9435399420210718,-0.0002660670566894895,-0.022566030153234874,-0.08674423352497755,0.023090398576297227,0.09137028434382244,-0.18066050249132784,-0.004361736112279838,-0.013383904097686168,-0.1627630263866646,0.17312091825252504,-0.10300128561514658,-0.05719759778695722,0.07948653301321841,-0.010978082236523872,0.09413839255889425,-0.009963301634444189,0.08693143161844064,-0.0076414166780832465,0.013936796655831621,-0.03332865338212178,0.03814842950442944
MT,0.6846062669079847,-0.12660305652969922,0.4550976033873672,0.11275356153483178,0.1454769860833142,-0.28922358684438026,-0.09568771847293457,0.13725364057563527,-0.061769549997672625,-0.021201465383541524,-0.012220127867739135,0.20393568365841652,0.1156952276997456,0.013220578095630629,-0.11942545657828947,-0.030698911658816656,-0.01199253034606471,0.008023707670126494,-0.29190049919426064,0.18148601677591578,-0.0023869610719209045,0.014480482878230876
NC,0.9237326486719046,0.03866049321058534,-0.18011698292659784,-0.11905501021550685,-0.0851228463256136,-0.0010137040130135887,-0.24002710475830435,0.07244303713513303,0.025452214614958724,0.16114866754075732,-0.06463950235464862,-0.010474401405044322,-0.016136696785990882,-0.028489856922429786,-0.11796130249218786,-0.07783609683307863,0.013201383042137544,-0.02185485046097125,-0.01352349528277152,0.03900137913062838,-0.003003480492495634,0.09378034998485404
ND,0.31072035926487207,-0.005049525536188876,0.889983959100711,0.06020770465268013,0.152726774865827,-0.11019876371576486,-0.10989168175445893,-0.005063006562574404,-0.02498576861811086,-0.08519504830400743,-0.1370643134317937,-0.056342784768869406,-0.013160795325892335,0.17506197407748073,-0.08545085211951535,-0.011562464299147058,-0.027412163824062488,-0.00011097116329277116,-0.1268927299019497,0.05833374661678162,0.042314471189169936,0.021747475476085906
NE-01,0.027209801618953578,0.013109177335777909,0.0024371155268717777,0.14133597053713268,-0.05655839304995537,-0.10427988062276212,0.04083501345484801,0.9952789244354874,0.02239906407449302,0.026287017899832656,-0.004029295218074433,-0.06846088100770163,0.0007091205260556529,-0.002683600742078333,0.00428753061543313,-0.004971141845887062,0.03385972791687364,-0.0032331177754655765,0.011954723926502946,-0.0013477565920428254,-0.0013437131885504128,-0.003453834975955204
NE-02,0.029134049894017612,0.08731831929705486,-0.10762268009190894,0.09524097356277927,-0.8352861894293159,-0.1141734440671382,0.2168280897852721,0.44079682633884565,0.16199523648825911,0.044359046016566435,0.07512167100117295,-0.07501312843410585,-0.027652113244581843,-0.016707599621961444,0.0031514907437900884,0.061096928816870635,0.03572729078486122,0.011830672526557848,0.06458560658742231,0.04013815782932687,0.026113605403689122,0.053073397319534386
NE-03,-0.01232709339140483,-0.17297005912213775,0.12723303281994658,-0.0024653163050765946,0.9248106693570095,0.019538460697191954,-0.2045149528075375,0.23898542602776693,-0.107183771003348,0.014882820451426823,-0.07970263448185888,0.03894682520045205,-0.021309952741120526,0.04695552966059625,-0.03899832315759425,0.0017924111458297617,-0.04767574741383165,-0.06690910168339918,-0.051441634504011687,0.0078108763401483336,-0.030149818440388006,-0.013423189715319372
NE-AL,0.6782161246081312,0.030995942805300943,0.42392089833971247,0.5094960598834469,-0.07932418349327071,-0.07781483612007985,-0.2158292328689712,0.06271228589930579,0.12029105436735539,0.10717184642334156,0.025990390059522115,-0.0955672173834432,0.00508660943509606,0.04825163206298043,0.09830812677305414,0.04629049596658603,0.03460815882049786,-0.025556699789660426,0.06099575972981662,0.028633087260703488,0.06846617269364033,-0.10260577794932682
NH,-0.1495558036468859,0.08075526009128527,-0.3993580566102329,0.033791444011065395,0.03655894511249641,-0.05841441844255891,0.06524748176227234,0.012504516342932643,0.19525548158934075,0.1241949756656471,-0.03184907896433342,0.01391170314692816,-0.02596205345609793,0.0033695965190293467,0.8770293246987018,-0.007129714349844383,-0.020775344730455877,-0.01833415583852637,0.09657994798937151,0.005222728968290709,-0.008604884860188466,-0.008975603612227984
NJ,-0.7193500071735507,0.06897483900140448,-0.18862622749811406,-0.2167965583462442,-0.047144984714096665,0.11227439832362436,0.3592485874775529,-0.14558063541652114,0.17343174161204827,0.08017463801729592,-0.06134266485565702,-0.014453002124490176,0.19681401244591423,0.06151472839780344,0.3170634382364911,0.04419784447778523,-0.0203075478882175,0.005493297786421705,0.2510998866114275,0.00455657865023093,-0.025913982338115517,-0.1100829297736793
NM,0.45297688435144895,0.013201912135306262,-0.14130577497255462,0.2127887431232996,-0.08655522687958987,0.11135696318250216,0.016724855990404103,0.07543143498580307,0.18178415283266577,0.7137505669519782,0.23118287032806015,-0.1599360029812763,-0.0006574779879555848,0.029733180958741615,0.2619018070589959,-0.0006056561848555399,0.1458940265720801,-0.004023593448009488,0.16358148147880305,-0.0016555478720051422,-0.0024367799740423724,-0.0023612643306614232
NV,0.6897007929955409,0.10659307748151586,0.27543598853701257,0.09823627997449542,0.020684385128056183,-0.06084281281730316,0.387553007414393,-0.05152567793933006,0.14212452795175498,0.16863624599874036,-0.06074139447631945,-0.05106217706015624,-0.025022340829693755,0.4032377601220953,0.288942156671121,-0.0037853960484484517,-0.0396427508231618,-0.0060140024010320115,0.02045023330561591,0.00452768835699901,-0.0036925680966074766,0.0033238448811860975
NY,-0.8051630773281335,-0.013260476628318212,0.009483187692393676,-0.13137147214619038,0.041101006566200006,0.20857647716150599,0.2107108825724827,-0.13302501209723525,0.18608997638722025,0.016069617253631374,0.08304248657885063,-0.17275241033084662,0.13994019272453675,0.006381067583630638,0.28829584320365625,0.07255885171291102,0.027321185965400827,0.02248679496413204,0.280700834077871,0.0034507709761646523,-0.053481132065358664,-0.010517491539307833
OH,-0.17712841675982355,-0.03220811880379447,-0.1497369037041852,0.26669066273461733,0.29371031021383326,-0.07241568731301849,-0.2150836650200695,-0.11878418330101964,-0.02834776566843551,-0.08341077909224583,-0.06031305873237348,0.8586031749201931,-0.0037433395693623603,-0.010909152851237714,0.005806900304750845,-0.0014238586508592691,0.039627117321411706,-0.0033873071923650002,-0.07285878236139105,0.000519601807638286,0.0014503873241713471,-0.0006211713496646479
OK,0.8249496751333162,0.0004643843429275577,0.12129518119652191,0.14776499005178437,0.12110456789102367,-0.06621260397343225,-0.3837367957671807,-0.03588554862441546,-0.020503700956307293,0.11144148258109396,-0.18707245449205412,-0.028614562357593618,-0.012866128687336333,-0.07378144212885276,-0.1925133276153005,-0.14434718506062877,-0.03172292999864038,0.013677006441655027,-0.154213807507889,-0.06759721769541487,-0.006269651693712237,-0.09116695615313464
OR,-0.35094977101457825,-0.03651576483885306,0.14820361481468877,0.21122607536483312,-0.16528791392554287,-0.01913434848509665,0.5349912019244522,0.141624600809764,0.04160063010710423,0.2286584812661463,0.10714450768928027,0.10023299009849453,-0.011326448682753246,-0.009930678489195923,-0.050105091232094244,-0.008258960309626551,0.6223030632388383,-0.011318359250094964,0.2105509515589042,-0.004207703092527991,-0.0006471145979388474,0.00027418419964100177
PA,-0.8209355269977819,-0.1355039812494513,-0.20362942464568815,-0.22600878731528953,0.10169377961652562,-0.053960633991444934,0.08035812344756171,0.04191351874720969,-0.08777233485536354,-0.11886007130579489,0.019194945089880268,0.2605234863870203,0.05216989817954596,0.044142185128909224,-0.23019864768606996,-0.19769549223775584,0.1259226354408019,0.03443777206740214,-0.12946078914951786,0.07416915638496831,0.018365808343103456,0.034980793427080464
RI,-0.8608343685623242,0.021614633933910242,-0.04002783727096541,-0.23610672978826058,0.06258473371632338,-0.16451826106780568,-0.11380709474086523,-0.08569383023090987,0.10279247406394089,-0.051191974503076054,-0.11859040558103881,-0.03216757957670898,0.04113553704343728,-0.0992869296752767,0.2187869887164507,-0.06258964820906984,-0.149103944572097,0.2523407008924468,0.0811285496026682,0.009485757354349754,0.013902908893991723,-0.0065161109705328965
SC,0.9548192875220204,-0.011624514777716881,0.04872777855427756,-0.028376064612296047,-0.025046184661501814,0.04063950654363551,-0.25635544279778444,-0.011727102755322594,0.025231880000310326,-0.09135321064163084,0.06200895435337959,-0.04042319334218479,-0.004542489693352836,0.05210373444908789,0.1377120959205655,0.07314121507495361,0.02453240376661007,0.00384419265744909,0.030084360422688628,-0.014222404055209194,-0.04236609301045891,0.07866197881559692
SD,0.07520359443836486,-0.049785671299866496,0.7797811125549524,0.2509012030886394,0.16859270476133376,-0.09391085349902112,-0.32922206200091064,0.017896664126854256,-0.2210794070241889,0.027254825517231372,0.002031396329355683,0.035602050516957355,-0.2817300475061482,0.033603778979624827,-0.07024100145866573,0.05808988454464239,0.15805312197041418,-0.017517855462470946,-0.19831426374338534,-0.054342683072601566,0.020464265089331933,-0.019517528289094758
TN,0.7983897213342764,-0.06387819691693811,0.03407029309916327,-0.11592807698939109,0.18465023126581862,0.07154254616516784,-0.4806691085402555,-0.05274616899686147,-0.14185229941225014,-0.06221910858532411,-0.10635228443343213,0.021406176089867255,0.013161323624733396,-0.04031269107640236,-0.19312287438537262,-0.1424049736188098,0.03677967361299066,-0.05540296200925323,-0.045010661033611815,0.000954671323500151,0.011975809705041791,0.0022534917556438893
TX,0.9569793002986103,-0.038540484402671174,0.07652595986935021,0.07759800948253771,-0.038786659019863265,-0.16309883105791229,-0.17460966884508508,-0.004292087606809318,0.04824340087990095,0.10056574135036721,-0.11960968868989161,0.04078992698921363,0.008647211551224283,-0.08842136863640536,0.021288550988648246,-0.04236221396046118,-0.03656325756657022,0.049559648673753696,0.022092542360799897,-0.004643040997356378,0.0008192665552905536,-0.057150897578843125
UT,0.8413485590243321,-0.10770781602829356,0.06970093895803378,0.004183994732170657,-0.12479718152785346,-0.31985636538220447,-0.08216085845380196,0.1047285833372002,-0.0007249398024397291,-0.0439325371457659,-0.06508405170635372,-0.024836440659904997,0.19352214781038105,0.023906716169500637,0.15144512314557354,-0.007641514742334141,-0.12054653583466966,-0.035611338021112354,-0.29016436124733036,-0.0266025900896224,-0.021727842401510107,-0.041769656543549985
VA,0.8947626131314216,0.011494602939923862,-0.18259906950076182,0.12117489670444645,-0.1416435986342149,0.05092114631973679,-0.12750668203704363,0.03141908250255725,0.10283282900377111,0.11782578316750301,0.07866323935845829,0.021007234052135646,-0.03377362396343639,-0.011967063824013446,0.2228227391676927,0.04251415648016187,0.0670134863186324,0.019669483127541514,0.2414263798526729,0.02307696698779864,-0.010876394143247156,-0.015757497256984783
VT,-0.7795007992533984,-0.002830347969340334,-0.15118772608895098,0.03910318108043756,-0.02948977582153997,0.15690795554264308,0.38638124404961804,0.07969247084962622,0.15690568254892945,0.036927815520123225,0.07825778496258548,-0.009337779920322262,-0.01649889573079783,-0.11191881009123887,0.26789698839271714,0.015110387248953963,0.10859236754660274,-0.002650569737027919,0.275818641287798,0.010622416463754636,-0.043809317923855416,0.12358070080938963
WA,-0.29725322516718644,0.03890818674540799,-0.0684934836199181,0.10043846913632258,-0.06515258554352253,-0.010896181312374093,0.8674678601540896,0.10031649609942922,0.14573713499173357,0.07479428742511295,0.07328175655913012,0.04897495379395841,0.0011209978277355046,-0.075166424633047,-0.20753467605756606,-0.19835076946913632,0.1438986916142257,0.03955253605109127,-0.11410430176023913,-0.061995978366409105,0.018691430064471472,-0.04699711056410514
WI,-0.3888467854013373,0.06435647155001127,0.8393679941612702,-0.11394696109318508,0.006202925263358175,0.07418971043056148,0.16178929336609948,0.03185082743804437,-0.015640368467052808,0.05462983071589421,0.07779711958111638,-0.10973302664816353,0.14160284117450897,-0.12339259335081051,-0.16137430615628298,0.04977018633464231,0.04607181131552926,-0.0011751563540733378,0.18670399488337078,-0.006323809338836749,0.016163838231488373,-0.038875130802998245
WV,0.232649513109869,-0.13626639284570985,0.08473831622881853,-0.094797511042253,0.3730453983127895,-0.1104948783893305,-0.7259386078757821,-0.030671488683475155,-0.1968535411988406,-0.05853502444281383,-0.2098660158547823,0.18549292738650303,0.0589173107349817,-0.08440374122863051,-0.2619456414850411,-0.13613185811974246,0.0027397229658115345,0.10569233556687264,-0.18301501404055884,0.032087457946898386,0.0018542680143978855,-0.02213432701352477
WY,0.6446163097295019,-0.07554837780583978,0.28610190702279564,0.14434165211692213,0.2649554163781413,-0.3251729114290497,-0.3297493325413988,0.05011817494330504,-0.12318638024670096,-0.0838640127884277,-0.14759249573922534,0.10741057624832281,0.0746085160925911,0.0029487657619652547,-0.141879910720192,-0.08796507404189781,-0.0936632008467822,-0.016334098935010994,-0.3447827259737458,0.05033800567066953,0.033269321490348114,0.04692325165455455
