year,PC1,PC2,PC3,PC4,PC5,PC6,PC7,PC8,PC9,PC10,PC11,PC12,PC13,PC14,PC15,PC16
1916,-0.5953576249294604,6.442503590660034,0.08532256990612515,-0.1903004706288299,0.29848532236548553,0.10798427017021948,0.9281018924722374,2.753249686167762,0.18721024485514054,-0.5020367394397606,-0.13243338557802184,0.10138868981511946,-0.4645401268001984,1.404295259100019,0.4252042376031801,0.3539852649555337
1920,-9.92375410946822,1.0814108680341814,1.2271023285264093,-0.3653215778413259,-0.0038189083799050508,0.015335379523477225,-2.8508412756722468,0.6933810896411138,0.812791399999899,0.7143989001141058,-0.40216368917146755,0.5818351804102321,0.6562639096835592,0.5801542530612812,0.607386577366956,-0.0030535632565428703
1924,-9.994043527955279,2.2185680066191367,1.1780425933855012,-0.4315477018525481,-0.015739940567100676,-0.27467852210275584,-1.2172383235167892,-0.7478112600012423,0.16537567980864745,2.041134982364916,-0.07973106617051696,0.4465502518644793,-0.23852274587443695,0.2745676970585521,-0.17268516526326544,-0.5709437509624254
1928,-6.36876490984607,-1.2834883935033774,0.38856248555519673,-0.19506759762653306,-0.19947608450703466,-0.013019553728305105,0.9183872366899594,-2.2883019284732997,0.13683849831505832,-0.17567726309241907,0.054444971362844485,-0.037582900739731584,-2.132394662647457,1.5115124840403624,-0.48978118335598975,0.9712825787334314
1932,3.345736751613598,9.399963056946165,-0.403298647907813,0.11895211846850319,0.2020506932369503,-0.3701910884154993,4.230120455052429,0.7627244132454051,-0.4787251899070125,0.8250825340963253,0.20685953204004381,-0.23067403369776987,0.5135431577923585,-0.35350718046902746,-0.4372306768168153,-0.5159126844877153
1936,5.656820480480553,9.90273958448723,-0.612658206549693,0.12892111101459516,0.2965841124713557,-0.1778925760871894,2.4423703534457855,0.5507224088171948,-0.8020978072627339,-0.36973687619776,0.9335365525181095,-0.3058444194736111,0.7463975872968146,0.09526181708322487,0.8244062836308408,-0.06250973931987007
1940,1.5545655703161734,6.971500037357596,-0.009853650024274593,0.029230792620620654,0.03143423560971322,-0.07438983832493894,-1.181421002565961,-0.6096597516565242,0.41587862707182877,-0.1430439862547291,0.2623772709723375,-0.04205459708823402,0.4164550631992947,0.3245744562112889,0.009665148794039832,0.32523284632813404
1944,0.782389589421975,5.242922627358984,-0.05170949916321652,0.011819374226835459,-0.010935197965957029,-0.10111744918208414,-0.9934623977432279,-0.9127953363273197,0.22340216174775085,-0.7432492615775846,0.04179551101770358,0.14865493317628836,0.1541352883261132,0.4697179328450139,-0.11086608105757638,0.13053785070109156
1948,0.5573019470263898,3.8453588978162943,-0.7147674512193593,0.3774650501137328,-0.06036699292445904,0.4249806325746971,0.9300731197885753,0.5284772408490084,0.19210278834408362,-1.2925813403034865,0.32109901034823146,-0.20185309190245662,-0.20817777755315275,-1.862015055311717,-0.32335807407372413,-1.15134206593456
1952,-4.496672862708344,-1.138063568940436,0.005504238075935305,0.12984983543642015,-0.229691054966053,0.07132309004567436,-2.0572172599716656,-0.9878724862057597,-0.9116372917559733,-1.2686019721479682,-0.06290508186675071,-0.26055343594204444,-0.01200835935565247,-1.4086873360733265,0.162923470637273,0.023332711098266103
1956,-5.5425300553939545,-1.3689666828393778,-0.3080872120901899,0.07244937159105695,0.01952413452775869,-0.2982246411787768,0.31806129484301116,-0.30978278459761904,-1.1641990576029346,-1.6603940408673479,-0.1483645713999958,-0.21302653199637392,1.539769174634051,-0.929562483655657,-0.2701548892764212,0.5643604676290592
1960,0.03886527506301101,-0.20304209700040146,-0.5742823791834565,0.15532761280235224,-0.1418805142127343,1.2975093676104255,-0.1522119990976296,-0.6471237789509687,-0.43417997439547945,-0.5040556839940572,0.011816270245819351,-1.4901115401568705,-0.6766099754581293,-0.026922803197292948,0.7008089324503682,0.12557427034775673
1964,9.11272681949619,2.054778344354983,-0.8218501293809044,1.0377077287840277,-0.22239349094636623,5.9797691236035595,1.8036472184515835,1.0592001522807364,0.8408286457887116,0.31559834544031173,0.3017062233023461,1.6471710323577642,-0.22426800162957153,-2.0616594605087215,0.41288913310534103,-0.09203442021609742
1968,0.3938305935881263,-1.7869567256109191,-1.617581117354658,0.3894313018499288,-0.24159758016636745,1.667145846598425,-0.299415589559345,-0.3213813918111168,-0.4986393242025171,-0.7298178363536926,-1.4451260892549143,0.43387092095706675,-0.9067018959256253,0.0026629788002612152,-0.25184810513380007,0.0911689380051714
1972,-5.0230134516067855,-7.41725153445727,-5.000325506815478,-0.7931863813307485,0.23901317810578582,-0.9345485977142566,0.7039200667520754,-0.34772204445657484,0.487748104164647,-0.8199500983491261,0.4517142276555451,-1.0968652321682968,0.3619706350052386,1.6544689922758118,0.08636949730855556,-0.5950375165881744
1976,0.14382723408126363,0.4842145343671395,-2.1042134407420607,0.6178883475753129,-0.3438730321107847,-0.5531046218412038,0.4603204999998117,0.08591160702652563,0.38676968442684384,0.4626439982486475,-1.2140321234250626,-0.2979402109473122,0.12440216249448148,-1.637417402437616,0.12758837830755573,0.5875576971986205
1980,-2.7237703898847903,-3.239009555108421,-2.4312682986400254,0.3496705370255854,-0.2497604885793421,-1.251785394250723,-1.5189415140125133,-0.47468005259047547,-0.6907832670089297,0.7253168674246624,-1.3385582445260593,0.3604589492330361,-0.20076163888623963,-1.3029206815296328,-0.3920434167366834,0.6221835817019165
1984,-4.435720321106379,-5.708375715332643,-3.4763590114997562,-0.7543181699680575,0.20091438382316293,-2.4342934993811225,-0.4580262329335304,-0.40150163430847835,-0.4613050038469478,0.15402291183251896,1.7037046422434095,-0.11687516370971726,-0.11133967762188943,-0.2757446929024792,-0.1326849115076161,0.46340773768851823
1988,-0.8054647217282549,-3.1810870994194738,-2.7466122354925573,0.09506880899653505,-0.030152986225490373,-0.7157143170198937,1.3866193165323484,0.5046318228291068,-0.4008496679714511,-0.21952207956823278,0.9491746428210942,0.5545696674672014,-0.0030550588577074223,-0.4999163957777438,-0.5843481866967369,-0.08401692397368342
1992,2.7794182336438453,0.021128861004928716,-0.09819458763764863,4.3750221518762595,-0.3685437393128999,0.5601768464507916,0.5513142188950049,0.8243326292180847,0.040304365464245644,0.10851861640042076,0.5445700391216832,-0.7775698092071516,0.42087731244299,-0.26183825395583515,-0.4193493142121826,0.036781214675032946
1996,4.256919986413638,-0.260007921541305,1.3003214911496894,4.229233765552081,-0.8838054709650089,0.1655881969584348,0.3375603951913175,-0.3341668946150898,0.45449721130962806,-0.062373035410590465,-0.9687599648673603,0.08440006891135085,-0.5929762532573465,-0.2041592937031405,-0.3222058668643146,-0.16903827866747054
2000,2.1371525802279647,-3.0625123734502524,0.7424598986787424,-0.6702620075619253,-3.10173077196278,-1.2300597582378026,-0.8616209047343113,-0.43269076523111394,0.1896935861317844,0.5390128732126511,-0.292742622509669,0.17757323184491655,-0.5002559282762602,-0.1959174583776846,0.13031112536305742,-0.2424425970547307
2004,1.7812775464821393,-3.7510146056899907,1.1445653677366314,-1.697375609910857,-4.239412055599093,-1.1054253495266626,-0.5754597318797438,-0.10258109780664429,0.3607738821706579,0.1620327615620867,-0.4299383174922391,-0.31860516059425875,0.10029148784593818,0.29294142561377623,-0.004928596958109054,0.1398870944304632
2008,5.139007204971171,-1.8287516634061909,3.235481178183534,1.653875484851385,2.432391415400491,-0.35232923271692185,0.5585791574584602,0.0660603559835757,0.3928632745162178,0.24050892039570568,-0.24894627808687955,0.9465779835996351,0.16066823701356142,-0.002514268917985191,0.920488473975082,-0.02823047846144862
2012,3.9524394345929186,-3.0733692334889215,3.1749495555390923,0.12789036843652357,0.0901723892334408,-0.18888095434895794,-0.1813215481138533,-0.05872613907800596,-0.10417584145194152,0.6455137591856122,-0.3983455230410822,0.934473370608445,0.42804521492936964,0.7627664183070576,0.39063412197628544,-0.12110267014844579
2016,2.4770375033530536,-3.53834135936568,2.7237566186613136,-3.5336675325979696,0.6099527601603251,-0.29942804875365925,-1.0652048332809017,0.06660530503538066,0.1275359266227987,0.36677281636187137,0.942367143647564,-0.007504631907759335,0.3021303783048701,1.3527696808688288,-0.11056801514464154,-0.28782353227725854
2020,3.589832297469634,-2.9942939504784025,3.1561999609145124,-2.7295840657524972,2.83983410333983,0.18867300939554235,-1.0342440475965622,0.40682902914683755,0.3142983188535533,0.6389370615526406,0.27280013386856566,-0.39538128328882977,0.10499334067795237,1.089066341308988,-0.29903573412054546,-0.254301159704634
2024,2.209942926385885,-3.830555929373615,2.608793087388405,-2.539172646150461,3.0828215811170745,-0.10340232012049899,-1.1224485648943165,0.6746716058694971,0.21768002581442536,0.5515448653642803,0.16408078622472205,-0.6250822374251173,0.24166915249707366,1.2080230302433959,-0.4775871633001134,-0.2575028724399405
