year,metric,mode,abbr,ev,from_party,to_party,votes_to_flip,pct_of_state_votes,post_flip_winner,post_flip_margin
1864,votes,classic,IN,13,R,D,10095,3.597,D,1
1864,votes,classic,RI,4,R,D,2747,12.246,D,2
1864,votes,classic,MI,8,R,D,5319,3.602,D,2
1864,votes,classic,MD,7,R,D,3708,5.087,D,2
1864,votes,classic,PA,26,R,D,10038,1.753,D,1
1864,votes,classic,NH,5,R,D,1782,2.559,D,2
1864,votes,classic,OR,3,R,D,716,3.903,D,1
1864,votes,classic,CT,6,R,D,1203,1.383,D,1
1864,votes,classic,NY,33,R,D,3375,0.462,D,1
1864,votes,no_majority,IN,13,R,D,10095,3.597,D,1
1864,votes,no_majority,RI,4,R,D,2747,12.246,D,2
1864,votes,no_majority,MI,8,R,D,5319,3.602,D,2
1864,votes,no_majority,MD,7,R,D,3708,5.087,D,2
1864,votes,no_majority,PA,26,R,D,10038,1.753,D,1
1864,votes,no_majority,NH,5,R,D,1782,2.559,D,2
1864,votes,no_majority,OR,3,R,D,716,3.903,D,1
1864,votes,no_majority,CT,6,R,D,1203,1.383,D,1
1864,votes,no_majority,NY,33,R,D,3375,0.462,D,1
1864,margin,classic,OH,21,R,D,30028,6.372,D,1
1864,margin,classic,IN,13,R,D,10095,3.597,D,1
1864,margin,classic,IL,16,R,D,15395,4.421,D,2
1864,margin,classic,PA,26,R,D,10038,1.753,D,1
1864,margin,classic,NY,33,R,D,3375,0.462,D,1
1864,margin,no_majority,OH,21,R,D,30028,6.372,D,1
1864,margin,no_majority,IN,13,R,D,10095,3.597,D,1
1864,margin,no_majority,IL,16,R,D,15395,4.421,D,2
1864,margin,no_majority,PA,26,R,D,10038,1.753,D,1
1864,margin,no_majority,NY,33,R,D,3375,0.462,D,1
1868,votes,classic,NE-AL,3,R,D,2127,13.91,,
1868,votes,classic,PA,26,R,D,14450,2.204,D,2
1868,votes,classic,IN,13,R,D,4787,1.393,D,2
1868,votes,classic,AR,5,R,D,1518,3.685,D,2
1868,votes,classic,CT,6,R,D,1473,1.493,D,2
1868,votes,classic,AL,8,R,D,1874,1.253,D,2
1868,votes,classic,NV,3,R,D,632,5.403,D,2
1868,votes,classic,CA,5,R,D,258,0.237,D,2
1868,votes,no_majority,NE-AL,3,R,D,2127,13.91,,
1868,votes,no_majority,PA,26,R,D,14450,2.204,D,2
1868,votes,no_majority,IN,13,R,D,4787,1.393,D,2
1868,votes,no_majority,AR,5,R,D,1518,3.685,D,2
1868,votes,no_majority,CT,6,R,D,1473,1.493,D,2
1868,votes,no_majority,AL,8,R,D,1874,1.253,D,2
1868,votes,no_majority,NV,3,R,D,632,5.403,D,2
1868,votes,no_majority,CA,5,R,D,258,0.237,D,2
1868,votes,tie,RI,4,R,D,3223,16.494,D,1
1868,votes,tie,PA,26,R,D,14450,2.204,D,2
1868,votes,tie,IN,13,R,D,4787,1.393,D,2
1868,votes,tie,AR,5,R,D,1518,3.685,D,2
1868,votes,tie,CT,6,R,D,1473,1.493,D,2
1868,votes,tie,AL,8,R,D,1874,1.253,D,2
1868,votes,tie,CA,5,R,D,258,0.237,D,2
1868,margin,classic,OH,21,R,D,20774,4.004,D,2
1868,margin,classic,AL,8,R,D,1874,1.253,D,2
1868,margin,classic,IN,13,R,D,4787,1.393,D,2
1868,margin,classic,PA,26,R,D,14450,2.204,D,2
1868,margin,no_majority,OH,21,R,D,20774,4.004,D,2
1868,margin,no_majority,AL,8,R,D,1874,1.253,D,2
1868,margin,no_majority,IN,13,R,D,4787,1.393,D,2
1868,margin,no_majority,PA,26,R,D,14450,2.204,D,2
1868,margin,tie,NC,9,R,D,6191,3.411,D,2
1868,margin,tie,CT,6,R,D,1473,1.493,D,2
1868,margin,tie,AL,8,R,D,1874,1.253,D,2
1868,margin,tie,IN,13,R,D,4787,1.393,D,2
1868,margin,tie,PA,26,R,D,14450,2.204,D,2
1868,margin,tie,CA,5,R,D,258,0.237,D,2
1872,votes,classic,RI,4,R,D,4169,21.949,D,2
1872,votes,classic,LA,8,R,D,7318,5.686,D,2
1872,votes,classic,NY,35,R,D,26729,3.228,D,2
1872,votes,classic,IN,15,R,D,11258,3.206,D,1
1872,votes,classic,OR,3,R,D,2039,10.121,D,2
1872,votes,classic,NH,5,R,D,2872,4.168,D,1
1872,votes,classic,AL,10,R,D,5415,3.191,D,2
1872,votes,classic,CT,6,R,D,2310,2.406,D,1
1872,votes,classic,NV,3,R,D,1089,7.434,D,1
1872,votes,classic,FL,4,R,D,1169,3.522,D,2
1872,votes,classic,AR,6,R,D,1724,2.174,D,2
1872,votes,classic,WV,5,R,D,1395,2.233,D,2
1872,votes,classic,DE,3,R,D,463,2.122,D,2
1872,votes,classic,VA,11,R,D,909,0.491,D,2
1872,votes,no_majority,CA,6,R,D,6061,6.632,D,1
1872,votes,no_majority,LA,8,R,D,7318,5.686,D,2
1872,votes,no_majority,NY,35,R,D,26729,3.228,D,2
1872,votes,no_majority,IN,15,R,D,11258,3.206,D,1
1872,votes,no_majority,NH,5,R,D,2872,4.168,D,1
1872,votes,no_majority,AL,10,R,D,5415,3.191,D,2
1872,votes,no_majority,CT,6,R,D,2310,2.406,D,1
1872,votes,no_majority,NV,3,R,D,1089,7.434,D,1
1872,votes,no_majority,FL,4,R,D,1169,3.522,D,2
1872,votes,no_majority,AR,6,R,D,1724,2.174,D,2
1872,votes,no_majority,WV,5,R,D,1395,2.233,D,2
1872,votes,no_majority,DE,3,R,D,463,2.122,D,2
1872,votes,no_majority,VA,11,R,D,909,0.491,D,2
1872,votes,tie,CA,6,R,D,6061,6.632,D,1
1872,votes,tie,LA,8,R,D,7318,5.686,D,2
1872,votes,tie,NY,35,R,D,26729,3.228,D,2
1872,votes,tie,IN,15,R,D,11258,3.206,D,1
1872,votes,tie,NH,5,R,D,2872,4.168,D,1
1872,votes,tie,AL,10,R,D,5415,3.191,D,2
1872,votes,tie,CT,6,R,D,2310,2.406,D,1
1872,votes,tie,NV,3,R,D,1089,7.434,D,1
1872,votes,tie,FL,4,R,D,1169,3.522,D,2
1872,votes,tie,AR,6,R,D,1724,2.174,D,2
1872,votes,tie,WV,5,R,D,1395,2.233,D,2
1872,votes,tie,DE,3,R,D,463,2.122,D,2
1872,votes,tie,VA,11,R,D,909,0.491,D,2
1872,margin,classic,AR,6,R,D,1724,2.174,D,2
1872,margin,classic,AL,10,R,D,5415,3.191,D,2
1872,margin,classic,IL,21,R,D,28527,6.635,D,2
1872,margin,classic,IN,15,R,D,11258,3.206,D,1
1872,margin,classic,OH,22,R,D,18766,3.545,D,1
1872,margin,classic,NY,35,R,D,26729,3.228,D,2
1872,margin,classic,VA,11,R,D,909,0.491,D,2
1872,margin,no_majority,DE,3,R,D,463,2.122,D,2
1872,margin,no_majority,AL,10,R,D,5415,3.191,D,2
1872,margin,no_majority,IL,21,R,D,28527,6.635,D,2
1872,margin,no_majority,IN,15,R,D,11258,3.206,D,1
1872,margin,no_majority,OH,22,R,D,18766,3.545,D,1
1872,margin,no_majority,NY,35,R,D,26729,3.228,D,2
1872,margin,no_majority,VA,11,R,D,909,0.491,D,2
1872,margin,tie,DE,3,R,D,463,2.122,D,2
1872,margin,tie,AL,10,R,D,5415,3.191,D,2
1872,margin,tie,IL,21,R,D,28527,6.635,D,2
1872,margin,tie,IN,15,R,D,11258,3.206,D,1
1872,margin,tie,OH,22,R,D,18766,3.545,D,1
1872,margin,tie,NY,35,R,D,26729,3.228,D,2
1872,margin,tie,VA,11,R,D,909,0.491,D,2
1876,votes,classic,SC,7,R,D,445,0.244,D,1
1876,votes,no_majority,SC,7,R,D,445,0.244,D,1
1876,margin,classic,SC,7,R,D,445,0.244,D,1
1876,margin,no_majority,SC,7,R,D,445,0.244,D,1
1880,votes,classic,NH,5,R,D,2030,2.351,D,2
1880,votes,classic,CT,6,R,D,1329,1.001,D,2
1880,votes,classic,IN,15,R,D,3322,0.706,D,2
1880,votes,classic,OR,3,R,D,333,0.816,D,2
1880,votes,no_majority,NH,5,R,D,2030,2.351,D,2
1880,votes,no_majority,CT,6,R,D,1329,1.001,D,2
1880,votes,no_majority,IN,15,R,D,3322,0.706,D,2
1880,votes,no_majority,OR,3,R,D,333,0.816,D,2
1880,margin,classic,NY,35,R,D,10517,0.953,D,1
1880,margin,no_majority,NY,35,R,D,10517,0.953,D,1
1884,votes,classic,NY,36,D,R,575,0.049,R,1
1884,votes,no_majority,NY,36,D,R,575,0.049,R,1
1884,margin,classic,NY,36,D,R,575,0.049,R,1
1884,margin,no_majority,NY,36,D,R,575,0.049,R,1
1888,votes,classic,NY,36,R,D,7187,0.545,D,1
1888,votes,no_majority,NY,36,R,D,7187,0.545,D,1
1888,margin,classic,NY,36,R,D,7187,0.545,D,1
1888,margin,no_majority,NY,36,R,D,7187,0.545,D,1
1892,votes,classic,NJ,10,D,R,7483,2.216,R,1
1892,votes,classic,CT,6,D,R,2682,1.629,R,1
1892,votes,classic,WV,6,D,R,2088,1.22,R,1
1892,votes,classic,KS,10,T,R,2936,0.904,R,2
1892,votes,classic,WI,12,D,R,3113,0.838,R,2
1892,votes,classic,IN,15,D,R,3563,0.644,R,1
1892,votes,classic,DE,3,D,R,253,0.679,R,2
1892,votes,classic,ND,3,T,R,91,0.252,R,1
1892,votes,classic,CA,9,D,R,74,0.027,R,1
1892,votes,no_majority,CT,6,D,R,2682,1.629,R,1
1892,votes,no_majority,WV,6,D,R,2088,1.22,R,1
1892,votes,no_majority,WI,12,D,R,3113,0.838,R,2
1892,votes,no_majority,IN,15,D,R,3563,0.644,R,1
1892,votes,no_majority,DE,3,D,R,253,0.679,R,2
1892,votes,no_majority,CA,9,D,R,74,0.027,R,1
1892,votes,tie,IL,24,D,R,13497,1.545,R,1
1892,votes,tie,WV,6,D,R,2088,1.22,R,1
1892,votes,tie,WI,12,D,R,3113,0.838,R,2
1892,votes,tie,IN,15,D,R,3563,0.644,R,1
1892,votes,tie,DE,3,D,R,253,0.679,R,2
1892,votes,tie,ND,3,T,R,91,0.252,R,1
1892,votes,tie,CA,9,D,R,74,0.027,R,1
1892,margin,classic,ND,3,T,R,91,0.252,R,1
1892,margin,classic,WI,12,D,R,3113,0.838,R,2
1892,margin,classic,NY,36,D,R,22760,1.703,R,2
1892,margin,classic,IN,15,D,R,3563,0.644,R,1
1892,margin,classic,CA,9,D,R,74,0.027,R,1
1892,margin,no_majority,NY,36,D,R,22760,1.703,R,2
1892,margin,no_majority,IN,15,D,R,3563,0.644,R,1
1892,margin,tie,WI,12,D,R,3113,0.838,R,2
1892,margin,tie,NY,36,D,R,22760,1.703,R,2
1892,margin,tie,IN,15,D,R,3563,0.644,R,1
1892,margin,tie,CA,9,D,R,74,0.027,R,1
1896,votes,classic,WV,6,R,D,5450,2.701,D,1
1896,votes,classic,DE,3,R,D,1939,5.042,D,2
1896,votes,classic,IN,15,R,D,9091,1.427,D,1
1896,votes,classic,OR,4,R,D,1021,1.048,D,2
1896,votes,classic,CA,9,R,D,962,0.322,D,2
1896,votes,classic,KY,13,R,D,139,0.031,D,1
1896,votes,no_majority,WV,6,R,D,5450,2.701,D,1
1896,votes,no_majority,DE,3,R,D,1939,5.042,D,2
1896,votes,no_majority,IN,15,R,D,9091,1.427,D,1
1896,votes,no_majority,OR,4,R,D,1021,1.048,D,2
1896,votes,no_majority,CA,9,R,D,962,0.322,D,2
1896,votes,no_majority,KY,13,R,D,139,0.031,D,1
1896,margin,classic,OH,23,R,D,24248,2.391,D,2
1896,margin,classic,IN,15,R,D,9091,1.427,D,1
1896,margin,classic,KY,13,R,D,139,0.031,D,1
1896,margin,no_majority,OH,23,R,D,24248,2.391,D,2
1896,margin,no_majority,IN,15,R,D,9091,1.427,D,1
1896,margin,no_majority,KY,13,R,D,139,0.031,D,1
1900,votes,classic,OH,23,R,D,34519,3.319,D,2
1900,votes,classic,KS,10,R,D,11678,3.301,D,2
1900,votes,classic,IN,15,R,D,13240,1.994,D,1
1900,votes,classic,MD,8,R,D,6974,2.637,D,1
1900,votes,classic,DE,3,R,D,1842,4.387,D,1
1900,votes,classic,NE-AL,8,R,D,3912,1.62,,
1900,votes,classic,UT,3,R,D,1067,1.145,D,1
1900,votes,no_majority,OH,23,R,D,34519,3.319,D,2
1900,votes,no_majority,KS,10,R,D,11678,3.301,D,2
1900,votes,no_majority,IN,15,R,D,13240,1.994,D,1
1900,votes,no_majority,MD,8,R,D,6974,2.637,D,1
1900,votes,no_majority,DE,3,R,D,1842,4.387,D,1
1900,votes,no_majority,NE-AL,8,R,D,3912,1.62,,
1900,votes,no_majority,UT,3,R,D,1067,1.145,D,1
1900,margin,classic,OH,23,R,D,34519,3.319,D,2
1900,margin,classic,IN,15,R,D,13240,1.994,D,1
1900,margin,classic,NY,36,R,D,71776,4.637,D,1
1900,margin,no_majority,OH,23,R,D,34519,3.319,D,2
1900,margin,no_majority,IN,15,R,D,13240,1.994,D,1
1900,margin,no_majority,NY,36,R,D,71776,4.637,D,1
1904,votes,classic,CO,5,R,D,17279,7.091,D,2
1904,votes,classic,ME-AL,6,R,D,18896,19.476,,
1904,votes,classic,CT,7,R,D,19091,9.989,D,2
1904,votes,classic,WV,7,R,D,15883,6.618,D,1
1904,votes,classic,NY,39,R,D,87777,5.426,D,2
1904,votes,classic,MT,3,R,D,6580,10.21,D,1
1904,votes,classic,RI,4,R,D,8384,12.212,D,2
1904,votes,classic,WY,3,R,D,5780,18.822,D,1
1904,votes,classic,DE,3,R,D,2180,4.971,D,2
1904,votes,classic,MO,18,R,D,12569,1.952,D,1
1904,votes,classic,NV,3,R,D,1442,11.903,D,2
1904,votes,classic,MD,8,R,D,26,0.012,D,1
1904,votes,no_majority,ME-AL,6,R,D,18896,19.476,,
1904,votes,no_majority,CT,7,R,D,19091,9.989,D,2
1904,votes,no_majority,NH,4,R,D,10045,11.141,D,1
1904,votes,no_majority,WV,7,R,D,15883,6.618,D,1
1904,votes,no_majority,NY,39,R,D,87777,5.426,D,2
1904,votes,no_majority,MT,3,R,D,6580,10.21,D,1
1904,votes,no_majority,RI,4,R,D,8384,12.212,D,2
1904,votes,no_majority,WY,3,R,D,5780,18.822,D,1
1904,votes,no_majority,DE,3,R,D,2180,4.971,D,2
1904,votes,no_majority,MO,18,R,D,12569,1.952,D,1
1904,votes,no_majority,NV,3,R,D,1442,11.903,D,2
1904,votes,no_majority,MD,8,R,D,26,0.012,D,1
1904,votes,tie,ME-AL,6,R,D,18896,19.476,,
1904,votes,tie,CT,7,R,D,19091,9.989,D,2
1904,votes,tie,NH,4,R,D,10045,11.141,D,1
1904,votes,tie,WV,7,R,D,15883,6.618,D,1
1904,votes,tie,NY,39,R,D,87777,5.426,D,2
1904,votes,tie,MT,3,R,D,6580,10.21,D,1
1904,votes,tie,RI,4,R,D,8384,12.212,D,2
1904,votes,tie,WY,3,R,D,5780,18.822,D,1
1904,votes,tie,DE,3,R,D,2180,4.971,D,2
1904,votes,tie,MO,18,R,D,12569,1.952,D,1
1904,votes,tie,NV,3,R,D,1442,11.903,D,2
1904,votes,tie,MD,8,R,D,26,0.012,D,1
1904,margin,classic,IL,27,R,D,152520,14.168,D,1
1904,margin,classic,IN,15,R,D,46973,6.886,D,2
1904,margin,classic,NY,39,R,D,87777,5.426,D,2
1904,margin,classic,MO,18,R,D,12569,1.952,D,1
1904,margin,classic,MD,8,R,D,26,0.012,D,1
1904,margin,no_majority,IL,27,R,D,152520,14.168,D,1
1904,margin,no_majority,IN,15,R,D,46973,6.886,D,2
1904,margin,no_majority,NY,39,R,D,87777,5.426,D,2
1904,margin,no_majority,MO,18,R,D,12569,1.952,D,1
1904,margin,no_majority,MD,8,R,D,26,0.012,D,1
1904,margin,tie,CO,5,R,D,17279,7.091,D,2
1904,margin,tie,NJ,12,R,D,40300,9.317,D,2
1904,margin,tie,OH,23,R,D,127711,12.715,D,1
1904,margin,tie,NY,39,R,D,87777,5.426,D,2
1904,margin,tie,MO,18,R,D,12569,1.952,D,1
1904,margin,tie,MD,8,R,D,26,0.012,D,1
1908,votes,classic,ID,3,R,D,8230,8.459,D,1
1908,votes,classic,KS,10,R,D,18004,4.789,D,1
1908,votes,classic,OH,23,R,D,34796,3.102,D,1
1908,votes,classic,WY,3,R,D,2965,7.884,D,2
1908,votes,classic,MT,3,R,D,1504,2.185,D,1
1908,votes,classic,DE,3,R,D,1480,3.083,D,1
1908,votes,classic,IN,15,R,D,5366,0.744,D,1
1908,votes,classic,MD,8,R,D,303,0.127,D,1
1908,votes,classic,MO,18,R,D,315,0.044,D,1
1908,votes,no_majority,ID,3,R,D,8230,8.459,D,1
1908,votes,no_majority,KS,10,R,D,18004,4.789,D,1
1908,votes,no_majority,OH,23,R,D,34796,3.102,D,1
1908,votes,no_majority,WY,3,R,D,2965,7.884,D,2
1908,votes,no_majority,MT,3,R,D,1504,2.185,D,1
1908,votes,no_majority,DE,3,R,D,1480,3.083,D,1
1908,votes,no_majority,IN,15,R,D,5366,0.744,D,1
1908,votes,no_majority,MD,8,R,D,303,0.127,D,1
1908,votes,no_majority,MO,18,R,D,315,0.044,D,1
1908,margin,classic,NY,39,R,D,101302,6.183,D,2
1908,margin,classic,OH,23,R,D,34796,3.102,D,1
1908,margin,classic,MD,8,R,D,303,0.127,D,1
1908,margin,classic,MO,18,R,D,315,0.044,D,1
1908,margin,no_majority,NY,39,R,D,101302,6.183,D,2
1908,margin,no_majority,OH,23,R,D,34796,3.102,D,1
1908,margin,no_majority,MD,8,R,D,303,0.127,D,1
1908,margin,no_majority,MO,18,R,D,315,0.044,D,1
1912,votes,classic,FL,6,D,R,15395,30.283,R,2
1912,votes,classic,GA,14,D,R,35552,29.268,R,2
1912,votes,classic,DE,3,D,R,6873,14.115,T,239
1912,votes,classic,NE-AL,8,D,R,18164,7.281,,
1912,votes,classic,UT,4,T,R,8964,7.976,D,3441
1912,votes,classic,WV,8,D,R,17043,6.34,R,1
1912,votes,classic,NH,4,D,R,8466,9.625,T,6667
1912,votes,classic,NM,3,D,R,6046,12.245,T,3340
1912,votes,classic,RI,5,D,R,6768,8.689,T,4057
1912,votes,classic,NJ,14,D,R,16440,3.799,R,1
1912,votes,classic,KS,10,D,R,11727,3.209,R,1
1912,votes,classic,ID,4,D,R,4198,3.97,T,3085
1912,votes,classic,WY,3,D,R,3040,7.187,T,2288
1912,votes,classic,OR,5,D,R,4733,3.454,R,2
1912,votes,classic,IA,13,D,R,11754,2.387,R,2
1912,votes,classic,MA,18,D,R,15591,3.195,R,2
1912,votes,classic,MT,4,D,R,2743,3.436,R,1
1912,votes,classic,AZ,3,D,R,1688,7.116,R,1
1912,votes,classic,NV,3,D,R,1184,5.886,R,2
1912,votes,classic,ND,5,D,R,1915,2.212,R,1
1912,votes,classic,IL,29,D,R,9286,0.81,R,2
1912,votes,classic,ME-AL,6,D,R,1310,1.01,,
1912,votes,classic,VT,4,T,R,601,0.956,R,2
1912,votes,no_majority,FL,6,D,T,15269,30.035,T,1
1912,votes,no_majority,OK,10,D,T,14186,5.589,T,2
1912,votes,no_majority,WI,13,D,T,16818,4.205,T,2
1912,votes,no_majority,NJ,14,D,R,16440,3.799,R,1
1912,votes,no_majority,KS,10,D,R,11727,3.209,R,1
1912,votes,no_majority,DE,3,D,T,3317,6.812,T,1
1912,votes,no_majority,OR,5,D,R,4733,3.454,R,2
1912,votes,no_majority,IA,13,D,R,11754,2.387,R,2
1912,votes,no_majority,MT,4,D,R,2743,3.436,R,1
1912,votes,no_majority,AZ,3,D,R,1688,7.116,R,1
1912,votes,no_majority,MA,18,D,T,8731,1.789,T,2
1912,votes,no_majority,NM,3,D,T,1353,2.74,T,2
1912,votes,no_majority,CT,7,D,T,3119,1.638,T,1
1912,votes,no_majority,NV,3,D,R,1184,5.886,R,2
1912,votes,no_majority,ND,5,D,R,1915,2.212,R,1
1912,votes,no_majority,IL,29,D,R,9286,0.81,R,2
1912,votes,no_majority,RI,5,D,T,1355,1.74,T,1
1912,votes,no_majority,NH,4,D,T,899,1.022,T,1
1912,votes,no_majority,ME-AL,6,D,R,1310,1.01,,
1912,votes,no_majority,ID,4,D,T,556,0.526,T,1
1912,votes,no_majority,WY,3,D,T,376,0.889,T,2
1912,margin,classic,WV,8,D,R,17043,6.34,R,1
1912,margin,classic,ND,5,D,R,1915,2.212,R,1
1912,margin,classic,OH,24,D,R,97514,9.403,R,1
1912,margin,classic,KS,10,D,R,11727,3.209,R,1
1912,margin,classic,NJ,14,D,R,16440,3.799,R,1
1912,margin,classic,VT,4,T,R,601,0.956,R,2
1912,margin,classic,NY,45,D,R,132741,8.357,R,2
1912,margin,classic,IA,13,D,R,11754,2.387,R,2
1912,margin,classic,MA,18,D,R,15591,3.195,R,2
1912,margin,classic,ME-AL,6,D,R,1310,1.01,,
1912,margin,classic,IL,29,D,R,9286,0.81,R,2
1912,margin,no_majority,RI,5,D,T,1355,1.74,T,1
1912,margin,no_majority,WY,3,D,T,376,0.889,T,2
1912,margin,no_majority,OH,24,D,T,73334,7.071,T,2
1912,margin,no_majority,NJ,14,D,R,16440,3.799,R,1
1912,margin,no_majority,CT,7,D,T,3119,1.638,T,1
1912,margin,no_majority,IA,13,D,R,11754,2.387,R,2
1912,margin,no_majority,ME-AL,6,D,R,1310,1.01,,
1912,margin,no_majority,NY,45,D,T,100044,6.299,T,2
1912,margin,no_majority,ID,4,D,T,556,0.526,T,1
1912,margin,no_majority,MA,18,D,T,8731,1.789,T,2
1912,margin,no_majority,IL,29,D,R,9286,0.81,R,2
1916,votes,classic,CA,13,D,R,1887,0.189,R,1
1916,votes,no_majority,CA,13,D,R,1887,0.189,R,1
1916,margin,classic,CA,13,D,R,1887,0.189,R,1
1916,margin,no_majority,CA,13,D,R,1887,0.189,R,1
1920,votes,classic,CT,7,R,D,54259,14.844,D,1
1920,votes,classic,SD,5,R,D,37378,20.511,D,2
1920,votes,classic,MT,4,R,D,26030,14.541,D,2
1920,votes,classic,ME-AL,6,R,D,38698,19.56,,
1920,votes,classic,OR,5,R,D,31787,13.327,D,1
1920,votes,classic,IN,15,R,D,92504,7.324,D,2
1920,votes,classic,VT,4,R,D,23647,26.286,D,1
1920,votes,classic,CO,6,R,D,34157,11.695,D,2
1920,votes,classic,ID,4,R,D,21199,15.631,D,2
1920,votes,classic,RI,5,R,D,26201,15.598,D,1
1920,votes,classic,MO,18,R,D,76182,5.716,D,1
1920,votes,classic,NH,4,R,D,16268,10.226,D,2
1920,votes,classic,WV,8,R,D,30610,6.003,D,2
1920,votes,classic,MD,8,R,D,27746,6.476,D,1
1920,votes,classic,UT,4,R,D,12459,8.544,D,2
1920,votes,classic,WY,3,R,D,8832,16.146,D,2
1920,votes,classic,DE,3,R,D,6474,6.824,D,1
1920,votes,classic,NM,3,R,D,5484,5.203,D,2
1920,votes,classic,OK,10,R,D,13390,2.752,D,2
1920,votes,classic,AZ,3,R,D,3736,5.613,D,2
1920,votes,classic,NV,3,R,D,2815,10.352,D,2
1920,votes,classic,TN,12,R,D,6636,1.548,D,1
1920,votes,no_majority,CT,7,R,D,54259,14.844,D,1
1920,votes,no_majority,SD,5,R,D,37378,20.511,D,2
1920,votes,no_majority,MT,4,R,D,26030,14.541,D,2
1920,votes,no_majority,ME-AL,6,R,D,38698,19.56,,
1920,votes,no_majority,OR,5,R,D,31787,13.327,D,1
1920,votes,no_majority,IN,15,R,D,92504,7.324,D,2
1920,votes,no_majority,VT,4,R,D,23647,26.286,D,1
1920,votes,no_majority,CO,6,R,D,34157,11.695,D,2
1920,votes,no_majority,ID,4,R,D,21199,15.631,D,2
1920,votes,no_majority,RI,5,R,D,26201,15.598,D,1
1920,votes,no_majority,MO,18,R,D,76182,5.716,D,1
1920,votes,no_majority,NH,4,R,D,16268,10.226,D,2
1920,votes,no_majority,WV,8,R,D,30610,6.003,D,2
1920,votes,no_majority,MD,8,R,D,27746,6.476,D,1
1920,votes,no_majority,UT,4,R,D,12459,8.544,D,2
1920,votes,no_majority,WY,3,R,D,8832,16.146,D,2
1920,votes,no_majority,DE,3,R,D,6474,6.824,D,1
1920,votes,no_majority,NM,3,R,D,5484,5.203,D,2
1920,votes,no_majority,OK,10,R,D,13390,2.752,D,2
1920,votes,no_majority,AZ,3,R,D,3736,5.613,D,2
1920,votes,no_majority,NV,3,R,D,2815,10.352,D,2
1920,votes,no_majority,TN,12,R,D,6636,1.548,D,1
1920,margin,classic,PA,38,R,D,357187,19.28,D,1
1920,margin,classic,NY,45,R,D,544965,18.802,D,1
1920,margin,classic,OH,24,R,D,200993,9.942,D,1
1920,margin,classic,MO,18,R,D,76182,5.716,D,1
1920,margin,classic,OK,10,R,D,13390,2.752,D,2
1920,margin,classic,TN,12,R,D,6636,1.548,D,1
1920,margin,no_majority,PA,38,R,D,357187,19.28,D,1
1920,margin,no_majority,NY,45,R,D,544965,18.802,D,1
1920,margin,no_majority,OH,24,R,D,200993,9.942,D,1
1920,margin,no_majority,MO,18,R,D,76182,5.716,D,1
1920,margin,no_majority,OK,10,R,D,13390,2.752,D,2
1920,margin,no_majority,TN,12,R,D,6636,1.548,D,1
1924,votes,classic,ND,5,R,D,40537,20.362,T,35527
1924,votes,classic,VT,4,R,D,32188,31.276,D,2
1924,votes,classic,ME-AL,6,R,D,48239,25.099,,
1924,votes,classic,OR,5,R,D,37496,13.416,D,2
1924,votes,classic,SD,5,R,D,37043,18.17,T,11098
1924,votes,classic,IN,15,R,D,105399,8.284,D,1
1924,votes,classic,ID,4,R,D,22812,15.383,T,7092
1924,votes,classic,NH,4,R,D,20688,12.556,D,2
1924,votes,classic,NE-AL,8,R,D,40649,8.757,,
1924,votes,classic,MT,4,R,D,20167,11.562,T,12151
1924,votes,classic,RI,5,R,D,24341,11.585,D,2
1924,votes,classic,WY,3,R,D,14496,18.143,D,2
1924,votes,classic,UT,4,R,D,15164,9.659,D,2
1924,votes,classic,DE,3,R,D,9499,10.452,D,2
1924,votes,classic,MO,18,R,D,37867,2.895,D,1
1924,votes,classic,WV,8,R,D,15702,2.69,D,1
1924,votes,classic,NM,3,R,D,3102,2.749,D,1
1924,votes,classic,KY,13,R,D,12056,1.479,D,1
1924,votes,classic,MD,8,R,D,7172,2.0,D,2
1924,votes,classic,NV,3,R,D,2668,9.91,T,1192
1924,votes,classic,AZ,3,R,D,2141,2.895,D,1
1924,votes,no_majority,NH,4,R,D,20688,12.556,D,2
1924,votes,no_majority,NE-AL,8,R,D,40649,8.757,,
1924,votes,no_majority,WA,7,R,T,34749,8.243,T,1
1924,votes,no_majority,RI,5,R,D,24341,11.585,D,2
1924,votes,no_majority,UT,4,R,D,15164,9.659,D,2
1924,votes,no_majority,MN,12,R,T,40784,4.961,T,1
1924,votes,no_majority,WY,3,R,T,8343,10.442,T,2
1924,votes,no_majority,SD,5,R,T,12973,6.363,T,2
1924,votes,no_majority,MO,18,R,D,37867,2.895,D,1
1924,votes,no_majority,ID,4,R,T,7860,5.3,T,1
1924,votes,no_majority,WV,8,R,D,15702,2.69,D,1
1924,votes,no_majority,NM,3,R,D,3102,2.749,D,1
1924,votes,no_majority,MT,4,R,T,4008,2.298,T,1
1924,votes,no_majority,KY,13,R,D,12056,1.479,D,1
1924,votes,no_majority,MD,8,R,D,7172,2.0,D,2
1924,votes,no_majority,AZ,3,R,D,2141,2.895,D,1
1924,votes,no_majority,ND,5,R,T,2505,1.258,T,1
1924,votes,no_majority,NV,3,R,T,738,2.741,T,2
1924,margin,classic,PA,38,R,D,496145,23.132,D,1
1924,margin,classic,WV,8,R,D,15702,2.69,D,1
1924,margin,classic,NY,45,R,D,434632,13.316,D,2
1924,margin,classic,MD,8,R,D,7172,2.0,D,2
1924,margin,classic,MO,18,R,D,37867,2.895,D,1
1924,margin,classic,KY,13,R,D,12056,1.479,D,1
1924,margin,no_majority,IN,15,R,D,105399,8.284,D,1
1924,margin,no_majority,MN,12,R,T,40784,4.961,T,1
1924,margin,no_majority,WV,8,R,D,15702,2.69,D,1
1924,margin,no_majority,NY,45,R,D,434632,13.316,D,2
1924,margin,no_majority,MD,8,R,D,7172,2.0,D,2
1924,margin,no_majority,MO,18,R,D,37867,2.895,D,1
1924,margin,no_majority,KY,13,R,D,12056,1.479,D,1
1928,votes,classic,MD,8,R,D,38927,7.368,D,1
1928,votes,classic,MO,18,R,D,85760,5.715,D,2
1928,votes,classic,MT,4,R,D,17362,8.945,D,2
1928,votes,classic,NH,4,R,D,17345,8.815,D,1
1928,votes,classic,WI,13,R,D,46974,4.62,D,2
1928,votes,classic,NM,3,R,D,10718,9.082,D,2
1928,votes,classic,FL,6,R,D,21203,8.358,D,2
1928,votes,classic,CT,7,R,D,22288,4.03,D,2
1928,votes,classic,NC,12,R,D,31349,4.936,D,2
1928,votes,classic,ND,5,R,D,12397,5.168,D,1
1928,votes,classic,AZ,3,R,D,6999,7.67,D,2
1928,votes,classic,UT,4,R,D,6817,3.86,D,1
1928,votes,classic,TN,12,R,D,14023,3.858,D,1
1928,votes,classic,NY,45,R,D,51741,1.174,D,1
1928,votes,classic,VA,12,R,D,12232,4.006,D,1
1928,votes,classic,NV,3,R,D,2119,6.537,D,1
1928,votes,classic,TX,20,R,D,13003,1.834,D,2
1928,votes,no_majority,MD,8,R,D,38927,7.368,D,1
1928,votes,no_majority,MO,18,R,D,85760,5.715,D,2
1928,votes,no_majority,MT,4,R,D,17362,8.945,D,2
1928,votes,no_majority,NH,4,R,D,17345,8.815,D,1
1928,votes,no_majority,WI,13,R,D,46974,4.62,D,2
1928,votes,no_majority,NM,3,R,D,10718,9.082,D,2
1928,votes,no_majority,FL,6,R,D,21203,8.358,D,2
1928,votes,no_majority,CT,7,R,D,22288,4.03,D,2
1928,votes,no_majority,NC,12,R,D,31349,4.936,D,2
1928,votes,no_majority,ND,5,R,D,12397,5.168,D,1
1928,votes,no_majority,AZ,3,R,D,6999,7.67,D,2
1928,votes,no_majority,UT,4,R,D,6817,3.86,D,1
1928,votes,no_majority,TN,12,R,D,14023,3.858,D,1
1928,votes,no_majority,NY,45,R,D,51741,1.174,D,1
1928,votes,no_majority,VA,12,R,D,12232,4.006,D,1
1928,votes,no_majority,NV,3,R,D,2119,6.537,D,1
1928,votes,no_majority,TX,20,R,D,13003,1.834,D,2
1928,margin,classic,PA,38,R,D,493899,15.676,D,2
1928,margin,classic,NC,12,R,D,31349,4.936,D,2
1928,margin,classic,WI,13,R,D,46974,4.62,D,2
1928,margin,classic,VA,12,R,D,12232,4.006,D,1
1928,margin,classic,TN,12,R,D,14023,3.858,D,1
1928,margin,classic,IL,29,R,D,227663,7.326,D,2
1928,margin,classic,TX,20,R,D,13003,1.834,D,2
1928,margin,classic,NY,45,R,D,51741,1.174,D,1
1928,margin,no_majority,PA,38,R,D,493899,15.676,D,2
1928,margin,no_majority,NC,12,R,D,31349,4.936,D,2
1928,margin,no_majority,WI,13,R,D,46974,4.62,D,2
1928,margin,no_majority,VA,12,R,D,12232,4.006,D,1
1928,margin,no_majority,TN,12,R,D,14023,3.858,D,1
1928,margin,no_majority,IL,29,R,D,227663,7.326,D,2
1928,margin,no_majority,TX,20,R,D,13003,1.834,D,2
1928,margin,no_majority,NY,45,R,D,51741,1.174,D,1
1932,votes,classic,OR,5,D,R,38927,10.555,R,2
1932,votes,classic,AZ,3,D,R,21581,18.25,R,2
1932,votes,classic,NM,3,D,R,20437,13.48,R,2
1932,votes,classic,NY,47,D,R,298499,6.366,R,2
1932,votes,classic,SC,8,D,R,50185,48.067,R,1
1932,votes,classic,TN,11,D,R,66361,17.004,R,1
1932,votes,classic,VA,11,D,R,57172,19.189,R,2
1932,votes,classic,CO,6,D,R,30631,6.692,R,2
1932,votes,classic,ID,4,D,R,19032,10.198,R,2
1932,votes,classic,WV,8,D,R,37197,5.001,R,1
1932,votes,classic,KS,9,D,R,37354,4.717,R,2
1932,votes,classic,UT,4,D,R,15978,7.735,R,1
1932,votes,classic,RI,4,D,R,15670,5.887,R,2
1932,votes,classic,MI,19,D,R,65904,3.959,R,2
1932,votes,classic,NV,3,D,R,8042,19.411,R,2
1932,votes,classic,WY,3,D,R,7394,7.626,R,1
1932,votes,classic,MA,17,D,R,31595,2.0,R,1
1932,votes,classic,OH,26,D,R,37189,1.425,R,2
1932,votes,classic,NJ,16,D,R,15495,0.951,R,2
1932,votes,no_majority,OR,5,D,R,38927,10.555,R,2
1932,votes,no_majority,AZ,3,D,R,21581,18.25,R,2
1932,votes,no_majority,NM,3,D,R,20437,13.48,R,2
1932,votes,no_majority,NY,47,D,R,298499,6.366,R,2
1932,votes,no_majority,SC,8,D,R,50185,48.067,R,1
1932,votes,no_majority,TN,11,D,R,66361,17.004,R,1
1932,votes,no_majority,VA,11,D,R,57172,19.189,R,2
1932,votes,no_majority,CO,6,D,R,30631,6.692,R,2
1932,votes,no_majority,ID,4,D,R,19032,10.198,R,2
1932,votes,no_majority,WV,8,D,R,37197,5.001,R,1
1932,votes,no_majority,KS,9,D,R,37354,4.717,R,2
1932,votes,no_majority,UT,4,D,R,15978,7.735,R,1
1932,votes,no_majority,RI,4,D,R,15670,5.887,R,2
1932,votes,no_majority,MI,19,D,R,65904,3.959,R,2
1932,votes,no_majority,NV,3,D,R,8042,19.411,R,2
1932,votes,no_majority,WY,3,D,R,7394,7.626,R,1
1932,votes,no_majority,MA,17,D,R,31595,2.0,R,1
1932,votes,no_majority,OH,26,D,R,37189,1.425,R,2
1932,votes,no_majority,NJ,16,D,R,15495,0.951,R,2
1932,margin,classic,WV,8,D,R,37197,5.001,R,1
1932,margin,classic,KS,9,D,R,37354,4.717,R,2
1932,margin,classic,CA,22,D,R,238128,10.5,R,1
1932,margin,classic,IN,14,D,R,92436,5.862,R,2
1932,margin,classic,IL,29,D,R,224775,6.596,R,2
1932,margin,classic,MI,19,D,R,65904,3.959,R,2
1932,margin,classic,NY,47,D,R,298499,6.366,R,2
1932,margin,classic,MA,17,D,R,31595,2.0,R,1
1932,margin,classic,NJ,16,D,R,15495,0.951,R,2
1932,margin,classic,OH,26,D,R,37189,1.425,R,2
1932,margin,no_majority,WV,8,D,R,37197,5.001,R,1
1932,margin,no_majority,KS,9,D,R,37354,4.717,R,2
1932,margin,no_majority,CA,22,D,R,238128,10.5,R,1
1932,margin,no_majority,IN,14,D,R,92436,5.862,R,2
1932,margin,no_majority,IL,29,D,R,224775,6.596,R,2
1932,margin,no_majority,MI,19,D,R,65904,3.959,R,2
1932,margin,no_majority,NY,47,D,R,298499,6.366,R,2
1932,margin,no_majority,MA,17,D,R,31595,2.0,R,1
1932,margin,no_majority,NJ,16,D,R,15495,0.951,R,2
1932,margin,no_majority,OH,26,D,R,37189,1.425,R,2
1936,votes,classic,ND,4,D,R,45199,16.513,R,1
1936,votes,classic,WV,8,D,R,88613,10.677,R,2
1936,votes,classic,UT,4,D,R,42846,19.774,R,1
1936,votes,classic,MD,8,D,R,79089,12.656,R,1
1936,votes,classic,PA,36,D,R,331894,8.02,R,1
1936,votes,classic,AL,11,D,R,101390,36.836,R,2
1936,votes,classic,GA,12,D,R,109212,37.251,R,2
1936,votes,classic,AZ,3,D,R,26645,21.46,R,1
1936,votes,classic,IN,14,D,R,121703,7.372,R,2
1936,votes,classic,MS,9,D,R,76438,47.158,R,1
1936,votes,classic,MI,19,D,R,158531,8.782,R,1
1936,votes,classic,TN,11,D,R,90782,19.05,R,1
1936,votes,classic,KY,11,D,R,86122,9.298,R,2
1936,votes,classic,ID,4,D,R,29714,14.886,R,1
1936,votes,classic,NM,3,D,R,22156,13.096,R,2
1936,votes,classic,NE-AL,7,D,R,49858,8.2,,
1936,votes,classic,SC,8,D,R,56073,48.575,R,1
1936,votes,classic,CT,8,D,R,51723,7.488,R,2
1936,votes,classic,AR,9,D,R,57364,31.971,R,2
1936,votes,classic,VA,11,D,R,68323,20.42,R,2
1936,votes,classic,IA,11,D,R,66890,5.854,R,1
1936,votes,classic,MA,17,D,R,87052,4.73,R,1
1936,votes,classic,RI,4,D,R,20104,6.461,R,1
1936,votes,classic,SD,4,D,R,17081,5.761,R,2
1936,votes,classic,WY,3,D,R,11943,11.552,R,1
1936,votes,classic,KS,9,D,R,33397,3.861,R,1
1936,votes,classic,NV,3,D,R,10002,22.811,R,2
1936,votes,classic,DE,3,D,R,6234,4.885,R,2
1936,votes,classic,NH,4,D,R,1910,0.876,R,2
1936,votes,no_majority,ND,4,D,R,45199,16.513,R,1
1936,votes,no_majority,WV,8,D,R,88613,10.677,R,2
1936,votes,no_majority,UT,4,D,R,42846,19.774,R,1
1936,votes,no_majority,MD,8,D,R,79089,12.656,R,1
1936,votes,no_majority,PA,36,D,R,331894,8.02,R,1
1936,votes,no_majority,AL,11,D,R,101390,36.836,R,2
1936,votes,no_majority,GA,12,D,R,109212,37.251,R,2
1936,votes,no_majority,AZ,3,D,R,26645,21.46,R,1
1936,votes,no_majority,IN,14,D,R,121703,7.372,R,2
1936,votes,no_majority,MS,9,D,R,76438,47.158,R,1
1936,votes,no_majority,MI,19,D,R,158531,8.782,R,1
1936,votes,no_majority,TN,11,D,R,90782,19.05,R,1
1936,votes,no_majority,KY,11,D,R,86122,9.298,R,2
1936,votes,no_majority,ID,4,D,R,29714,14.886,R,1
1936,votes,no_majority,NM,3,D,R,22156,13.096,R,2
1936,votes,no_majority,NE-AL,7,D,R,49858,8.2,,
1936,votes,no_majority,SC,8,D,R,56073,48.575,R,1
1936,votes,no_majority,CT,8,D,R,51723,7.488,R,2
1936,votes,no_majority,AR,9,D,R,57364,31.971,R,2
1936,votes,no_majority,VA,11,D,R,68323,20.42,R,2
1936,votes,no_majority,IA,11,D,R,66890,5.854,R,1
1936,votes,no_majority,MA,17,D,R,87052,4.73,R,1
1936,votes,no_majority,RI,4,D,R,20104,6.461,R,1
1936,votes,no_majority,SD,4,D,R,17081,5.761,R,2
1936,votes,no_majority,WY,3,D,R,11943,11.552,R,1
1936,votes,no_majority,KS,9,D,R,33397,3.861,R,1
1936,votes,no_majority,NV,3,D,R,10002,22.811,R,2
1936,votes,no_majority,DE,3,D,R,6234,4.885,R,2
1936,votes,no_majority,NH,4,D,R,1910,0.876,R,2
1936,margin,classic,CT,8,D,R,51723,7.488,R,2
1936,margin,classic,CA,22,D,R,465203,17.629,R,1
1936,margin,classic,NJ,16,D,R,181765,9.985,R,2
1936,margin,classic,IA,11,D,R,66890,5.854,R,1
1936,margin,classic,IN,14,D,R,121703,7.372,R,2
1936,margin,classic,MI,19,D,R,158531,8.782,R,1
1936,margin,classic,KS,9,D,R,33397,3.861,R,1
1936,margin,classic,OH,26,D,R,309643,10.278,R,1
1936,margin,classic,IL,29,D,R,356304,9.005,R,2
1936,margin,classic,MA,17,D,R,87052,4.73,R,1
1936,margin,classic,PA,36,D,R,331894,8.02,R,1
1936,margin,classic,NH,4,D,R,1910,0.876,R,2
1936,margin,classic,NY,47,D,R,556277,9.94,R,2
1936,margin,no_majority,CT,8,D,R,51723,7.488,R,2
1936,margin,no_majority,CA,22,D,R,465203,17.629,R,1
1936,margin,no_majority,NJ,16,D,R,181765,9.985,R,2
1936,margin,no_majority,IA,11,D,R,66890,5.854,R,1
1936,margin,no_majority,IN,14,D,R,121703,7.372,R,2
1936,margin,no_majority,MI,19,D,R,158531,8.782,R,1
1936,margin,no_majority,KS,9,D,R,33397,3.861,R,1
1936,margin,no_majority,OH,26,D,R,309643,10.278,R,1
1936,margin,no_majority,IL,29,D,R,356304,9.005,R,2
1936,margin,no_majority,MA,17,D,R,87052,4.73,R,1
1936,margin,no_majority,PA,36,D,R,331894,8.02,R,1
1936,margin,no_majority,NH,4,D,R,1910,0.876,R,2
1936,margin,no_majority,NY,47,D,R,556277,9.94,R,2
1940,votes,classic,NM,3,D,R,12193,6.653,R,2
1940,votes,classic,CT,8,D,R,27902,3.57,R,2
1940,votes,classic,MO,15,D,R,43734,2.385,R,1
1940,votes,classic,OH,26,D,R,73184,2.204,R,2
1940,votes,classic,ID,4,D,R,10645,4.527,R,1
1940,votes,classic,NY,47,D,R,112221,1.781,R,2
1940,votes,classic,NJ,16,D,R,35765,1.812,R,2
1940,votes,classic,DE,3,D,R,6580,4.825,R,1
1940,votes,classic,MN,11,D,R,23962,1.915,R,2
1940,votes,classic,NH,4,D,R,7583,3.221,R,1
1940,votes,classic,NV,3,D,R,5359,10.078,R,2
1940,votes,classic,IL,29,D,R,51348,1.217,R,2
1940,votes,classic,WY,3,D,R,3328,2.965,R,2
1940,votes,classic,WI,12,D,R,12808,0.911,R,1
1940,votes,no_majority,NM,3,D,R,12193,6.653,R,2
1940,votes,no_majority,CT,8,D,R,27902,3.57,R,2
1940,votes,no_majority,MO,15,D,R,43734,2.385,R,1
1940,votes,no_majority,OH,26,D,R,73184,2.204,R,2
1940,votes,no_majority,ID,4,D,R,10645,4.527,R,1
1940,votes,no_majority,NY,47,D,R,112221,1.781,R,2
1940,votes,no_majority,NJ,16,D,R,35765,1.812,R,2
1940,votes,no_majority,DE,3,D,R,6580,4.825,R,1
1940,votes,no_majority,MN,11,D,R,23962,1.915,R,2
1940,votes,no_majority,NH,4,D,R,7583,3.221,R,1
1940,votes,no_majority,NV,3,D,R,5359,10.078,R,2
1940,votes,no_majority,IL,29,D,R,51348,1.217,R,2
1940,votes,no_majority,WY,3,D,R,3328,2.965,R,2
1940,votes,no_majority,WI,12,D,R,12808,0.911,R,1
1940,margin,classic,MN,11,D,R,23962,1.915,R,2
1940,margin,classic,MO,15,D,R,43734,2.385,R,1
1940,margin,classic,NJ,16,D,R,35765,1.812,R,2
1940,margin,classic,PA,36,D,R,140594,3.447,R,1
1940,margin,classic,OH,26,D,R,73184,2.204,R,2
1940,margin,classic,WI,12,D,R,12808,0.911,R,1
1940,margin,classic,IL,29,D,R,51348,1.217,R,2
1940,margin,classic,NY,47,D,R,112221,1.781,R,2
1940,margin,no_majority,MN,11,D,R,23962,1.915,R,2
1940,margin,no_majority,MO,15,D,R,43734,2.385,R,1
1940,margin,no_majority,NJ,16,D,R,35765,1.812,R,2
1940,margin,no_majority,PA,36,D,R,140594,3.447,R,1
1940,margin,no_majority,OH,26,D,R,73184,2.204,R,2
1940,margin,no_majority,WI,12,D,R,12808,0.911,R,1
1940,margin,no_majority,IL,29,D,R,51348,1.217,R,2
1940,margin,no_majority,NY,47,D,R,112221,1.781,R,2
1944,votes,classic,MN,11,D,R,31225,2.774,R,2
1944,votes,classic,CT,8,D,R,22310,2.682,R,1
1944,votes,classic,IL,28,D,R,70083,1.736,R,1
1944,votes,classic,MT,4,D,R,9697,4.677,R,1
1944,votes,classic,OR,6,D,R,11636,2.423,R,2
1944,votes,classic,DE,3,D,R,5710,4.555,R,1
1944,votes,classic,MO,15,D,R,23141,1.472,R,2
1944,votes,classic,PA,35,D,R,52713,1.389,R,1
1944,votes,classic,MD,8,D,R,11271,1.852,R,1
1944,votes,classic,NM,4,D,R,5351,3.515,R,1
1944,votes,classic,NH,4,D,R,4874,2.123,R,1
1944,votes,classic,ID,4,D,R,3632,1.743,R,2
1944,votes,classic,NV,3,D,R,2507,4.623,R,2
1944,votes,classic,NJ,16,D,R,13270,0.676,R,1
1944,votes,classic,MI,19,D,R,11239,0.51,R,2
1944,votes,no_majority,MN,11,D,R,31225,2.774,R,2
1944,votes,no_majority,CT,8,D,R,22310,2.682,R,1
1944,votes,no_majority,IL,28,D,R,70083,1.736,R,1
1944,votes,no_majority,MT,4,D,R,9697,4.677,R,1
1944,votes,no_majority,OR,6,D,R,11636,2.423,R,2
1944,votes,no_majority,DE,3,D,R,5710,4.555,R,1
1944,votes,no_majority,MO,15,D,R,23141,1.472,R,2
1944,votes,no_majority,PA,35,D,R,52713,1.389,R,1
1944,votes,no_majority,MD,8,D,R,11271,1.852,R,1
1944,votes,no_majority,NM,4,D,R,5351,3.515,R,1
1944,votes,no_majority,NH,4,D,R,4874,2.123,R,1
1944,votes,no_majority,ID,4,D,R,3632,1.743,R,2
1944,votes,no_majority,NV,3,D,R,2507,4.623,R,2
1944,votes,no_majority,NJ,16,D,R,13270,0.676,R,1
1944,votes,no_majority,MI,19,D,R,11239,0.51,R,2
1944,margin,classic,MD,8,D,R,11271,1.852,R,1
1944,margin,classic,MO,15,D,R,23141,1.472,R,2
1944,margin,classic,IL,28,D,R,70083,1.736,R,1
1944,margin,classic,NY,47,D,R,158296,2.506,R,1
1944,margin,classic,NJ,16,D,R,13270,0.676,R,1
1944,margin,classic,PA,35,D,R,52713,1.389,R,1
1944,margin,classic,MI,19,D,R,11239,0.51,R,2
1944,margin,no_majority,MD,8,D,R,11271,1.852,R,1
1944,margin,no_majority,MO,15,D,R,23141,1.472,R,2
1944,margin,no_majority,IL,28,D,R,70083,1.736,R,1
1944,margin,no_majority,NY,47,D,R,158296,2.506,R,1
1944,margin,no_majority,NJ,16,D,R,13270,0.676,R,1
1944,margin,no_majority,PA,35,D,R,52713,1.389,R,1
1944,margin,no_majority,MI,19,D,R,11239,0.51,R,2
1948,votes,classic,IL,28,D,R,16807,0.422,R,2
1948,votes,classic,CA,25,D,R,8933,0.222,R,1
1948,votes,classic,OH,25,D,R,3554,0.121,R,1
1948,votes,no_majority,NV,3,D,R,968,1.558,R,2
1948,votes,no_majority,OH,25,D,R,3554,0.121,R,1
1948,votes,no_majority,AL,11,D,T,1,0.0,T,2
1948,margin,classic,IL,28,D,R,16807,0.422,R,2
1948,margin,classic,CA,25,D,R,8933,0.222,R,1
1948,margin,classic,OH,25,D,R,3554,0.121,R,1
1948,margin,no_majority,CA,25,D,R,8933,0.222,R,1
1948,margin,no_majority,OH,25,D,R,3554,0.121,R,1
1952,votes,classic,NH,4,R,D,29813,10.923,D,2
1952,votes,classic,UT,4,R,D,29414,8.925,D,2
1952,votes,classic,MA,16,R,D,104401,4.38,D,2
1952,votes,classic,MT,4,R,D,25591,9.656,D,1
1952,votes,classic,WA,9,R,D,53132,4.818,D,2
1952,votes,classic,MD,9,R,D,52044,5.769,D,1
1952,votes,classic,WY,3,R,D,16557,12.81,D,1
1952,votes,classic,OK,8,R,D,43554,4.59,D,2
1952,votes,classic,AZ,4,R,D,21758,8.35,D,2
1952,votes,classic,FL,10,R,D,49544,5.008,D,2
1952,votes,classic,PA,32,R,D,134761,2.942,D,2
1952,votes,classic,VA,12,R,D,40181,6.484,D,2
1952,votes,classic,NM,4,R,D,13255,5.555,D,1
1952,votes,classic,NV,3,R,D,9408,11.447,D,2
1952,votes,classic,TX,24,R,D,66826,3.219,D,2
1952,votes,classic,MO,13,R,D,14800,0.782,D,1
1952,votes,classic,DE,3,R,D,3373,1.938,D,2
1952,votes,classic,RI,4,R,D,3822,0.922,D,2
1952,votes,classic,TN,11,R,D,1219,0.137,D,1
1952,votes,no_majority,NH,4,R,D,29813,10.923,D,2
1952,votes,no_majority,UT,4,R,D,29414,8.925,D,2
1952,votes,no_majority,MA,16,R,D,104401,4.38,D,2
1952,votes,no_majority,MT,4,R,D,25591,9.656,D,1
1952,votes,no_majority,WA,9,R,D,53132,4.818,D,2
1952,votes,no_majority,MD,9,R,D,52044,5.769,D,1
1952,votes,no_majority,WY,3,R,D,16557,12.81,D,1
1952,votes,no_majority,OK,8,R,D,43554,4.59,D,2
1952,votes,no_majority,AZ,4,R,D,21758,8.35,D,2
1952,votes,no_majority,FL,10,R,D,49544,5.008,D,2
1952,votes,no_majority,PA,32,R,D,134761,2.942,D,2
1952,votes,no_majority,VA,12,R,D,40181,6.484,D,2
1952,votes,no_majority,NM,4,R,D,13255,5.555,D,1
1952,votes,no_majority,NV,3,R,D,9408,11.447,D,2
1952,votes,no_majority,TX,24,R,D,66826,3.219,D,2
1952,votes,no_majority,MO,13,R,D,14800,0.782,D,1
1952,votes,no_majority,DE,3,R,D,3373,1.938,D,2
1952,votes,no_majority,RI,4,R,D,3822,0.922,D,2
1952,votes,no_majority,TN,11,R,D,1219,0.137,D,1
1952,margin,classic,OH,25,R,D,250013,6.756,D,2
1952,margin,classic,IL,27,R,D,221704,4.948,D,1
1952,margin,classic,TX,24,R,D,66826,3.219,D,2
1952,margin,classic,NY,45,R,D,424108,5.95,D,2
1952,margin,classic,PA,32,R,D,134761,2.942,D,2
1952,margin,classic,MO,13,R,D,14800,0.782,D,1
1952,margin,classic,TN,11,R,D,1219,0.137,D,1
1952,margin,no_majority,OH,25,R,D,250013,6.756,D,2
1952,margin,no_majority,IL,27,R,D,221704,4.948,D,1
1952,margin,no_majority,TX,24,R,D,66826,3.219,D,2
1952,margin,no_majority,NY,45,R,D,424108,5.95,D,2
1952,margin,no_majority,PA,32,R,D,134761,2.942,D,2
1952,margin,no_majority,MO,13,R,D,14800,0.782,D,1
1952,margin,no_majority,TN,11,R,D,1219,0.137,D,1
1956,votes,classic,NH,4,R,D,43078,16.134,D,1
1956,votes,classic,PA,32,R,D,301742,6.593,D,1
1956,votes,classic,FL,10,R,D,81740,7.271,D,2
1956,votes,classic,AZ,4,R,D,32056,11.047,D,2
1956,votes,classic,RI,4,R,D,32015,8.26,D,1
1956,votes,classic,ID,4,R,D,30556,11.193,D,1
1956,votes,classic,ND,4,R,D,30013,11.817,D,2
1956,votes,classic,OR,6,R,D,38595,5.247,D,1
1956,votes,classic,SD,4,R,D,24641,8.385,D,1
1956,votes,classic,OK,8,R,D,44095,5.131,D,2
1956,votes,classic,WA,9,R,D,48715,4.233,D,2
1956,votes,classic,NM,4,R,D,20346,8.013,D,2
1956,votes,classic,VA,12,R,D,59350,8.503,D,1
1956,votes,classic,MT,4,R,D,19348,7.135,D,1
1956,votes,classic,KY,10,R,D,47870,4.543,D,1
1956,votes,classic,MN,11,R,D,50889,3.798,D,1
1956,votes,classic,TX,24,R,D,110331,5.642,D,1
1956,votes,classic,LA,10,R,D,42536,6.888,D,2
1956,votes,classic,WV,8,R,D,33882,4.078,D,1
1956,votes,classic,WY,3,R,D,12510,10.078,D,1
1956,votes,classic,DE,3,R,D,9319,5.236,D,2
1956,votes,classic,NV,3,R,D,7705,7.969,D,1
1956,votes,classic,TN,11,R,D,2891,0.308,D,1
1956,votes,no_majority,NH,4,R,D,43078,16.134,D,1
1956,votes,no_majority,PA,32,R,D,301742,6.593,D,1
1956,votes,no_majority,FL,10,R,D,81740,7.271,D,2
1956,votes,no_majority,AZ,4,R,D,32056,11.047,D,2
1956,votes,no_majority,RI,4,R,D,32015,8.26,D,1
1956,votes,no_majority,ID,4,R,D,30556,11.193,D,1
1956,votes,no_majority,ND,4,R,D,30013,11.817,D,2
1956,votes,no_majority,OR,6,R,D,38595,5.247,D,1
1956,votes,no_majority,SD,4,R,D,24641,8.385,D,1
1956,votes,no_majority,OK,8,R,D,44095,5.131,D,2
1956,votes,no_majority,WA,9,R,D,48715,4.233,D,2
1956,votes,no_majority,NM,4,R,D,20346,8.013,D,2
1956,votes,no_majority,VA,12,R,D,59350,8.503,D,1
1956,votes,no_majority,MT,4,R,D,19348,7.135,D,1
1956,votes,no_majority,KY,10,R,D,47870,4.543,D,1
1956,votes,no_majority,MN,11,R,D,50889,3.798,D,1
1956,votes,no_majority,TX,24,R,D,110331,5.642,D,1
1956,votes,no_majority,LA,10,R,D,42536,6.888,D,2
1956,votes,no_majority,WV,8,R,D,33882,4.078,D,1
1956,votes,no_majority,WY,3,R,D,12510,10.078,D,1
1956,votes,no_majority,DE,3,R,D,9319,5.236,D,2
1956,votes,no_majority,NV,3,R,D,7705,7.969,D,1
1956,votes,no_majority,TN,11,R,D,2891,0.308,D,1
1956,margin,classic,WV,8,R,D,33882,4.078,D,1
1956,margin,classic,WA,9,R,D,48715,4.233,D,2
1956,margin,classic,MN,11,R,D,50889,3.798,D,1
1956,margin,classic,MI,20,R,D,176875,5.742,D,1
1956,margin,classic,NY,45,R,D,794786,11.205,D,1
1956,margin,classic,TX,24,R,D,110331,5.642,D,1
1956,margin,classic,PA,32,R,D,301742,6.593,D,1
1956,margin,classic,CA,32,R,D,303767,5.557,D,1
1956,margin,classic,TN,11,R,D,2891,0.308,D,1
1956,margin,no_majority,WV,8,R,D,33882,4.078,D,1
1956,margin,no_majority,WA,9,R,D,48715,4.233,D,2
1956,margin,no_majority,MN,11,R,D,50889,3.798,D,1
1956,margin,no_majority,MI,20,R,D,176875,5.742,D,1
1956,margin,no_majority,NY,45,R,D,794786,11.205,D,1
1956,margin,no_majority,TX,24,R,D,110331,5.642,D,1
1956,margin,no_majority,PA,32,R,D,301742,6.593,D,1
1956,margin,no_majority,CA,32,R,D,303767,5.557,D,1
1956,margin,no_majority,TN,11,R,D,2891,0.308,D,1
1960,votes,classic,NV,3,D,R,1247,1.163,R,1
1960,votes,classic,MO,13,D,R,4991,0.258,R,2
1960,votes,classic,NM,4,D,R,1148,0.369,R,2
1960,votes,classic,IL,27,D,R,4430,0.093,R,2
1960,votes,classic,HI,3,D,R,58,0.031,R,1
1960,votes,no_majority,NV,3,D,R,1247,1.163,R,1
1960,votes,no_majority,NM,4,D,R,1148,0.369,R,2
1960,votes,no_majority,IL,27,D,R,4430,0.093,R,2
1960,votes,no_majority,HI,3,D,R,58,0.031,R,1
1960,margin,classic,NJ,16,D,R,11046,0.398,R,1
1960,margin,classic,MO,13,D,R,4991,0.258,R,2
1960,margin,classic,IL,27,D,R,4430,0.093,R,2
1960,margin,no_majority,MO,13,D,R,4991,0.258,R,2
1960,margin,no_majority,IL,27,D,R,4430,0.093,R,2
1964,votes,classic,OR,6,D,R,109120,13.878,R,2
1964,votes,classic,CA,40,D,R,646385,9.159,R,1
1964,votes,classic,IA,9,D,R,141942,11.983,R,2
1964,votes,classic,CO,6,D,R,89629,11.535,R,1
1964,votes,classic,TX,25,D,R,352310,13.412,R,1
1964,votes,classic,NH,4,D,R,40018,13.891,R,1
1964,votes,classic,IN,13,D,R,129866,6.209,R,2
1964,votes,classic,VT,3,D,R,26593,16.306,R,1
1964,votes,classic,NM,4,D,R,31090,9.49,R,1
1964,votes,classic,DE,3,D,R,22314,11.084,R,2
1964,votes,classic,NC,13,D,R,87648,6.151,R,1
1964,votes,classic,OK,8,D,R,53585,5.746,R,1
1964,votes,classic,MT,4,D,R,25608,9.191,R,2
1964,votes,classic,AR,6,D,R,35467,6.329,R,1
1964,votes,classic,TN,11,D,R,62992,5.507,R,2
1964,votes,classic,KS,7,D,R,38725,4.514,R,1
1964,votes,classic,ND,4,D,R,20789,8.046,R,1
1964,votes,classic,UT,4,D,R,19474,4.865,R,2
1964,votes,classic,SD,4,D,R,16452,5.613,R,2
1964,votes,classic,NV,3,D,R,11623,8.582,R,1
1964,votes,classic,AK,3,D,R,10700,15.909,R,1
1964,votes,classic,VA,12,D,R,38353,3.68,R,2
1964,votes,classic,WY,3,D,R,9361,6.559,R,2
1964,votes,classic,NE-AL,5,D,R,15231,2.607,,
1964,votes,classic,FL,14,D,R,21300,1.149,R,1
1964,votes,classic,ID,4,D,R,2682,0.917,R,1
1964,votes,no_majority,MD,10,D,R,172709,15.469,R,1
1964,votes,no_majority,CA,40,D,R,646385,9.159,R,1
1964,votes,no_majority,CO,6,D,R,89629,11.535,R,1
1964,votes,no_majority,HI,4,D,R,59614,28.761,R,1
1964,votes,no_majority,TX,25,D,R,352310,13.412,R,1
1964,votes,no_majority,NH,4,D,R,40018,13.891,R,1
1964,votes,no_majority,IN,13,D,R,129866,6.209,R,2
1964,votes,no_majority,VT,3,D,R,26593,16.306,R,1
1964,votes,no_majority,NM,4,D,R,31090,9.49,R,1
1964,votes,no_majority,DE,3,D,R,22314,11.084,R,2
1964,votes,no_majority,NC,13,D,R,87648,6.151,R,1
1964,votes,no_majority,OK,8,D,R,53585,5.746,R,1
1964,votes,no_majority,MT,4,D,R,25608,9.191,R,2
1964,votes,no_majority,AR,6,D,R,35467,6.329,R,1
1964,votes,no_majority,TN,11,D,R,62992,5.507,R,2
1964,votes,no_majority,KS,7,D,R,38725,4.514,R,1
1964,votes,no_majority,ND,4,D,R,20789,8.046,R,1
1964,votes,no_majority,UT,4,D,R,19474,4.865,R,2
1964,votes,no_majority,SD,4,D,R,16452,5.613,R,2
1964,votes,no_majority,NV,3,D,R,11623,8.582,R,1
1964,votes,no_majority,AK,3,D,R,10700,15.909,R,1
1964,votes,no_majority,VA,12,D,R,38353,3.68,R,2
1964,votes,no_majority,WY,3,D,R,9361,6.559,R,2
1964,votes,no_majority,NE-AL,5,D,R,15231,2.607,,
1964,votes,no_majority,FL,14,D,R,21300,1.149,R,1
1964,votes,no_majority,ID,4,D,R,2682,0.917,R,1
1964,votes,tie,MD,10,D,R,172709,15.469,R,1
1964,votes,tie,CA,40,D,R,646385,9.159,R,1
1964,votes,tie,CO,6,D,R,89629,11.535,R,1
1964,votes,tie,HI,4,D,R,59614,28.761,R,1
1964,votes,tie,TX,25,D,R,352310,13.412,R,1
1964,votes,tie,NH,4,D,R,40018,13.891,R,1
1964,votes,tie,IN,13,D,R,129866,6.209,R,2
1964,votes,tie,VT,3,D,R,26593,16.306,R,1
1964,votes,tie,NM,4,D,R,31090,9.49,R,1
1964,votes,tie,DE,3,D,R,22314,11.084,R,2
1964,votes,tie,NC,13,D,R,87648,6.151,R,1
1964,votes,tie,OK,8,D,R,53585,5.746,R,1
1964,votes,tie,MT,4,D,R,25608,9.191,R,2
1964,votes,tie,AR,6,D,R,35467,6.329,R,1
1964,votes,tie,TN,11,D,R,62992,5.507,R,2
1964,votes,tie,KS,7,D,R,38725,4.514,R,1
1964,votes,tie,ND,4,D,R,20789,8.046,R,1
1964,votes,tie,UT,4,D,R,19474,4.865,R,2
1964,votes,tie,SD,4,D,R,16452,5.613,R,2
1964,votes,tie,NV,3,D,R,11623,8.582,R,1
1964,votes,tie,AK,3,D,R,10700,15.909,R,1
1964,votes,tie,VA,12,D,R,38353,3.68,R,2
1964,votes,tie,WY,3,D,R,9361,6.559,R,2
1964,votes,tie,NE-AL,5,D,R,15231,2.607,,
1964,votes,tie,FL,14,D,R,21300,1.149,R,1
1964,votes,tie,ID,4,D,R,2682,0.917,R,1
1964,margin,classic,PA,29,D,R,728649,15.109,R,1
1964,margin,classic,TN,11,D,R,62992,5.507,R,2
1964,margin,classic,OH,26,D,R,513734,12.943,R,2
1964,margin,classic,NC,13,D,R,87648,6.151,R,1
1964,margin,classic,NY,43,D,R,1334799,18.627,R,1
1964,margin,classic,IL,26,D,R,445444,9.472,R,1
1964,margin,classic,VA,12,D,R,38353,3.68,R,2
1964,margin,classic,ID,4,D,R,2682,0.917,R,1
1964,margin,classic,CA,40,D,R,646385,9.159,R,1
1964,margin,classic,FL,14,D,R,21300,1.149,R,1
1964,margin,no_majority,PA,29,D,R,728649,15.109,R,1
1964,margin,no_majority,TN,11,D,R,62992,5.507,R,2
1964,margin,no_majority,OH,26,D,R,513734,12.943,R,2
1964,margin,no_majority,NC,13,D,R,87648,6.151,R,1
1964,margin,no_majority,NY,43,D,R,1334799,18.627,R,1
1964,margin,no_majority,IL,26,D,R,445444,9.472,R,1
1964,margin,no_majority,VA,12,D,R,38353,3.68,R,2
1964,margin,no_majority,ID,4,D,R,2682,0.917,R,1
1964,margin,no_majority,CA,40,D,R,646385,9.159,R,1
1964,margin,no_majority,FL,14,D,R,21300,1.149,R,1
1964,margin,tie,KS,7,D,R,38725,4.514,R,1
1964,margin,tie,NE-AL,5,D,R,15231,2.607,,
1964,margin,tie,PA,29,D,R,728649,15.109,R,1
1964,margin,tie,TN,11,D,R,62992,5.507,R,2
1964,margin,tie,IN,13,D,R,129866,6.209,R,2
1964,margin,tie,NC,13,D,R,87648,6.151,R,1
1964,margin,tie,NY,43,D,R,1334799,18.627,R,1
1964,margin,tie,IL,26,D,R,445444,9.472,R,1
1964,margin,tie,VA,12,D,R,38353,3.68,R,2
1964,margin,tie,ID,4,D,R,2682,0.917,R,1
1964,margin,tie,CA,40,D,R,646385,9.159,R,1
1964,margin,tie,FL,14,D,R,21300,1.149,R,1
1968,votes,classic,WI,12,R,D,30597,1.809,D,1
1968,votes,classic,VT,3,R,D,7444,4.612,D,1
1968,votes,classic,NV,3,R,D,6296,4.083,D,2
1968,votes,classic,NJ,17,R,D,30631,1.065,D,1
1968,votes,classic,OH,26,R,D,45215,1.142,D,2
1968,votes,classic,DE,3,R,D,3761,1.754,D,2
1968,votes,classic,MO,12,R,D,10245,0.566,D,2
1968,votes,classic,AK,3,R,D,1095,1.319,D,1
1968,votes,no_majority,NJ,17,R,D,30631,1.065,D,1
1968,votes,no_majority,DE,3,R,D,3761,1.754,D,2
1968,votes,no_majority,MO,12,R,D,10245,0.566,D,2
1968,votes,no_majority,AK,3,R,D,1095,1.319,D,1
1968,votes,tie,WY,3,R,D,12878,10.124,D,2
1968,votes,tie,MT,4,R,D,12360,4.504,D,2
1968,votes,tie,NH,4,R,D,12158,4.089,D,2
1968,votes,tie,VT,3,R,D,7444,4.612,D,1
1968,votes,tie,NV,3,R,D,6296,4.083,D,2
1968,votes,tie,NJ,17,R,D,30631,1.065,D,1
1968,votes,tie,OH,26,R,D,45215,1.142,D,2
1968,votes,tie,DE,3,R,D,3761,1.754,D,2
1968,votes,tie,MO,12,R,D,10245,0.566,D,2
1968,votes,tie,AK,3,R,D,1095,1.319,D,1
1968,margin,classic,NJ,17,R,D,30631,1.065,D,1
1968,margin,classic,OH,26,R,D,45215,1.142,D,2
1968,margin,classic,CA,40,R,D,111674,1.54,D,2
1968,margin,no_majority,CA,40,R,D,111674,1.54,D,2
1968,margin,tie,MO,12,R,D,10245,0.566,D,2
1968,margin,tie,OH,26,R,D,45215,1.142,D,2
1968,margin,tie,CA,40,R,D,111674,1.54,D,2
1972,votes,classic,WV,6,R,D,103765,13.61,D,1
1972,votes,classic,AZ,6,R,D,102137,15.629,D,2
1972,votes,classic,IL,26,R,D,437354,9.26,D,1
1972,votes,classic,MD,10,R,D,161763,11.949,D,2
1972,votes,classic,CT,8,R,D,127633,9.22,D,1
1972,votes,classic,NY,41,R,D,620848,8.669,D,2
1972,votes,classic,WA,9,R,D,134401,9.138,D,1
1972,votes,classic,ID,4,R,D,59280,19.099,D,2
1972,votes,classic,IA,8,R,D,105001,8.565,D,1
1972,votes,classic,CA,45,R,D,563125,6.73,D,1
1972,votes,classic,ND,3,R,D,36863,13.141,D,1
1972,votes,classic,NH,4,R,D,48645,14.562,D,1
1972,votes,classic,MI,21,R,D,251144,7.195,D,2
1972,votes,classic,NM,4,R,D,47262,12.246,D,2
1972,votes,classic,WY,3,R,D,28054,19.272,D,2
1972,votes,classic,HI,4,R,D,33729,12.48,D,2
1972,votes,classic,NV,3,R,D,24868,13.681,D,2
1972,votes,classic,VT,3,R,D,24488,13.099,D,1
1972,votes,classic,WI,11,R,D,89629,4.837,D,2
1972,votes,classic,DE,3,R,D,24038,10.207,D,2
1972,votes,classic,MT,4,R,D,31890,10.041,D,1
1972,votes,classic,OR,6,R,D,46964,5.061,D,2
1972,votes,classic,MN,10,R,D,47962,2.754,D,1
1972,votes,classic,AK,3,R,D,11192,11.754,D,2
1972,votes,classic,SD,4,R,D,13266,4.315,D,1
1972,votes,classic,RI,4,R,D,12870,3.095,D,2
1972,votes,no_majority,AZ,6,R,D,102137,15.629,D,2
1972,votes,no_majority,KY,9,R,D,152644,14.299,D,1
1972,votes,no_majority,IL,26,R,D,437354,9.26,D,1
1972,votes,no_majority,MD,10,R,D,161763,11.949,D,2
1972,votes,no_majority,CT,8,R,D,127633,9.22,D,1
1972,votes,no_majority,NY,41,R,D,620848,8.669,D,2
1972,votes,no_majority,WA,9,R,D,134401,9.138,D,1
1972,votes,no_majority,IA,8,R,D,105001,8.565,D,1
1972,votes,no_majority,CA,45,R,D,563125,6.73,D,1
1972,votes,no_majority,ND,3,R,D,36863,13.141,D,1
1972,votes,no_majority,NH,4,R,D,48645,14.562,D,1
1972,votes,no_majority,MI,21,R,D,251144,7.195,D,2
1972,votes,no_majority,NM,4,R,D,47262,12.246,D,2
1972,votes,no_majority,WY,3,R,D,28054,19.272,D,2
1972,votes,no_majority,HI,4,R,D,33729,12.48,D,2
1972,votes,no_majority,NV,3,R,D,24868,13.681,D,2
1972,votes,no_majority,VT,3,R,D,24488,13.099,D,1
1972,votes,no_majority,WI,11,R,D,89629,4.837,D,2
1972,votes,no_majority,DE,3,R,D,24038,10.207,D,2
1972,votes,no_majority,MT,4,R,D,31890,10.041,D,1
1972,votes,no_majority,OR,6,R,D,46964,5.061,D,2
1972,votes,no_majority,MN,10,R,D,47962,2.754,D,1
1972,votes,no_majority,AK,3,R,D,11192,11.754,D,2
1972,votes,no_majority,SD,4,R,D,13266,4.315,D,1
1972,votes,no_majority,RI,4,R,D,12870,3.095,D,2
1972,votes,tie,AZ,6,R,D,102137,15.629,D,2
1972,votes,tie,KY,9,R,D,152644,14.299,D,1
1972,votes,tie,IL,26,R,D,437354,9.26,D,1
1972,votes,tie,MD,10,R,D,161763,11.949,D,2
1972,votes,tie,CT,8,R,D,127633,9.22,D,1
1972,votes,tie,NY,41,R,D,620848,8.669,D,2
1972,votes,tie,WA,9,R,D,134401,9.138,D,1
1972,votes,tie,IA,8,R,D,105001,8.565,D,1
1972,votes,tie,CA,45,R,D,563125,6.73,D,1
1972,votes,tie,ND,3,R,D,36863,13.141,D,1
1972,votes,tie,NH,4,R,D,48645,14.562,D,1
1972,votes,tie,MI,21,R,D,251144,7.195,D,2
1972,votes,tie,NM,4,R,D,47262,12.246,D,2
1972,votes,tie,WY,3,R,D,28054,19.272,D,2
1972,votes,tie,HI,4,R,D,33729,12.48,D,2
1972,votes,tie,NV,3,R,D,24868,13.681,D,2
1972,votes,tie,VT,3,R,D,24488,13.099,D,1
1972,votes,tie,WI,11,R,D,89629,4.837,D,2
1972,votes,tie,DE,3,R,D,24038,10.207,D,2
1972,votes,tie,MT,4,R,D,31890,10.041,D,1
1972,votes,tie,OR,6,R,D,46964,5.061,D,2
1972,votes,tie,MN,10,R,D,47962,2.754,D,1
1972,votes,tie,AK,3,R,D,11192,11.754,D,2
1972,votes,tie,SD,4,R,D,13266,4.315,D,1
1972,votes,tie,RI,4,R,D,12870,3.095,D,2
1972,margin,classic,RI,4,R,D,12870,3.095,D,2
1972,margin,classic,NJ,17,R,D,371646,12.4,D,1
1972,margin,classic,TX,26,R,D,572303,16.48,D,1
1972,margin,classic,WI,11,R,D,89629,4.837,D,2
1972,margin,classic,OH,25,R,D,441470,10.781,D,2
1972,margin,classic,PA,27,R,D,458786,9.991,D,2
1972,margin,classic,IL,26,R,D,437354,9.26,D,1
1972,margin,classic,MI,21,R,D,251144,7.195,D,2
1972,margin,classic,MN,10,R,D,47962,2.754,D,1
1972,margin,classic,NY,41,R,D,620848,8.669,D,2
1972,margin,classic,CA,45,R,D,563125,6.73,D,1
1972,margin,no_majority,RI,4,R,D,12870,3.095,D,2
1972,margin,no_majority,NJ,17,R,D,371646,12.4,D,1
1972,margin,no_majority,TX,26,R,D,572303,16.48,D,1
1972,margin,no_majority,WI,11,R,D,89629,4.837,D,2
1972,margin,no_majority,OH,25,R,D,441470,10.781,D,2
1972,margin,no_majority,PA,27,R,D,458786,9.991,D,2
1972,margin,no_majority,IL,26,R,D,437354,9.26,D,1
1972,margin,no_majority,MI,21,R,D,251144,7.195,D,2
1972,margin,no_majority,MN,10,R,D,47962,2.754,D,1
1972,margin,no_majority,NY,41,R,D,620848,8.669,D,2
1972,margin,no_majority,CA,45,R,D,563125,6.73,D,1
1972,margin,tie,SD,4,R,D,13266,4.315,D,1
1972,margin,tie,MO,12,R,D,227764,12.294,D,1
1972,margin,tie,RI,4,R,D,12870,3.095,D,2
1972,margin,tie,TX,26,R,D,572303,16.48,D,1
1972,margin,tie,WI,11,R,D,89629,4.837,D,2
1972,margin,tie,OH,25,R,D,441470,10.781,D,2
1972,margin,tie,PA,27,R,D,458786,9.991,D,2
1972,margin,tie,IL,26,R,D,437354,9.26,D,1
1972,margin,tie,MI,21,R,D,251144,7.195,D,2
1972,margin,tie,MN,10,R,D,47962,2.754,D,1
1972,margin,tie,NY,41,R,D,620848,8.669,D,2
1972,margin,tie,CA,45,R,D,563125,6.73,D,1
1976,votes,classic,HI,4,D,R,3687,1.266,R,2
1976,votes,classic,OH,25,D,R,5559,0.135,R,2
1976,votes,no_majority,HI,4,D,R,3687,1.266,R,2
1976,votes,no_majority,OH,25,D,R,5559,0.135,R,2
1976,votes,tie,DE,3,D,R,6383,2.707,R,1
1976,votes,tie,OH,25,D,R,5559,0.135,R,2
1976,margin,classic,WI,11,D,R,17623,0.839,R,1
1976,margin,classic,OH,25,D,R,5559,0.135,R,2
1976,margin,no_majority,WI,11,D,R,17623,0.839,R,1
1976,margin,no_majority,OH,25,D,R,5559,0.135,R,2
1976,margin,tie,DE,3,D,R,6383,2.707,R,1
1976,margin,tie,OH,25,D,R,5559,0.135,R,2
1980,votes,classic,IL,26,R,D,188319,3.965,D,2
1980,votes,classic,MI,21,R,D,126847,3.244,D,1
1980,votes,classic,PA,27,R,D,162167,3.555,D,2
1980,votes,classic,WI,11,R,D,53631,2.359,D,1
1980,votes,classic,ME-AL,2,R,D,8775,1.678,R,8886
1980,votes,classic,ME-01,1,R,D,4331,1.576,D,1
1980,votes,classic,LA,10,R,D,42201,2.725,D,2
1980,votes,classic,VT,3,R,D,6354,2.98,D,1
1980,votes,classic,NY,41,R,D,82730,1.334,D,1
1980,votes,classic,NC,13,R,D,19692,1.061,D,1
1980,votes,classic,KY,9,R,D,9429,0.728,D,1
1980,votes,classic,AL,9,R,D,8732,0.651,D,2
1980,votes,classic,DE,3,R,D,2750,1.167,D,2
1980,votes,classic,SC,8,R,D,6824,0.767,D,1
1980,votes,classic,MS,7,R,D,5905,0.662,D,2
1980,votes,classic,AR,6,R,D,2562,0.306,D,1
1980,votes,classic,TN,10,R,D,2356,0.146,D,2
1980,votes,classic,MA,14,R,D,1915,0.076,D,1
1980,votes,classic,ME-AL,2,R,R,0,0.0,R,8886
1980,votes,no_majority,IL,26,R,D,188319,3.965,D,2
1980,votes,no_majority,MI,21,R,D,126847,3.244,D,1
1980,votes,no_majority,PA,27,R,D,162167,3.555,D,2
1980,votes,no_majority,WI,11,R,D,53631,2.359,D,1
1980,votes,no_majority,ME-AL,2,R,D,8775,1.678,R,17548
1980,votes,no_majority,LA,10,R,D,42201,2.725,D,2
1980,votes,no_majority,VT,3,R,D,6354,2.98,D,1
1980,votes,no_majority,NY,41,R,D,82730,1.334,D,1
1980,votes,no_majority,NC,13,R,D,19692,1.061,D,1
1980,votes,no_majority,KY,9,R,D,9429,0.728,D,1
1980,votes,no_majority,AL,9,R,D,8732,0.651,D,2
1980,votes,no_majority,DE,3,R,D,2750,1.167,D,2
1980,votes,no_majority,SC,8,R,D,6824,0.767,D,1
1980,votes,no_majority,MS,7,R,D,5905,0.662,D,2
1980,votes,no_majority,AR,6,R,D,2562,0.306,D,1
1980,votes,no_majority,TN,10,R,D,2356,0.146,D,2
1980,votes,no_majority,MA,14,R,D,1915,0.076,D,1
1980,votes,tie,IL,26,R,D,188319,3.965,D,2
1980,votes,tie,MI,21,R,D,126847,3.244,D,1
1980,votes,tie,PA,27,R,D,162167,3.555,D,2
1980,votes,tie,WI,11,R,D,53631,2.359,D,1
1980,votes,tie,ME-AL,2,R,D,8775,1.678,R,17548
1980,votes,tie,LA,10,R,D,42201,2.725,D,2
1980,votes,tie,VT,3,R,D,6354,2.98,D,1
1980,votes,tie,NY,41,R,D,82730,1.334,D,1
1980,votes,tie,NC,13,R,D,19692,1.061,D,1
1980,votes,tie,KY,9,R,D,9429,0.728,D,1
1980,votes,tie,AL,9,R,D,8732,0.651,D,2
1980,votes,tie,DE,3,R,D,2750,1.167,D,2
1980,votes,tie,SC,8,R,D,6824,0.767,D,1
1980,votes,tie,MS,7,R,D,5905,0.662,D,2
1980,votes,tie,AR,6,R,D,2562,0.306,D,1
1980,votes,tie,TN,10,R,D,2356,0.146,D,2
1980,votes,tie,MA,14,R,D,1915,0.076,D,1
1980,margin,classic,WI,11,R,D,53631,2.359,D,1
1980,margin,classic,CA,45,R,D,720599,8.392,D,1
1980,margin,classic,MI,21,R,D,126847,3.244,D,1
1980,margin,classic,PA,27,R,D,162167,3.555,D,2
1980,margin,classic,SC,8,R,D,6824,0.767,D,1
1980,margin,classic,MS,7,R,D,5905,0.662,D,2
1980,margin,classic,NC,13,R,D,19692,1.061,D,1
1980,margin,classic,KY,9,R,D,9429,0.728,D,1
1980,margin,classic,AL,9,R,D,8732,0.651,D,2
1980,margin,classic,AR,6,R,D,2562,0.306,D,1
1980,margin,classic,NY,41,R,D,82730,1.334,D,1
1980,margin,classic,TN,10,R,D,2356,0.146,D,2
1980,margin,classic,MA,14,R,D,1915,0.076,D,1
1980,margin,no_majority,WI,11,R,D,53631,2.359,D,1
1980,margin,no_majority,CA,45,R,D,720599,8.392,D,1
1980,margin,no_majority,MI,21,R,D,126847,3.244,D,1
1980,margin,no_majority,PA,27,R,D,162167,3.555,D,2
1980,margin,no_majority,SC,8,R,D,6824,0.767,D,1
1980,margin,no_majority,MS,7,R,D,5905,0.662,D,2
1980,margin,no_majority,NC,13,R,D,19692,1.061,D,1
1980,margin,no_majority,KY,9,R,D,9429,0.728,D,1
1980,margin,no_majority,AL,9,R,D,8732,0.651,D,2
1980,margin,no_majority,AR,6,R,D,2562,0.306,D,1
1980,margin,no_majority,NY,41,R,D,82730,1.334,D,1
1980,margin,no_majority,TN,10,R,D,2356,0.146,D,2
1980,margin,no_majority,MA,14,R,D,1915,0.076,D,1
1980,margin,tie,WI,11,R,D,53631,2.359,D,1
1980,margin,tie,OH,25,R,D,227066,5.301,D,1
1980,margin,tie,MI,21,R,D,126847,3.244,D,1
1980,margin,tie,IL,26,R,D,188319,3.965,D,2
1980,margin,tie,PA,27,R,D,162167,3.555,D,2
1980,margin,tie,SC,8,R,D,6824,0.767,D,1
1980,margin,tie,NC,13,R,D,19692,1.061,D,1
1980,margin,tie,KY,9,R,D,9429,0.728,D,1
1980,margin,tie,AL,9,R,D,8732,0.651,D,2
1980,margin,tie,AR,6,R,D,2562,0.306,D,1
1980,margin,tie,NY,41,R,D,82730,1.334,D,1
1980,margin,tie,TN,10,R,D,2356,0.146,D,2
1980,margin,tie,MA,14,R,D,1915,0.076,D,1
1984,votes,classic,ME-01,1,R,D,29012,9.904,D,2
1984,votes,classic,CA,47,R,D,772246,8.124,D,2
1984,votes,classic,GA,12,R,D,181048,10.194,D,2
1984,votes,classic,SD,3,R,D,42078,13.238,D,2
1984,votes,classic,WY,3,R,D,39936,21.134,D,1
1984,votes,classic,IL,24,R,D,310303,6.439,D,2
1984,votes,classic,AK,3,R,D,38186,18.394,D,2
1984,votes,classic,TN,11,R,D,139250,8.134,D,2
1984,votes,classic,WA,10,R,D,122160,6.484,D,2
1984,votes,classic,NV,4,R,D,48558,16.939,D,1
1984,votes,classic,MT,4,R,D,42855,11.149,D,2
1984,votes,classic,OR,7,R,D,74611,6.083,D,1
1984,votes,classic,NM,5,R,D,52667,10.239,D,2
1984,votes,classic,WI,11,R,D,101477,4.588,D,1
1984,votes,classic,DE,3,R,D,25268,9.926,D,2
1984,votes,classic,NY,36,R,D,272578,4.004,D,2
1984,votes,classic,PA,25,R,D,178097,3.676,D,2
1984,votes,classic,VT,3,R,D,20068,8.556,D,1
1984,votes,classic,WV,6,R,D,38680,5.257,D,2
1984,votes,classic,IA,8,R,D,48735,3.693,D,2
1984,votes,classic,HI,4,R,D,18949,5.642,D,2
1984,votes,classic,MD,10,R,D,45992,2.744,D,1
1984,votes,classic,MA,13,R,D,35666,1.394,D,2
1984,votes,classic,RI,4,R,D,7488,1.824,D,2
1984,votes,classic,ME-AL,2,R,R,0,0.0,R,63961
1984,votes,no_majority,CA,47,R,D,772246,8.124,D,2
1984,votes,no_majority,GA,12,R,D,181048,10.194,D,2
1984,votes,no_majority,SD,3,R,D,42078,13.238,D,2
1984,votes,no_majority,WY,3,R,D,39936,21.134,D,1
1984,votes,no_majority,IL,24,R,D,310303,6.439,D,2
1984,votes,no_majority,AK,3,R,D,38186,18.394,D,2
1984,votes,no_majority,TN,11,R,D,139250,8.134,D,2
1984,votes,no_majority,WA,10,R,D,122160,6.484,D,2
1984,votes,no_majority,NV,4,R,D,48558,16.939,D,1
1984,votes,no_majority,MT,4,R,D,42855,11.149,D,2
1984,votes,no_majority,OR,7,R,D,74611,6.083,D,1
1984,votes,no_majority,NM,5,R,D,52667,10.239,D,2
1984,votes,no_majority,WI,11,R,D,101477,4.588,D,1
1984,votes,no_majority,DE,3,R,D,25268,9.926,D,2
1984,votes,no_majority,NY,36,R,D,272578,4.004,D,2
1984,votes,no_majority,PA,25,R,D,178097,3.676,D,2
1984,votes,no_majority,VT,3,R,D,20068,8.556,D,1
1984,votes,no_majority,WV,6,R,D,38680,5.257,D,2
1984,votes,no_majority,IA,8,R,D,48735,3.693,D,2
1984,votes,no_majority,HI,4,R,D,18949,5.642,D,2
1984,votes,no_majority,MD,10,R,D,45992,2.744,D,1
1984,votes,no_majority,MA,13,R,D,35666,1.394,D,2
1984,votes,no_majority,RI,4,R,D,7488,1.824,D,2
1984,votes,tie,CA,47,R,D,772246,8.124,D,2
1984,votes,tie,GA,12,R,D,181048,10.194,D,2
1984,votes,tie,SD,3,R,D,42078,13.238,D,2
1984,votes,tie,WY,3,R,D,39936,21.134,D,1
1984,votes,tie,IL,24,R,D,310303,6.439,D,2
1984,votes,tie,AK,3,R,D,38186,18.394,D,2
1984,votes,tie,TN,11,R,D,139250,8.134,D,2
1984,votes,tie,WA,10,R,D,122160,6.484,D,2
1984,votes,tie,NV,4,R,D,48558,16.939,D,1
1984,votes,tie,MT,4,R,D,42855,11.149,D,2
1984,votes,tie,OR,7,R,D,74611,6.083,D,1
1984,votes,tie,NM,5,R,D,52667,10.239,D,2
1984,votes,tie,WI,11,R,D,101477,4.588,D,1
1984,votes,tie,DE,3,R,D,25268,9.926,D,2
1984,votes,tie,NY,36,R,D,272578,4.004,D,2
1984,votes,tie,PA,25,R,D,178097,3.676,D,2
1984,votes,tie,VT,3,R,D,20068,8.556,D,1
1984,votes,tie,WV,6,R,D,38680,5.257,D,2
1984,votes,tie,IA,8,R,D,48735,3.693,D,2
1984,votes,tie,HI,4,R,D,18949,5.642,D,2
1984,votes,tie,MD,10,R,D,45992,2.744,D,1
1984,votes,tie,MA,13,R,D,35666,1.394,D,2
1984,votes,tie,RI,4,R,D,7488,1.824,D,2
1984,margin,classic,OR,7,R,D,74611,6.083,D,1
1984,margin,classic,MI,20,R,D,360967,9.495,D,1
1984,margin,classic,TX,29,R,D,742077,13.748,D,2
1984,margin,classic,IA,8,R,D,48735,3.693,D,2
1984,margin,classic,RI,4,R,D,7488,1.824,D,2
1984,margin,classic,WI,11,R,D,101477,4.588,D,1
1984,margin,classic,OH,23,R,D,426561,9.38,D,2
1984,margin,classic,MD,10,R,D,45992,2.744,D,1
1984,margin,classic,IL,24,R,D,310303,6.439,D,2
1984,margin,classic,CA,47,R,D,772246,8.124,D,2
1984,margin,classic,PA,25,R,D,178097,3.676,D,2
1984,margin,classic,NY,36,R,D,272578,4.004,D,2
1984,margin,classic,MA,13,R,D,35666,1.394,D,2
1984,margin,no_majority,WA,10,R,D,122160,6.484,D,2
1984,margin,no_majority,MI,20,R,D,360967,9.495,D,1
1984,margin,no_majority,TX,29,R,D,742077,13.748,D,2
1984,margin,no_majority,IA,8,R,D,48735,3.693,D,2
1984,margin,no_majority,WI,11,R,D,101477,4.588,D,1
1984,margin,no_majority,OH,23,R,D,426561,9.38,D,2
1984,margin,no_majority,MD,10,R,D,45992,2.744,D,1
1984,margin,no_majority,IL,24,R,D,310303,6.439,D,2
1984,margin,no_majority,CA,47,R,D,772246,8.124,D,2
1984,margin,no_majority,PA,25,R,D,178097,3.676,D,2
1984,margin,no_majority,NY,36,R,D,272578,4.004,D,2
1984,margin,no_majority,MA,13,R,D,35666,1.394,D,2
1984,margin,tie,WA,10,R,D,122160,6.484,D,2
1984,margin,tie,MI,20,R,D,360967,9.495,D,1
1984,margin,tie,TX,29,R,D,742077,13.748,D,2
1984,margin,tie,IA,8,R,D,48735,3.693,D,2
1984,margin,tie,WI,11,R,D,101477,4.588,D,1
1984,margin,tie,OH,23,R,D,426561,9.38,D,2
1984,margin,tie,MD,10,R,D,45992,2.744,D,1
1984,margin,tie,IL,24,R,D,310303,6.439,D,2
1984,margin,tie,CA,47,R,D,772246,8.124,D,2
1984,margin,tie,PA,25,R,D,178097,3.676,D,2
1984,margin,tie,NY,36,R,D,272578,4.004,D,2
1984,margin,tie,MA,13,R,D,35666,1.394,D,2
1988,votes,classic,ME-02,1,R,D,12675,5.063,D,2
1988,votes,classic,CO,8,R,D,53363,3.888,D,2
1988,votes,classic,WY,3,R,D,19878,11.259,D,2
1988,votes,classic,ND,3,R,D,19411,6.53,D,2
1988,votes,classic,DE,3,R,D,15497,6.202,D,2
1988,votes,classic,CT,8,R,D,36829,2.552,D,1
1988,votes,classic,MO,11,R,D,41668,1.991,D,2
1988,votes,classic,CA,47,R,D,176343,1.784,D,2
1988,votes,classic,SD,3,R,D,9928,3.172,D,1
1988,votes,classic,MT,4,R,D,10739,2.937,D,2
1988,votes,classic,NM,5,R,D,12923,2.479,D,2
1988,votes,classic,MD,10,R,D,24932,1.454,D,1
1988,votes,classic,PA,25,R,D,52572,1.159,D,1
1988,votes,classic,IL,24,R,D,47500,1.042,D,1
1988,votes,classic,VT,3,R,D,4279,1.758,D,2
1988,votes,classic,ME-AL,2,R,R,0,0.0,R,38212
1988,votes,no_majority,CO,8,R,D,53363,3.888,D,2
1988,votes,no_majority,WY,3,R,D,19878,11.259,D,2
1988,votes,no_majority,ND,3,R,D,19411,6.53,D,2
1988,votes,no_majority,DE,3,R,D,15497,6.202,D,2
1988,votes,no_majority,CT,8,R,D,36829,2.552,D,1
1988,votes,no_majority,MO,11,R,D,41668,1.991,D,2
1988,votes,no_majority,CA,47,R,D,176343,1.784,D,2
1988,votes,no_majority,SD,3,R,D,9928,3.172,D,1
1988,votes,no_majority,MT,4,R,D,10739,2.937,D,2
1988,votes,no_majority,NM,5,R,D,12923,2.479,D,2
1988,votes,no_majority,MD,10,R,D,24932,1.454,D,1
1988,votes,no_majority,PA,25,R,D,52572,1.159,D,1
1988,votes,no_majority,IL,24,R,D,47500,1.042,D,1
1988,votes,no_majority,VT,3,R,D,4279,1.758,D,2
1988,votes,tie,CO,8,R,D,53363,3.888,D,2
1988,votes,tie,WY,3,R,D,19878,11.259,D,2
1988,votes,tie,ND,3,R,D,19411,6.53,D,2
1988,votes,tie,DE,3,R,D,15497,6.202,D,2
1988,votes,tie,CT,8,R,D,36829,2.552,D,1
1988,votes,tie,MO,11,R,D,41668,1.991,D,2
1988,votes,tie,CA,47,R,D,176343,1.784,D,2
1988,votes,tie,SD,3,R,D,9928,3.172,D,1
1988,votes,tie,MT,4,R,D,10739,2.937,D,2
1988,votes,tie,NM,5,R,D,12923,2.479,D,2
1988,votes,tie,MD,10,R,D,24932,1.454,D,1
1988,votes,tie,PA,25,R,D,52572,1.159,D,1
1988,votes,tie,IL,24,R,D,47500,1.042,D,1
1988,votes,tie,VT,3,R,D,4279,1.758,D,2
1988,margin,classic,OH,23,R,D,238461,5.427,D,2
1988,margin,classic,MI,20,R,D,144852,3.948,D,1
1988,margin,classic,MO,11,R,D,41668,1.991,D,2
1988,margin,classic,MD,10,R,D,24932,1.454,D,1
1988,margin,classic,PA,25,R,D,52572,1.159,D,1
1988,margin,classic,IL,24,R,D,47500,1.042,D,1
1988,margin,classic,CA,47,R,D,176343,1.784,D,2
1988,margin,no_majority,OH,23,R,D,238461,5.427,D,2
1988,margin,no_majority,MI,20,R,D,144852,3.948,D,1
1988,margin,no_majority,MO,11,R,D,41668,1.991,D,2
1988,margin,no_majority,MD,10,R,D,24932,1.454,D,1
1988,margin,no_majority,PA,25,R,D,52572,1.159,D,1
1988,margin,no_majority,IL,24,R,D,47500,1.042,D,1
1988,margin,no_majority,CA,47,R,D,176343,1.784,D,2
1988,margin,tie,CT,8,R,D,36829,2.552,D,1
1988,margin,tie,OH,23,R,D,238461,5.427,D,2
1988,margin,tie,MI,20,R,D,144852,3.948,D,1
1988,margin,tie,MD,10,R,D,24932,1.454,D,1
1988,margin,tie,PA,25,R,D,52572,1.159,D,1
1988,margin,tie,IL,24,R,D,47500,1.042,D,1
1988,margin,tie,CA,47,R,D,176343,1.784,D,2
1992,votes,classic,HI,4,D,R,21245,5.698,R,2
1992,votes,classic,LA,9,D,R,41293,2.307,R,1
1992,votes,classic,TN,11,D,R,46111,2.326,R,1
1992,votes,classic,CO,8,D,R,33416,2.13,R,1
1992,votes,classic,DE,3,D,R,11872,4.098,R,2
1992,votes,classic,KY,8,D,R,23964,1.605,R,2
1992,votes,classic,NJ,15,D,R,39671,1.186,R,1
1992,votes,classic,OH,21,D,R,45317,0.917,R,2
1992,votes,classic,MT,3,D,R,5151,1.254,R,2
1992,votes,classic,NV,4,D,R,6661,1.316,R,2
1992,votes,classic,NH,4,D,R,3279,0.61,R,2
1992,votes,classic,GA,13,D,R,6858,0.295,R,2
1992,votes,no_majority,NM,5,D,R,24397,4.28,R,1
1992,votes,no_majority,LA,9,D,R,41293,2.307,R,1
1992,votes,no_majority,TN,11,D,R,46111,2.326,R,1
1992,votes,no_majority,CO,8,D,R,33416,2.13,R,1
1992,votes,no_majority,KY,8,D,R,23964,1.605,R,2
1992,votes,no_majority,NJ,15,D,R,39671,1.186,R,1
1992,votes,no_majority,OH,21,D,R,45317,0.917,R,2
1992,votes,no_majority,MT,3,D,R,5151,1.254,R,2
1992,votes,no_majority,NV,4,D,R,6661,1.316,R,2
1992,votes,no_majority,NH,4,D,R,3279,0.61,R,2
1992,votes,no_majority,GA,13,D,R,6858,0.295,R,2
1992,votes,tie,NM,5,D,R,24397,4.28,R,1
1992,votes,tie,LA,9,D,R,41293,2.307,R,1
1992,votes,tie,TN,11,D,R,46111,2.326,R,1
1992,votes,tie,CO,8,D,R,33416,2.13,R,1
1992,votes,tie,KY,8,D,R,23964,1.605,R,2
1992,votes,tie,NJ,15,D,R,39671,1.186,R,1
1992,votes,tie,OH,21,D,R,45317,0.917,R,2
1992,votes,tie,MT,3,D,R,5151,1.254,R,2
1992,votes,tie,NV,4,D,R,6661,1.316,R,2
1992,votes,tie,NH,4,D,R,3279,0.61,R,2
1992,votes,tie,GA,13,D,R,6858,0.295,R,2
1992,margin,classic,CA,54,D,R,745376,6.696,R,1
1992,margin,classic,NJ,15,D,R,39671,1.186,R,1
1992,margin,classic,OH,21,D,R,45317,0.917,R,2
1992,margin,classic,GA,13,D,R,6858,0.295,R,2
1992,margin,no_majority,CA,54,D,R,745376,6.696,R,1
1992,margin,no_majority,NJ,15,D,R,39671,1.186,R,1
1992,margin,no_majority,OH,21,D,R,45317,0.917,R,2
1992,margin,no_majority,GA,13,D,R,6858,0.295,R,2
1992,margin,tie,LA,9,D,R,41293,2.307,R,1
1992,margin,tie,NH,4,D,R,3279,0.61,R,2
1992,margin,tie,CA,54,D,R,745376,6.696,R,1
1992,margin,tie,OH,21,D,R,45317,0.917,R,2
1992,margin,tie,GA,13,D,R,6858,0.295,R,2
1996,votes,classic,IA,7,D,R,63808,5.171,R,2
1996,votes,classic,OR,7,D,R,55745,4.046,R,1
1996,votes,classic,OH,21,D,R,144170,3.179,R,1
1996,votes,classic,NH,4,D,R,24842,4.977,R,2
1996,votes,classic,MO,11,D,R,67960,3.149,R,1
1996,votes,classic,FL,25,D,R,151168,2.85,R,2
1996,votes,classic,NM,5,D,R,20373,3.664,R,2
1996,votes,classic,TN,11,D,R,22809,1.204,R,2
1996,votes,classic,AZ,8,D,R,15608,1.111,R,1
1996,votes,classic,KY,8,D,R,6666,0.48,R,1
1996,votes,classic,NV,4,D,R,2366,0.51,R,2
1996,votes,no_majority,VT,3,D,R,28772,11.133,R,2
1996,votes,no_majority,OR,7,D,R,55745,4.046,R,1
1996,votes,no_majority,DE,3,D,R,20647,7.623,R,1
1996,votes,no_majority,OH,21,D,R,144170,3.179,R,1
1996,votes,no_majority,NH,4,D,R,24842,4.977,R,2
1996,votes,no_majority,MO,11,D,R,67960,3.149,R,1
1996,votes,no_majority,FL,25,D,R,151168,2.85,R,2
1996,votes,no_majority,NM,5,D,R,20373,3.664,R,2
1996,votes,no_majority,TN,11,D,R,22809,1.204,R,2
1996,votes,no_majority,AZ,8,D,R,15608,1.111,R,1
1996,votes,no_majority,KY,8,D,R,6666,0.48,R,1
1996,votes,no_majority,NV,4,D,R,2366,0.51,R,2
1996,votes,tie,VT,3,D,R,28772,11.133,R,2
1996,votes,tie,OR,7,D,R,55745,4.046,R,1
1996,votes,tie,DE,3,D,R,20647,7.623,R,1
1996,votes,tie,OH,21,D,R,144170,3.179,R,1
1996,votes,tie,NH,4,D,R,24842,4.977,R,2
1996,votes,tie,MO,11,D,R,67960,3.149,R,1
1996,votes,tie,FL,25,D,R,151168,2.85,R,2
1996,votes,tie,NM,5,D,R,20373,3.664,R,2
1996,votes,tie,TN,11,D,R,22809,1.204,R,2
1996,votes,tie,AZ,8,D,R,15608,1.111,R,1
1996,votes,tie,KY,8,D,R,6666,0.48,R,1
1996,votes,tie,NV,4,D,R,2366,0.51,R,2
1996,margin,classic,OH,21,D,R,144170,3.179,R,1
1996,margin,classic,NV,4,D,R,2366,0.51,R,2
1996,margin,classic,CA,54,D,R,645728,6.445,R,1
1996,margin,classic,FL,25,D,R,151168,2.85,R,2
1996,margin,classic,KY,8,D,R,6666,0.48,R,1
1996,margin,no_majority,AZ,8,D,R,15608,1.111,R,1
1996,margin,no_majority,NV,4,D,R,2366,0.51,R,2
1996,margin,no_majority,CA,54,D,R,645728,6.445,R,1
1996,margin,no_majority,FL,25,D,R,151168,2.85,R,2
1996,margin,no_majority,TN,11,D,R,22809,1.204,R,2
1996,margin,no_majority,KY,8,D,R,6666,0.48,R,1
1996,margin,tie,AZ,8,D,R,15608,1.111,R,1
1996,margin,tie,NV,4,D,R,2366,0.51,R,2
1996,margin,tie,CA,54,D,R,645728,6.445,R,1
1996,margin,tie,FL,25,D,R,151168,2.85,R,2
1996,margin,tie,TN,11,D,R,22809,1.204,R,2
1996,margin,tie,KY,8,D,R,6666,0.48,R,1
2000,votes,classic,FL,25,R,D,269,0.005,D,1
2000,votes,no_majority,FL,25,R,D,269,0.005,D,1
2000,votes,tie,NE-01,1,R,D,27809,11.49,D,2
2000,votes,tie,NE-02,1,R,D,21256,9.201,D,2
2000,votes,tie,NE-AL,2,R,R,0,0.0,R,103952
2000,margin,classic,FL,25,R,D,269,0.005,D,1
2000,margin,no_majority,FL,25,R,D,269,0.005,D,1
2000,margin,tie,NE-01,1,R,D,27809,11.49,D,2
2000,margin,tie,NE-02,1,R,D,21256,9.201,D,2
2000,margin,tie,NE-AL,2,R,R,0,0.0,R,103952
2004,votes,classic,NE-02,1,R,D,27592,10.862,D,1
2004,votes,classic,NV,5,R,D,10751,1.296,D,2
2004,votes,classic,IA,7,R,D,5030,0.334,D,1
2004,votes,classic,NM,5,R,D,2995,0.396,D,2
2004,votes,classic,NE-AL,2,R,R,0,0.0,R,203302
2004,votes,no_majority,NV,5,R,D,10751,1.296,D,2
2004,votes,no_majority,IA,7,R,D,5030,0.334,D,1
2004,votes,no_majority,NM,5,R,D,2995,0.396,D,2
2004,votes,tie,NV,5,R,D,10751,1.296,D,2
2004,votes,tie,IA,7,R,D,5030,0.334,D,1
2004,votes,tie,NM,5,R,D,2995,0.396,D,2
2004,margin,classic,OH,20,R,D,59301,1.054,D,1
2004,margin,no_majority,OH,20,R,D,59301,1.054,D,1
2004,margin,tie,NV,5,R,D,10751,1.296,D,2
2004,margin,tie,NM,5,R,D,2995,0.396,D,2
2004,margin,tie,IA,7,R,D,5030,0.334,D,1
2008,votes,classic,IA,7,D,R,73281,4.767,R,1
2008,votes,classic,VA,13,D,R,117264,3.149,R,1
2008,votes,classic,NH,4,D,R,34147,4.803,R,2
2008,votes,classic,OH,20,D,R,131113,2.297,R,2
2008,votes,classic,FL,27,D,R,118226,1.409,R,2
2008,votes,classic,IN,11,D,R,14196,0.516,R,1
2008,votes,classic,NC,15,D,R,7089,0.164,R,1
2008,votes,no_majority,NV,5,D,R,60455,6.246,R,1
2008,votes,no_majority,VA,13,D,R,117264,3.149,R,1
2008,votes,no_majority,NH,4,D,R,34147,4.803,R,2
2008,votes,no_majority,OH,20,D,R,131113,2.297,R,2
2008,votes,no_majority,FL,27,D,R,118226,1.409,R,2
2008,votes,no_majority,NE-02,1,D,R,1686,0.607,R,2
2008,votes,no_majority,IN,11,D,R,14196,0.516,R,1
2008,votes,no_majority,NC,15,D,R,7089,0.164,R,1
2008,votes,no_majority,NE-AL,2,R,R,0,0.0,R,123032
2008,votes,tie,NV,5,D,R,60455,6.246,R,1
2008,votes,tie,VA,13,D,R,117264,3.149,R,1
2008,votes,tie,NH,4,D,R,34147,4.803,R,2
2008,votes,tie,OH,20,D,R,131113,2.297,R,2
2008,votes,tie,FL,27,D,R,118226,1.409,R,2
2008,votes,tie,NE-02,1,D,R,1686,0.607,R,2
2008,votes,tie,IN,11,D,R,14196,0.516,R,1
2008,votes,tie,NC,15,D,R,7089,0.164,R,1
2008,votes,tie,NE-AL,2,R,R,0,0.0,R,123032
2008,margin,classic,PA,21,D,R,310240,5.159,R,2
2008,margin,classic,VA,13,D,R,117264,3.149,R,1
2008,margin,classic,OH,20,D,R,131113,2.297,R,2
2008,margin,classic,FL,27,D,R,118226,1.409,R,2
2008,margin,classic,IN,11,D,R,14196,0.516,R,1
2008,margin,classic,NC,15,D,R,7089,0.164,R,1
2008,margin,no_majority,PA,21,D,R,310240,5.159,R,2
2008,margin,no_majority,VA,13,D,R,117264,3.149,R,1
2008,margin,no_majority,OH,20,D,R,131113,2.297,R,2
2008,margin,no_majority,FL,27,D,R,118226,1.409,R,2
2008,margin,no_majority,NC,15,D,R,7089,0.164,R,1
2008,margin,tie,PA,21,D,R,310240,5.159,R,2
2008,margin,tie,VA,13,D,R,117264,3.149,R,1
2008,margin,tie,OH,20,D,R,131113,2.297,R,2
2008,margin,tie,FL,27,D,R,118226,1.409,R,2
2008,margin,tie,NC,15,D,R,7089,0.164,R,1
2012,votes,classic,VA,13,D,R,74650,1.937,R,2
2012,votes,classic,NH,4,D,R,19822,2.788,R,1
2012,votes,classic,OH,18,D,R,83137,1.49,R,2
2012,votes,classic,FL,29,D,R,37155,0.438,R,1
2012,votes,no_majority,VA,13,D,R,74650,1.937,R,2
2012,votes,no_majority,NH,4,D,R,19822,2.788,R,1
2012,votes,no_majority,OH,18,D,R,83137,1.49,R,2
2012,votes,no_majority,FL,29,D,R,37155,0.438,R,1
2012,votes,tie,IA,6,D,R,45964,2.905,R,1
2012,votes,tie,NV,6,D,R,33904,3.341,R,2
2012,votes,tie,NH,4,D,R,19822,2.788,R,1
2012,votes,tie,OH,18,D,R,83137,1.49,R,2
2012,votes,tie,FL,29,D,R,37155,0.438,R,1
2012,margin,classic,PA,20,D,R,154921,2.693,R,2
2012,margin,classic,OH,18,D,R,83137,1.49,R,2
2012,margin,classic,FL,29,D,R,37155,0.438,R,1
2012,margin,no_majority,PA,20,D,R,154921,2.693,R,2
2012,margin,no_majority,OH,18,D,R,83137,1.49,R,2
2012,margin,no_majority,FL,29,D,R,37155,0.438,R,1
2012,margin,tie,MI,16,D,R,224657,4.749,R,1
2012,margin,tie,OH,18,D,R,83137,1.49,R,2
2012,margin,tie,FL,29,D,R,37155,0.438,R,1
2016,votes,classic,WI,10,R,D,11375,0.382,D,2
2016,votes,classic,PA,20,R,D,22147,0.359,D,2
2016,votes,classic,MI,16,R,D,5353,0.112,D,2
2016,votes,no_majority,NE-02,1,R,D,3268,1.12,D,2
2016,votes,no_majority,PA,20,R,D,22147,0.359,D,2
2016,votes,no_majority,MI,16,R,D,5353,0.112,D,2
2016,votes,no_majority,NE-AL,2,R,R,0,0.0,R,204931
2016,votes,tie,NE-02,1,R,D,3268,1.12,D,2
2016,votes,tie,PA,20,R,D,22147,0.359,D,2
2016,votes,tie,MI,16,R,D,5353,0.112,D,2
2016,votes,tie,NE-AL,2,R,R,0,0.0,R,204931
2016,margin,classic,FL,29,R,D,56456,0.599,D,1
2016,margin,classic,MI,16,R,D,5353,0.112,D,2
2016,margin,no_majority,FL,29,R,D,56456,0.599,D,1
2016,margin,no_majority,MI,16,R,D,5353,0.112,D,2
2016,margin,tie,NE-02,1,R,D,3268,1.12,D,2
2016,margin,tie,PA,20,R,D,22147,0.359,D,2
2016,margin,tie,MI,16,R,D,5353,0.112,D,2
2016,margin,tie,NE-AL,2,R,R,0,0.0,R,204931
2020,votes,classic,NE-02,1,D,R,11046,3.252,R,1
2020,votes,classic,WI,10,D,R,10342,0.314,R,2
2020,votes,classic,AZ,11,D,R,5229,0.154,R,1
2020,votes,classic,GA,16,D,R,5890,0.118,R,1
2020,votes,classic,NE-AL,2,R,R,0,0.0,R,204355
2020,votes,no_majority,WI,10,D,R,10342,0.314,R,2
2020,votes,no_majority,AZ,11,D,R,5229,0.154,R,1
2020,votes,no_majority,GA,16,D,R,5890,0.118,R,1
2020,votes,tie,WI,10,D,R,10342,0.314,R,2
2020,votes,tie,AZ,11,D,R,5229,0.154,R,1
2020,votes,tie,GA,16,D,R,5890,0.118,R,1
2020,margin,classic,PA,20,D,R,40278,0.581,R,1
2020,margin,classic,AZ,11,D,R,5229,0.154,R,1
2020,margin,classic,GA,16,D,R,5890,0.118,R,1
2020,margin,no_majority,WI,10,D,R,10342,0.314,R,2
2020,margin,no_majority,AZ,11,D,R,5229,0.154,R,1
2020,margin,no_majority,GA,16,D,R,5890,0.118,R,1
2020,margin,tie,WI,10,D,R,10342,0.314,R,2
2020,margin,tie,AZ,11,D,R,5229,0.154,R,1
2020,margin,tie,GA,16,D,R,5890,0.118,R,1
2024,votes,classic,PA,19,R,D,60134,0.852,D,2
2024,votes,classic,MI,15,R,D,40052,0.707,D,1
2024,votes,classic,WI,10,R,D,14699,0.429,D,1
2024,votes,no_majority,PA,19,R,D,60134,0.852,D,2
2024,votes,no_majority,MI,15,R,D,40052,0.707,D,1
2024,votes,no_majority,WI,10,R,D,14699,0.429,D,1
2024,votes,tie,AK,3,R,D,22217,6.57,D,2
2024,votes,tie,NV,6,R,D,23005,1.549,D,2
2024,votes,tie,PA,19,R,D,60134,0.852,D,2
2024,votes,tie,MI,15,R,D,40052,0.707,D,1
2024,margin,classic,MI,15,R,D,40052,0.707,D,1
2024,margin,classic,PA,19,R,D,60134,0.852,D,2
2024,margin,classic,WI,10,R,D,14699,0.429,D,1
2024,margin,no_majority,MI,15,R,D,40052,0.707,D,1
2024,margin,no_majority,PA,19,R,D,60134,0.852,D,2
2024,margin,no_majority,WI,10,R,D,14699,0.429,D,1
2024,margin,tie,AZ,11,R,D,93692,2.764,D,2
2024,margin,tie,NC,16,R,D,91525,1.606,D,2
2024,margin,tie,GA,16,R,D,57551,1.096,D,2
