year,stop,stop_key,effective_pv,unit,winner,result_color_name,color_css
1916,-0.509987968350,-0.509988,-0.510087968350,AL,R,RED,red
1916,-0.341124276073,-0.341124,-0.341224276073,AR,R,RED,red
1916,-0.186766435617,-0.186766,-0.186866435617,AZ,R,RED,red
1916,0.027414633719,0.027415,0.027314633719,CA,R,RED,red
1916,-0.228710655491,-0.228711,-0.228810655491,CO,R,RED,red
1916,0.062646906398,0.062647,0.062746906398,CT,D,BLUE,blue
1916,0.055470159023,0.055470,0.055570159023,DE,D,BLUE,blue
1916,-0.481271541128,-0.481272,-0.481371541128,FL,R,RED,red
1916,-0.693600979891,-0.693601,-0.693700979891,GA,R,RED,red
1916,0.151319419270,0.151319,0.151419419270,IA,D,BLUE,blue
1916,-0.077907179509,-0.077907,-0.078007179509,ID,R,RED,red
1916,0.123458641983,0.123459,0.123558641983,IL,D,BLUE,blue
1916,0.040846250250,0.040846,0.040946250250,IN,D,BLUE,blue
1916,-0.027447320213,-0.027447,-0.027547320213,KS,R,RED,red
1916,-0.022910445177,-0.022910,-0.023010445177,KY,R,RED,red
1916,-0.758307759677,-0.758308,-0.758407759677,LA,R,RED,red
1916,0.070486041129,0.070486,0.070586041129,MA,D,BLUE,blue
1916,-0.048997404924,-0.048997,-0.049097404924,MD,R,RED,red
1916,0.071353752116,0.071354,0.071453752116,ME-AL,D,BLUE,blue
1916,0.111564201514,0.111564,0.111664201514,MI,D,BLUE,blue
1916,0.032201100266,0.032201,0.032301100266,MN,D,BLUE,blue
1916,-0.005280276234,-0.005280,-0.005380276234,MO,R,RED,red
1916,-0.847558892125,-0.847559,-0.847658892125,MS,R,RED,red
1916,-0.161928793953,-0.161929,-0.162028793953,MT,R,RED,red
1916,-0.132671934543,-0.132672,-0.132771934543,NC,R,RED,red
1916,0.016153167206,0.016153,0.016053167206,ND,R,RED,red
1916,-0.111706296168,-0.111706,-0.111806296168,NE-AL,R,RED,red
1916,0.030560815298,0.030561,0.030460815298,NH,R,RED,red
1916,0.148420273562,0.148420,0.148520273562,NJ,D,BLUE,blue
1916,-0.004371680538,-0.004372,-0.004471680538,NM,R,RED,red
1916,-0.138369038054,-0.138369,-0.138469038054,NV,R,RED,red
1916,0.101406355962,0.101406,0.101506355962,NY,D,BLUE,blue
1916,-0.045550267300,-0.045550,-0.045650267300,OH,R,RED,red
1916,-0.142609257574,-0.142609,-0.142709257574,OK,R,RED,red
1916,0.056895228124,0.056895,0.056995228124,OR,D,BLUE,blue
1916,0.171522576280,0.171523,0.171622576280,PA,D,BLUE,blue
1916,0.082022693277,0.082023,0.082122693277,RI,D,BLUE,blue
1916,-0.911642991899,-0.911643,-0.911742991899,SC,R,RED,red
1916,0.070167897841,0.070168,0.070267897841,SD,D,BLUE,blue
1916,-0.104954737896,-0.104955,-0.105054737896,TN,R,RED,red
1916,-0.563534695688,-0.563535,-0.563634695688,TX,R,RED,red
1916,-0.178442991651,-0.178443,-0.178542991651,UT,R,RED,red
1916,-0.320437245046,-0.320437,-0.320537245046,VA,R,RED,red
1916,0.303263579655,0.303264,0.303363579655,VT,D,BLUE,blue
1916,-0.011278728192,-0.011279,-0.011378728192,WA,R,RED,red
1916,0.097073184850,0.097073,0.097173184850,WI,D,BLUE,blue
1916,0.040576681703,0.040577,0.040676681703,WV,D,BLUE,blue
1916,-0.096472904843,-0.096473,-0.096572904843,WY,R,RED,red
1920,-0.621107424066,-0.621107,-0.621207424066,AL,R,RED,red
1920,-0.459328435046,-0.459328,-0.459428435046,AR,R,RED,red
1920,-0.149473221803,-0.149473,-0.149373221803,AZ,D,BLUE,blue
1920,0.157559096921,0.157559,0.157659096921,CA,D,BLUE,blue
1920,-0.027796666401,-0.027797,-0.027696666401,CO,D,BLUE,blue
1920,0.035186098969,0.035186,0.035286098969,CT,D,BLUE,blue
1920,-0.125235648813,-0.125236,-0.125135648813,DE,D,BLUE,blue
1920,-0.575137682729,-0.575138,-0.575237682729,FL,R,RED,red
1920,-0.707382751274,-0.707383,-0.707482751274,GA,R,RED,red
1920,0.192731573751,0.192732,0.192831573751,IA,D,BLUE,blue
1920,0.050900122975,0.050900,0.051000122975,ID,D,BLUE,blue
1920,0.161310597803,0.161311,0.161410597803,IL,D,BLUE,blue
1920,-0.115213848061,-0.115214,-0.115113848061,IN,D,BLUE,blue
1920,0.060583940777,0.060584,0.060683940777,KS,D,BLUE,blue
1920,-0.266071861710,-0.266072,-0.266171861710,KY,R,RED,red
1920,-0.649219591618,-0.649220,-0.649319591618,LA,R,RED,red
1920,0.145319475755,0.145319,0.145419475755,MA,D,BLUE,blue
1920,-0.132181604758,-0.132182,-0.132081604758,MD,D,BLUE,blue
1920,0.129495488045,0.129495,0.129595488045,ME-AL,D,BLUE,blue
1920,0.243269531317,0.243270,0.243369531317,MI,D,BLUE,blue
1920,0.249862910649,0.249863,0.249962910649,MN,D,BLUE,blue
1920,-0.147381439738,-0.147381,-0.147281439738,MO,D,BLUE,blue
1920,-0.961173305306,-0.961173,-0.961273305306,MS,R,RED,red
1920,0.029117650655,0.029118,0.029217650655,MT,D,BLUE,blue
1920,-0.396456192448,-0.396456,-0.396556192448,NC,R,RED,red
1920,0.334337049909,0.334337,0.334437049909,ND,D,BLUE,blue
1920,0.072441246649,0.072441,0.072541246649,NE-AL,D,BLUE,blue
1920,-0.057201390630,-0.057201,-0.057101390630,NH,D,BLUE,blue
1920,0.130641693075,0.130642,0.130741693075,NJ,D,BLUE,blue
1920,-0.157663593541,-0.157664,-0.157563593541,NM,D,BLUE,blue
1920,-0.054741999852,-0.054742,-0.054641999852,NV,D,BLUE,blue
1920,0.114330982107,0.114331,0.114430982107,NY,D,BLUE,blue
1920,-0.062859655605,-0.062860,-0.062759655605,OH,D,BLUE,blue
1920,-0.206669721691,-0.206670,-0.206569721691,OK,D,BLUE,blue
1920,0.004829456718,0.004829,0.004929456718,OR,D,BLUE,blue
1920,0.123902888136,0.123903,0.124002888136,PA,D,BLUE,blue
1920,0.050246576963,0.050247,0.050346576963,RI,D,BLUE,blue
1920,0.148502682535,0.148503,0.148602682535,SD,D,BLUE,blue
1920,-0.230737692722,-0.230738,-0.230637692722,TN,D,BLUE,blue
1920,-0.619723093520,-0.619723,-0.619823093520,TX,R,RED,red
1920,-0.090840596949,-0.090841,-0.090740596949,UT,D,BLUE,blue
1920,-0.496358534891,-0.496359,-0.496458534891,VA,R,RED,red
1920,0.264006166602,0.264006,0.264106166602,VT,D,BLUE,blue
1920,0.086516727435,0.086517,0.086616727435,WA,D,BLUE,blue
1920,0.287516302898,0.287516,0.287616302898,WI,D,BLUE,blue
1920,-0.141650470186,-0.141650,-0.141550470186,WV,D,BLUE,blue
1920,0.061189065704,0.061189,0.061289065704,WY,D,BLUE,blue
1924,-0.660120763840,-0.660121,-0.660220763840,AL,R,RED,red
1924,-0.571458082789,-0.571458,-0.571558082789,AR,R,RED,red
1924,-0.194292594916,-0.194293,-0.194192594916,AZ,D,BLUE,blue
1924,0.274578025222,0.274578,0.274678025222,CA,D,BLUE,blue
1924,0.200456798918,0.200457,0.200556798918,CA,T,YELLOW,yellow
1924,0.098240437695,0.098240,0.098340437695,CO,D,BLUE,blue
1924,0.087919728972,0.087920,0.088019728972,CT,D,BLUE,blue
1924,-0.043163063552,-0.043163,-0.043063063552,DE,D,BLUE,blue
1924,-0.540299485925,-0.540299,-0.540399485925,FL,R,RED,red
1924,-0.809874494193,-0.809874,-0.809974494193,GA,R,RED,red
1924,0.131705134083,0.131705,0.131805134083,IA,D,BLUE,blue
1924,0.151129773117,0.151130,0.151229773117,ID,D,BLUE,blue
1924,-0.040178092961,-0.040178,-0.040078092961,ID,T,YELLOW,yellow
1924,0.102611876088,0.102612,0.102711876088,IL,D,BLUE,blue
1924,-0.086504334703,-0.086504,-0.086404334703,IN,D,BLUE,blue
1924,0.127251138735,0.127251,0.127351138735,KS,D,BLUE,blue
1924,-0.222602448999,-0.222602,-0.222502448999,KY,D,BLUE,blue
1924,-0.814269063340,-0.814269,-0.814369063340,LA,R,RED,red
1924,0.121901631971,0.121902,0.122001631971,MA,D,BLUE,blue
1924,-0.212183374415,-0.212183,-0.212083374415,MD,D,BLUE,blue
1924,0.249802737907,0.249803,0.249902737907,ME-AL,D,BLUE,blue
1924,0.370249000649,0.370249,0.370349000649,MI,D,BLUE,blue
1924,0.452228416047,0.452228,0.452328416047,MN,D,BLUE,blue
1924,-0.069031798075,-0.069032,-0.068931798075,MN,T,YELLOW,yellow
1924,-0.194272745246,-0.194273,-0.194172745246,MO,D,BLUE,blue
1924,0.122489440233,0.122489,0.122589440233,MT,D,BLUE,blue
1924,-0.164364931037,-0.164365,-0.164264931037,MT,T,YELLOW,yellow
1924,-0.443845244444,-0.443845,-0.443945244444,NC,R,RED,red
1924,0.515693903521,0.515694,0.515793903521,ND,D,BLUE,blue
1924,-0.205570305519,-0.205570,-0.205470305519,ND,T,YELLOW,yellow
1924,-0.077032855656,-0.077033,-0.076932855656,NE-AL,D,BLUE,blue
1924,-0.001071392135,-0.001071,-0.000971392135,NH,D,BLUE,blue
1924,0.095331576997,0.095332,0.095431576997,NJ,D,BLUE,blue
1924,-0.197197938231,-0.197198,-0.197097938231,NM,D,BLUE,blue
1924,0.034590527443,0.034591,0.034690527443,NV,D,BLUE,blue
1924,-0.142668861139,-0.142669,-0.142568861139,NV,T,YELLOW,yellow
1924,0.014148540373,0.014149,0.014248540373,NY,D,BLUE,blue
1924,0.094135034864,0.094135,0.094235034864,OH,D,BLUE,blue
1924,-0.308107761563,-0.308108,-0.308207761563,OK,R,RED,red
1924,0.016137604762,0.016138,0.016237604762,OR,D,BLUE,blue
1924,0.210463495140,0.210463,0.210563495140,PA,D,BLUE,blue
1924,-0.020491801593,-0.020492,-0.020391801593,RI,D,BLUE,blue
1924,0.220101727134,0.220102,0.220201727134,SD,D,BLUE,blue
1924,0.002343177484,0.002343,0.002443177484,SD,T,YELLOW,yellow
1924,-0.344273360903,-0.344273,-0.344373360903,TN,R,RED,red
1924,-0.791455282707,-0.791455,-0.791555282707,TX,R,RED,red
1924,-0.059002911982,-0.059003,-0.058902911982,UT,D,BLUE,blue
1924,-0.549148539458,-0.549149,-0.549248539458,VA,R,RED,red
1924,0.373319878813,0.373320,0.373419878813,VT,D,BLUE,blue
1924,0.296473511063,0.296474,0.296573511063,WA,D,BLUE,blue
1924,0.040749977145,0.040750,0.040849977145,WA,T,YELLOW,yellow
1924,0.682577803950,0.682578,0.682677803950,WI,D,BLUE,blue
1924,-0.607736720102,-0.607737,-0.607836720102,WI,R,RED,red
1924,-0.198371051657,-0.198371,-0.198271051657,WV,D,BLUE,blue
1924,0.110654084100,0.110654,0.110754084100,WY,D,BLUE,blue
1928,-0.202600331793,-0.202600,-0.202700331793,AL,R,RED,red
1928,-0.383839906803,-0.383840,-0.383939906803,AR,R,RED,red
1928,-0.020822573421,-0.020823,-0.020722573421,AZ,D,BLUE,blue
1928,0.130791038412,0.130791,0.130891038412,CA,D,BLUE,blue
1928,0.133626049596,0.133626,0.133726049596,CO,D,BLUE,blue
1928,-0.093597212024,-0.093597,-0.093497212024,CT,D,BLUE,blue
1928,0.130050147752,0.130050,0.130150147752,DE,D,BLUE,blue
1928,-0.007035929084,-0.007036,-0.006935929084,FL,D,BLUE,blue
1928,-0.306126903938,-0.306127,-0.306226903938,GA,R,RED,red
1928,0.067766340879,0.067766,0.067866340879,IA,D,BLUE,blue
1928,0.118766948316,0.118767,0.118866948316,ID,D,BLUE,blue
1928,-0.027671937812,-0.027672,-0.027571937812,IL,D,BLUE,blue
1928,0.026743443887,0.026743,0.026843443887,IN,D,BLUE,blue
1928,0.275423350343,0.275423,0.275523350343,KS,D,BLUE,blue
1928,0.013973907665,0.013974,0.014073907665,KY,D,BLUE,blue
1928,-0.700043044054,-0.700043,-0.700143044054,LA,R,RED,red
1928,-0.185092697817,-0.185093,-0.185192697817,MA,R,RED,red
1928,-0.026844926650,-0.026845,-0.026744926650,MD,D,BLUE,blue
1928,0.202443002015,0.202443,0.202543002015,ME-AL,D,BLUE,blue
1928,0.240234826901,0.240235,0.240334826901,MI,D,BLUE,blue
1928,-0.004752731149,-0.004753,-0.004652731149,MN,D,BLUE,blue
1928,-0.059906274342,-0.059906,-0.059806274342,MO,D,BLUE,blue
1928,-0.816194931722,-0.816195,-0.816294931722,MS,R,RED,red
1928,0.004683126784,0.004683,0.004783126784,MT,D,BLUE,blue
1928,-0.075486131274,-0.075486,-0.075386131274,NC,D,BLUE,blue
1928,-0.070835225956,-0.070835,-0.070735225956,ND,D,BLUE,blue
1928,0.095907724558,0.095908,0.096007724558,NE-AL,D,BLUE,blue
1928,0.002107093468,0.002107,0.002207093468,NH,D,BLUE,blue
1928,0.025470036560,0.025470,0.025570036560,NJ,D,BLUE,blue
1928,0.007425847271,0.007426,0.007525847271,NM,D,BLUE,blue
1928,-0.043493645901,-0.043494,-0.043393645901,NV,D,BLUE,blue
1928,-0.150708296091,-0.150708,-0.150608296091,NY,D,BLUE,blue
1928,0.130121791152,0.130122,0.130221791152,OH,D,BLUE,blue
1928,0.108572353194,0.108572,0.108672353194,OK,D,BLUE,blue
1928,0.126226529615,0.126227,0.126326529615,OR,D,BLUE,blue
1928,0.139328645229,0.139329,0.139428645229,PA,D,BLUE,blue
1928,-0.180314027504,-0.180314,-0.180414027504,RI,R,RED,red
1928,0.035617545159,0.035618,0.035717545159,SD,D,BLUE,blue
1928,-0.097038258673,-0.097038,-0.096938258673,TN,D,BLUE,blue
1928,-0.137519610487,-0.137520,-0.137419610487,TX,D,BLUE,blue
1928,-0.097000927964,-0.097001,-0.096900927964,UT,D,BLUE,blue
1928,-0.094084148430,-0.094084,-0.093984148430,VA,D,BLUE,blue
1928,0.165796374784,0.165796,0.165896374784,VT,D,BLUE,blue
1928,0.183346655120,0.183347,0.183446655120,WA,D,BLUE,blue
1928,-0.081805704467,-0.081806,-0.081705704467,WI,D,BLUE,blue
1928,-0.000308453929,-0.000308,-0.000208453929,WV,D,BLUE,blue
1928,0.108884151233,0.108884,0.108984151233,WY,D,BLUE,blue
1932,-0.528459284625,-0.528459,-0.528559284625,AL,R,RED,red
1932,-0.552963393978,-0.552963,-0.553063393978,AR,R,RED,red
1932,-0.187384181325,-0.187384,-0.187484181325,AZ,R,RED,red
1932,-0.032389963817,-0.032390,-0.032489963817,CA,R,RED,red
1932,0.043757862887,0.043758,0.043657862887,CO,R,RED,red
1932,0.189026251170,0.189026,0.189126251170,CT,D,BLUE,blue
1932,0.201995213606,0.201995,0.202095213606,DE,D,BLUE,blue
1932,-0.318817774136,-0.318818,-0.318917774136,FL,R,RED,red
1932,-0.660673984104,-0.660674,-0.660773984104,GA,R,RED,red
1932,0.000513030236,0.000513,0.000413030236,IA,R,RED,red
1932,-0.026346934495,-0.026347,-0.026446934495,ID,R,RED,red
1932,0.045689672575,0.045690,0.045589672575,IL,R,RED,red
1932,0.060367818795,0.060368,0.060267818795,IN,R,RED,red
1932,0.083273783477,0.083274,0.083173783477,KS,R,RED,red
1932,-0.011457949816,-0.011458,-0.011557949816,KY,R,RED,red
1932,-0.680141771096,-0.680142,-0.680241771096,LA,R,RED,red
1932,0.137612008676,0.137612,0.137512008676,MA,R,RED,red
1932,-0.077028464832,-0.077028,-0.077128464832,MD,R,RED,red
1932,0.304004434409,0.304004,0.304104434409,ME-AL,D,BLUE,blue
1932,0.098428223823,0.098428,0.098328223823,MI,R,RED,red
1932,-0.058573391618,-0.058573,-0.058673391618,MN,R,RED,red
1932,-0.108561399794,-0.108561,-0.108661399794,MO,R,RED,red
1932,-0.746757919244,-0.746758,-0.746857919244,MS,R,RED,red
1932,-0.049708570933,-0.049709,-0.049808570933,MT,R,RED,red
1932,-0.228893402319,-0.228893,-0.228993402319,NC,R,RED,red
1932,-0.238247072005,-0.238247,-0.238347072005,ND,R,RED,red
1932,-0.099357586986,-0.099358,-0.099457586986,NE-AL,R,RED,red
1932,0.191951129756,0.191951,0.192051129756,NH,D,BLUE,blue
1932,0.158585366635,0.158585,0.158485366635,NJ,R,RED,red
1932,-0.091991390421,-0.091991,-0.092091390421,NM,R,RED,red
1932,-0.210570660341,-0.210571,-0.210670660341,NV,R,RED,red
1932,0.050273274753,0.050273,0.050173274753,NY,R,RED,red
1932,0.149102639496,0.149103,0.149002639496,OH,R,RED,red
1932,-0.288318395941,-0.288318,-0.288418395941,OK,R,RED,red
1932,-0.033488704422,-0.033489,-0.033588704422,OR,R,RED,red
1932,0.232720120055,0.232720,0.232820120055,PA,D,BLUE,blue
1932,0.059865376524,0.059865,0.059765376524,RI,R,RED,red
1932,-0.783722270984,-0.783722,-0.783822270984,SC,R,RED,red
1932,-0.114672088293,-0.114672,-0.114772088293,SD,R,RED,red
1932,-0.162484858517,-0.162485,-0.162584858517,TN,R,RED,red
1932,-0.589561440459,-0.589561,-0.589661440459,TX,R,RED,red
1932,0.022914827688,0.022915,0.022814827688,UT,R,RED,red
1932,-0.206170519303,-0.206171,-0.206270519303,VA,R,RED,red
1932,0.343451190341,0.343451,0.343551190341,VT,D,BLUE,blue
1932,-0.057615319123,-0.057615,-0.057715319123,WA,R,RED,red
1932,-0.145026488670,-0.145026,-0.145126488670,WI,R,RED,red
1932,0.077581187172,0.077581,0.077481187172,WV,R,RED,red
1932,0.025099118856,0.025099,0.024999118856,WY,R,RED,red
1936,-0.494194168758,-0.494194,-0.494294168758,AL,R,RED,red
1936,-0.396889646946,-0.396890,-0.396989646946,AR,R,RED,red
1936,-0.186659123948,-0.186659,-0.186759123948,AZ,R,RED,red
1936,-0.110048742365,-0.110049,-0.110148742365,CA,R,RED,red
1936,0.009750513609,0.009751,0.009650513609,CO,R,RED,red
1936,0.092764788221,0.092765,0.092664788221,CT,R,RED,red
1936,0.144833076465,0.144833,0.144733076465,DE,R,RED,red
1936,-0.279425856239,-0.279426,-0.279525856239,FL,R,RED,red
1936,-0.502495893067,-0.502496,-0.502595893067,GA,R,RED,red
1936,0.125457362701,0.125457,0.125357362701,IA,R,RED,red
1936,-0.055178400919,-0.055178,-0.055278400919,ID,R,RED,red
1936,0.062417507442,0.062418,0.062317507442,IL,R,RED,red
1936,0.095089280945,0.095089,0.094989280945,IN,R,RED,red
1936,0.165310613058,0.165311,0.165210613058,KS,R,RED,red
1936,0.056560992738,0.056561,0.056460992738,KY,R,RED,red
1936,-0.534065427318,-0.534065,-0.534165427318,LA,R,RED,red
1936,0.147923863714,0.147924,0.147823863714,MA,R,RED,red
1936,-0.010598615695,-0.010599,-0.010698615695,MD,R,RED,red
1936,0.382186183716,0.382186,0.382286183716,ME-AL,D,BLUE,blue
1936,0.066879177188,0.066879,0.066779177188,MI,R,RED,red
1936,-0.065754452305,-0.065754,-0.065854452305,MN,R,RED,red
1936,0.016592059117,0.016592,0.016492059117,MO,R,RED,red
1936,-0.700622163555,-0.700622,-0.700722163555,MS,R,RED,red
1936,-0.174336625967,-0.174337,-0.174436625967,MT,R,RED,red
1936,-0.225460010975,-0.225460,-0.225560010975,NC,R,RED,red
1936,-0.087731665631,-0.087732,-0.087831665631,ND,R,RED,red
1936,0.078529618722,0.078530,0.078429618722,NE-AL,R,RED,red
1936,0.225022096676,0.225022,0.224922096676,NH,R,RED,red
1936,0.042833993212,0.042834,0.042733993212,NJ,R,RED,red
1936,-0.019389879555,-0.019390,-0.019489879555,NM,R,RED,red
1936,-0.213640053533,-0.213640,-0.213740053533,NV,R,RED,red
1936,0.043728834728,0.043729,0.043628834728,NY,R,RED,red
1936,0.036960993270,0.036961,0.036860993270,OH,R,RED,red
1936,-0.098854307726,-0.098854,-0.098954307726,OK,R,RED,red
1936,-0.105346954224,-0.105347,-0.105446954224,OR,R,RED,red
1936,0.082130698727,0.082131,0.082030698727,PA,R,RED,red
1936,0.113317698580,0.113318,0.113217698580,RI,R,RED,red
1936,-0.728955576020,-0.728956,-0.729055576020,SC,R,RED,red
1936,0.127305030811,0.127305,0.127205030811,SD,R,RED,red
1936,-0.138477538745,-0.138478,-0.138577538745,TN,R,RED,red
1936,-0.505101579352,-0.505102,-0.505201579352,TX,R,RED,red
1936,-0.152951357457,-0.152951,-0.153051357457,UT,R,RED,red
1936,-0.165865656442,-0.165866,-0.165965656442,VA,R,RED,red
1936,0.374053821952,0.374054,0.374153821952,VT,D,BLUE,blue
1936,-0.122449651121,-0.122450,-0.122549651121,WA,R,RED,red
1936,-0.092901086133,-0.092901,-0.093001086133,WI,R,RED,red
1936,0.028989662747,0.028990,0.028889662747,WV,R,RED,red
1936,0.011490353736,0.011490,0.011390353736,WY,R,RED,red
1940,-0.609279695983,-0.609280,-0.609379695983,AL,R,RED,red
1940,-0.480830151415,-0.480830,-0.480930151415,AR,R,RED,red
1940,-0.175323022409,-0.175323,-0.175423022409,AZ,R,RED,red
1940,-0.061457790397,-0.061458,-0.061557790397,CA,R,RED,red
1940,0.125059649554,0.125060,0.125159649554,CO,D,BLUE,blue
1940,0.028115323959,0.028115,0.028015323959,CT,R,RED,red
1940,0.003026852096,0.003027,0.002926852096,DE,R,RED,red
1940,-0.380769185665,-0.380769,-0.380869185665,FL,R,RED,red
1940,-0.600635682743,-0.600636,-0.600735682743,GA,R,RED,red
1940,0.143593788480,0.143594,0.143693788480,IA,D,BLUE,blue
1940,0.008992079687,0.008992,0.008892079687,ID,R,RED,red
1940,0.075171867079,0.075172,0.075071867079,IL,R,RED,red
1940,0.113768209910,0.113768,0.113868209910,IN,D,BLUE,blue
1940,0.244171222091,0.244171,0.244271222091,KS,D,BLUE,blue
1940,-0.051850698188,-0.051851,-0.051950698188,KY,R,RED,red
1940,-0.618454315124,-0.618454,-0.618554315124,LA,R,RED,red
1940,0.032018865604,0.032019,0.031918865604,MA,R,RED,red
1940,-0.074710867846,-0.074711,-0.074810867846,MD,R,RED,red
1940,0.122810835581,0.122811,0.122910835581,ME-AL,D,BLUE,blue
1940,0.102839195155,0.102839,0.102939195155,MI,D,BLUE,blue
1940,0.061217653496,0.061218,0.061117653496,MN,R,RED,red
1940,0.051819873617,0.051820,0.051719873617,MO,R,RED,red
1940,-0.815617875599,-0.815618,-0.815717875599,MS,R,RED,red
1940,-0.086540137849,-0.086540,-0.086640137849,MT,R,RED,red
1940,-0.381102264163,-0.381102,-0.381202264163,NC,R,RED,red
1940,0.208339081759,0.208339,0.208439081759,ND,D,BLUE,blue
1940,0.243255111491,0.243255,0.243355111491,NE-AL,D,BLUE,blue
1940,0.035101791392,0.035102,0.035001791392,NH,R,RED,red
1940,0.063287724105,0.063288,0.063187724105,NJ,R,RED,red
1940,-0.033539459196,-0.033539,-0.033639459196,NM,R,RED,red
1940,-0.102008210061,-0.102008,-0.102108210061,NV,R,RED,red
1940,0.063902478027,0.063902,0.063802478027,NY,R,RED,red
1940,0.055431538880,0.055432,0.055331538880,OH,R,RED,red
1940,-0.052307797781,-0.052308,-0.052407797781,OK,R,RED,red
1940,0.018769122173,0.018769,0.018669122173,OR,R,RED,red
1940,0.030578740031,0.030579,0.030478740031,PA,R,RED,red
1940,-0.036023016509,-0.036023,-0.036123016509,RI,R,RED,red
1940,-0.813114371779,-0.813114,-0.813214371779,SC,R,RED,red
1940,0.247699783019,0.247700,0.247799783019,SD,D,BLUE,blue
1940,-0.249448197997,-0.249448,-0.249548197997,TN,R,RED,red
1940,-0.520545868277,-0.520546,-0.520645868277,TX,R,RED,red
1940,-0.147136973384,-0.147137,-0.147236973384,UT,R,RED,red
1940,-0.265730551466,-0.265731,-0.265830551466,VA,R,RED,red
1940,0.198091498862,0.198091,0.198191498862,VT,D,BLUE,blue
1940,-0.076868372983,-0.076868,-0.076968372983,WA,R,RED,red
1940,0.081294306281,0.081294,0.081194306281,WI,R,RED,red
1940,-0.042459500088,-0.042460,-0.042559500088,WV,R,RED,red
1940,0.040235174204,0.040235,0.040135174204,WY,R,RED,red
1944,-0.555844588053,-0.555845,-0.555944588053,AL,R,RED,red
1944,-0.326159946729,-0.326160,-0.326259946729,AR,R,RED,red
1944,-0.104086897069,-0.104087,-0.104186897069,AZ,R,RED,red
1944,-0.060148405437,-0.060148,-0.060248405437,CA,R,RED,red
1944,0.143044920393,0.143045,0.143144920393,CO,D,BLUE,blue
1944,0.021302118415,0.021302,0.021202118415,CT,R,RED,red
1944,-0.016157566388,-0.016158,-0.016257566388,DE,R,RED,red
1944,-0.331544494903,-0.331544,-0.331644494903,FL,R,RED,red
1944,-0.559939969721,-0.559940,-0.560039969721,GA,R,RED,red
1944,0.119954212224,0.119954,0.120054212224,IA,D,BLUE,blue
1944,0.040071705075,0.040072,0.039971705075,ID,R,RED,red
1944,0.040203201873,0.040203,0.040103201873,IL,R,RED,red
1944,0.131440254946,0.131440,0.131540254946,IN,D,BLUE,blue
1944,0.285674156757,0.285674,0.285774156757,KS,D,BLUE,blue
1944,-0.017405376167,-0.017405,-0.017505376167,KY,R,RED,red
1944,-0.537044600299,-0.537045,-0.537144600299,LA,R,RED,red
1944,0.016815372408,0.016815,0.016715372408,MA,R,RED,red
1944,0.037884105196,0.037884,0.037784105196,MD,R,RED,red
1944,0.124874013841,0.124874,0.124974013841,ME-AL,D,BLUE,blue
1944,0.064739202260,0.064739,0.064639202260,MI,R,RED,red
1944,0.019448124888,0.019448,0.019348124888,MN,R,RED,red
1944,0.045500039537,0.045500,0.045400039537,MO,R,RED,red
1944,-0.796225894672,-0.796226,-0.796325894672,MS,R,RED,red
1944,-0.018594227433,-0.018594,-0.018694227433,MT,R,RED,red
1944,-0.259320307906,-0.259320,-0.259420307906,NC,R,RED,red
1944,0.158461897311,0.158462,0.158561897311,ND,D,BLUE,blue
1944,0.246534171692,0.246534,0.246634171692,NE-AL,D,BLUE,blue
1944,0.032483900068,0.032484,0.032383900068,NH,R,RED,red
1944,0.061416995073,0.061417,0.061316995073,NJ,R,RED,red
1944,0.004634111417,0.004634,0.004534111417,NM,R,RED,red
1944,-0.017482983853,-0.017483,-0.017582983853,NV,R,RED,red
1944,0.024812400113,0.024812,0.024712400113,NY,R,RED,red
1944,0.078588138580,0.078588,0.078688138580,OH,D,BLUE,blue
1944,-0.038715059034,-0.038715,-0.038815059034,OK,R,RED,red
1944,0.026467044299,0.026467,0.026367044299,OR,R,RED,red
1944,0.047149879763,0.047150,0.047049879763,PA,R,RED,red
1944,-0.098383564606,-0.098384,-0.098483564606,RI,R,RED,red
1944,-0.756904181415,-0.756904,-0.757004181415,SC,R,RED,red
1944,0.241488875790,0.241489,0.241588875790,SD,D,BLUE,blue
1944,-0.137321809274,-0.137322,-0.137421809274,TN,R,RED,red
1944,-0.472893561623,-0.472894,-0.472993561623,TX,R,RED,red
1944,-0.135270025408,-0.135270,-0.135370025408,UT,R,RED,red
1944,-0.174841466735,-0.174841,-0.174941466735,VA,R,RED,red
1944,0.216179444325,0.216179,0.216279444325,VT,D,BLUE,blue
1944,-0.071139996411,-0.071140,-0.071239996411,WA,R,RED,red
1944,0.092942020284,0.092942,0.093042020284,WI,D,BLUE,blue
1944,-0.022830496867,-0.022830,-0.022930496867,WV,R,RED,red
1944,0.099620533953,0.099621,0.099720533953,WY,D,BLUE,blue
1948,-0.562270125595,-0.562270,-0.562370125595,AL,R,RED,red
1948,-0.362228715892,-0.362229,-0.362328715892,AR,R,RED,red
1948,-0.054879941177,-0.054880,-0.054979941177,AZ,R,RED,red
1948,0.040381227265,0.040381,0.040281227265,CA,R,RED,red
1948,-0.008693561768,-0.008694,-0.008793561768,CO,R,RED,red
1948,0.061186551840,0.061187,0.061286551840,CT,D,BLUE,blue
1948,0.057586638798,0.057587,0.057686638798,DE,D,BLUE,blue
1948,-0.107014169224,-0.107014,-0.107114169224,FL,R,RED,red
1948,-0.380129399259,-0.380129,-0.380229399259,GA,R,RED,red
1948,0.017506805729,0.017507,0.017406805729,IA,R,RED,red
1948,0.017563018286,0.017563,0.017463018286,ID,R,RED,red
1948,0.036386907961,0.036387,0.036286907961,IL,R,RED,red
1948,0.052821316282,0.052821,0.052921316282,IN,D,BLUE,blue
1948,0.135005208842,0.135005,0.135105208842,KS,D,BLUE,blue
1948,-0.107786640138,-0.107787,-0.107886640138,KY,R,RED,red
1948,0.385850996914,0.385851,0.385950996914,LA,D,BLUE,blue
1948,-0.602144276134,-0.602144,-0.602244276134,LA,R,RED,red
1948,-0.070222101377,-0.070222,-0.070322101377,MA,R,RED,red
1948,0.058720848630,0.058721,0.058820848630,MD,D,BLUE,blue
1948,0.189536100072,0.189536,0.189636100072,ME-AL,D,BLUE,blue
1948,0.061483990822,0.061484,0.061583990822,MI,D,BLUE,blue
1948,-0.127874437720,-0.127874,-0.127974437720,MN,R,RED,red
1948,-0.121318180731,-0.121318,-0.121418180731,MO,R,RED,red
1948,-0.054611072698,-0.054611,-0.054711072698,MT,R,RED,red
1948,-0.208583570035,-0.208584,-0.208683570035,NC,R,RED,red
1948,0.132388573214,0.132389,0.132488573214,ND,D,BLUE,blue
1948,0.127878738133,0.127879,0.127978738133,NE-AL,D,BLUE,blue
1948,0.102307138596,0.102307,0.102407138596,NH,D,BLUE,blue
1948,0.088766406034,0.088766,0.088866406034,NJ,D,BLUE,blue
1948,-0.089681929918,-0.089682,-0.089781929918,NM,R,RED,red
1948,0.013688763520,0.013689,0.013588763520,NV,R,RED,red
1948,0.054691725650,0.054692,0.054791725650,NY,D,BLUE,blue
1948,0.042402975747,0.042403,0.042302975747,OH,R,RED,red
1948,-0.210117205961,-0.210117,-0.210217205961,OK,R,RED,red
1948,0.078705789258,0.078706,0.078805789258,OR,D,BLUE,blue
1948,0.084921299314,0.084921,0.085021299314,PA,D,BLUE,blue
1948,-0.116753118833,-0.116753,-0.116853118833,RI,R,RED,red
1948,0.092795409360,0.092795,0.092895409360,SD,D,BLUE,blue
1948,-0.077818791944,-0.077819,-0.077918791944,TN,R,RED,red
1948,-0.371931872499,-0.371932,-0.372031872499,TX,R,RED,red
1948,-0.044747749532,-0.044748,-0.044847749532,UT,R,RED,red
1948,-0.023669201063,-0.023669,-0.023769201063,VA,R,RED,red
1948,0.290961567945,0.290962,0.291061567945,VT,D,BLUE,blue
1948,-0.053455535175,-0.053456,-0.053555535175,WA,R,RED,red
1948,0.000689002400,0.000689,0.000589002400,WI,R,RED,red
1948,-0.106010499223,-0.106010,-0.106110499223,WV,R,RED,red
1948,0.001372731805,0.001373,0.001272731805,WY,R,RED,red
1952,-0.403830981654,-0.403831,-0.403930981654,AL,R,RED,red
1952,-0.229911353575,-0.229911,-0.230011353575,AR,R,RED,red
1952,0.058489711925,0.058490,0.058589711925,AZ,D,BLUE,blue
1952,0.037132395334,0.037132,0.037232395334,CA,D,BLUE,blue
1952,0.104599120425,0.104599,0.104699120425,CO,D,BLUE,blue
1952,0.009428185962,0.009428,0.009528185962,CT,D,BLUE,blue
1952,-0.069752668442,-0.069753,-0.069652668442,DE,D,BLUE,blue
1952,-0.008351779686,-0.008352,-0.008251779686,FL,D,BLUE,blue
1952,-0.501678670968,-0.501679,-0.501778670968,GA,R,RED,red
1952,0.173178236486,0.173178,0.173278236486,IA,D,BLUE,blue
1952,0.201473969747,0.201474,0.201573969747,ID,D,BLUE,blue
1952,-0.009554312814,-0.009554,-0.009454312814,IL,D,BLUE,blue
1952,0.062682700198,0.062683,0.062782700198,IN,D,BLUE,blue
1952,0.274242564310,0.274243,0.274342564310,KS,D,BLUE,blue
1952,-0.109210550656,-0.109211,-0.109310550656,KY,R,RED,red
1952,-0.166948674020,-0.166949,-0.167048674020,LA,R,RED,red
1952,-0.020899706558,-0.020900,-0.020799706558,MA,D,BLUE,blue
1952,0.006880599692,0.006881,0.006980599692,MD,D,BLUE,blue
1952,0.214267214655,0.214267,0.214367214655,ME-AL,D,BLUE,blue
1952,0.006149076677,0.006149,0.006249076677,MI,D,BLUE,blue
1952,0.003676161469,0.003676,0.003776161469,MN,D,BLUE,blue
1952,-0.092861942049,-0.092862,-0.092761942049,MO,D,BLUE,blue
1952,-0.317238892928,-0.317239,-0.317338892928,MS,R,RED,red
1952,0.084603165520,0.084603,0.084703165520,MT,D,BLUE,blue
1952,-0.186708064856,-0.186708,-0.186808064856,NC,R,RED,red
1952,0.317286591341,0.317287,0.317386591341,ND,D,BLUE,blue
1952,0.274570091584,0.274570,0.274670091584,NE-AL,D,BLUE,blue
1952,0.109937217103,0.109937,0.110037217103,NH,D,BLUE,blue
1952,0.039749287817,0.039749,0.039849287817,NJ,D,BLUE,blue
1952,0.002592817024,0.002593,0.002692817024,NM,D,BLUE,blue
1952,0.120402905189,0.120403,0.120502905189,NV,D,BLUE,blue
1952,0.010487730376,0.010488,0.010587730376,NY,D,BLUE,blue
1952,0.026608220358,0.026608,0.026708220358,OH,D,BLUE,blue
1952,-0.016717029258,-0.016717,-0.016617029258,OK,D,BLUE,blue
1952,0.107642836009,0.107643,0.107742836009,OR,D,BLUE,blue
1952,-0.049671007373,-0.049671,-0.049571007373,PA,D,BLUE,blue
1952,-0.090068961518,-0.090069,-0.089968961518,RI,D,BLUE,blue
1952,-0.122936099427,-0.122936,-0.123036099427,SC,R,RED,red
1952,0.276942979576,0.276943,0.277042979576,SD,D,BLUE,blue
1952,-0.105775351091,-0.105775,-0.105675351091,TN,D,BLUE,blue
1952,-0.044125433816,-0.044125,-0.044025433816,TX,D,BLUE,blue
1952,0.069996132857,0.069996,0.070096132857,UT,D,BLUE,blue
1952,0.021172230195,0.021172,0.021272230195,VA,D,BLUE,blue
1952,0.323659533432,0.323660,0.323759533432,VT,D,BLUE,blue
1952,-0.012141135073,-0.012141,-0.012041135073,WA,D,BLUE,blue
1952,0.113950216174,0.113950,0.114050216174,WI,D,BLUE,blue
1952,-0.146978707194,-0.146979,-0.147078707194,WV,R,RED,red
1952,0.147685720295,0.147686,0.147785720295,WY,D,BLUE,blue
1956,-0.325368695825,-0.325369,-0.325468695825,AL,R,RED,red
1956,-0.220380552895,-0.220381,-0.220480552895,AR,R,RED,red
1956,0.066940918030,0.066941,0.067040918030,AZ,D,BLUE,blue
1956,-0.042855825315,-0.042856,-0.042755825315,CA,D,BLUE,blue
1956,0.042787219059,0.042787,0.042887219059,CO,D,BLUE,blue
1956,0.120600685611,0.120601,0.120700685611,CT,D,BLUE,blue
1956,-0.049292559151,-0.049293,-0.049192559151,DE,D,BLUE,blue
1956,-0.008581648474,-0.008582,-0.008481648474,FL,D,BLUE,blue
1956,-0.492276225336,-0.492276,-0.492376225336,GA,R,RED,red
1956,0.030140824833,0.030141,0.030240824833,IA,D,BLUE,blue
1956,0.069862589763,0.069863,0.069962589763,ID,D,BLUE,blue
1956,0.038326585864,0.038327,0.038426585864,IL,D,BLUE,blue
1956,0.048020154198,0.048020,0.048120154198,IN,D,BLUE,blue
1956,0.158342207643,0.158342,0.158442207643,KS,D,BLUE,blue
1956,-0.063145472941,-0.063145,-0.063045472941,KY,D,BLUE,blue
1956,-0.016240880621,-0.016241,-0.016140880621,LA,D,BLUE,blue
1956,0.035488897984,0.035489,0.035588897984,MA,D,BLUE,blue
1956,0.046706063570,0.046706,0.046806063570,MD,D,BLUE,blue
1956,0.263312527903,0.263313,0.263412527903,ME-AL,D,BLUE,blue
1956,-0.039160124737,-0.039160,-0.039060124737,MI,D,BLUE,blue
1956,-0.078043545371,-0.078044,-0.077943545371,MN,D,BLUE,blue
1956,-0.156170252613,-0.156170,-0.156270252613,MO,R,RED,red
1956,-0.491748968187,-0.491749,-0.491848968187,MS,R,RED,red
1956,-0.011300309790,-0.011300,-0.011200309790,MT,D,BLUE,blue
1956,-0.167266756790,-0.167267,-0.167366756790,NC,R,RED,red
1956,0.082327087251,0.082327,0.082427087251,ND,D,BLUE,blue
1956,0.156292297967,0.156292,0.156392297967,NE-AL,D,BLUE,blue
1956,0.168688906933,0.168689,0.168788906933,NH,D,BLUE,blue
1956,0.150556884773,0.150557,0.150656884773,NJ,D,BLUE,blue
1956,0.006247288478,0.006247,0.006347288478,NM,D,BLUE,blue
1956,0.005370382049,0.005370,0.005470382049,NV,D,BLUE,blue
1956,0.070097324729,0.070097,0.070197324729,NY,D,BLUE,blue
1956,0.068287949256,0.068288,0.068387949256,OH,D,BLUE,blue
1956,-0.051374498044,-0.051374,-0.051274498044,OK,D,BLUE,blue
1956,-0.049062431377,-0.049062,-0.048962431377,OR,D,BLUE,blue
1956,-0.022130715651,-0.022131,-0.022030715651,PA,D,BLUE,blue
1956,0.011192563391,0.011193,0.011292563391,RI,D,BLUE,blue
1956,-0.355843989594,-0.355844,-0.355943989594,SC,R,RED,red
1956,0.013707772262,0.013708,0.013807772262,SD,D,BLUE,blue
1956,-0.147842345204,-0.147842,-0.147742345204,TN,D,BLUE,blue
1956,-0.041157626604,-0.041158,-0.041057626604,TX,D,BLUE,blue
1956,0.137226675459,0.137227,0.137326675459,UT,D,BLUE,blue
1956,0.016064986982,0.016065,0.016164986982,VA,D,BLUE,blue
1956,0.289472748502,0.289473,0.289572748502,VT,D,BLUE,blue
1956,-0.069341688694,-0.069342,-0.069241688694,WA,D,BLUE,blue
1956,0.083386682202,0.083387,0.083486682202,WI,D,BLUE,blue
1956,-0.072435737141,-0.072436,-0.072335737141,WV,D,BLUE,blue
1956,0.047563445855,0.047563,0.047663445855,WY,D,BLUE,blue
1960,0.020466710142,0.020467,0.020566710142,AK,D,BLUE,blue
1960,-0.011417254691,-0.011417,-0.011517254691,AL,T,YELLOW,yellow
1960,-0.180841586819,-0.180842,-0.180941586819,AL,R,RED,red
1960,-0.069633561947,-0.069634,-0.069733561947,AR,R,RED,red
1960,0.113210054670,0.113210,0.113310054670,AZ,D,BLUE,blue
1960,0.007114074364,0.007114,0.007214074364,CA,D,BLUE,blue
1960,0.098906914492,0.098907,0.099006914492,CO,D,BLUE,blue
1960,-0.072973053937,-0.072973,-0.073073053937,CT,R,RED,red
1960,-0.014717115272,-0.014717,-0.014817115272,DE,R,RED,red
1960,0.031931037272,0.031931,0.032031037272,FL,D,BLUE,blue
1960,-0.249490936049,-0.249491,-0.249590936049,GA,R,RED,red
1960,0.001016539006,0.001017,0.000916539006,HI,R,RED,red
1960,0.136522691806,0.136523,0.136622691806,IA,D,BLUE,blue
1960,0.077338937103,0.077339,0.077438937103,ID,D,BLUE,blue
1960,-0.000222784429,-0.000223,-0.000322784429,IL,R,RED,red
1960,0.105959736391,0.105960,0.106059736391,IN,D,BLUE,blue
1960,0.215092710358,0.215093,0.215192710358,KS,D,BLUE,blue
1960,0.073453052003,0.073453,0.073553052003,KY,D,BLUE,blue
1960,-0.216656383948,-0.216656,-0.216756383948,LA,R,RED,red
1960,-0.205053753564,-0.205054,-0.205153753564,MA,R,RED,red
1960,-0.070630778113,-0.070631,-0.070730778113,MD,R,RED,red
1960,0.142591385365,0.142591,0.142691385365,ME-AL,D,BLUE,blue
1960,-0.018505224492,-0.018505,-0.018605224492,MI,R,RED,red
1960,-0.012640751632,-0.012641,-0.012740751632,MN,R,RED,red
1960,-0.003520010378,-0.003520,-0.003620010378,MO,R,RED,red
1960,0.054534974971,0.054535,0.054634974971,MS,D,BLUE,blue
1960,-0.284686478491,-0.284686,-0.284786478491,MS,R,RED,red
1960,0.026677070579,0.026677,0.026777070579,MT,D,BLUE,blue
1960,-0.040533764580,-0.040534,-0.040633764580,NC,R,RED,red
1960,0.110632045759,0.110632,0.110732045759,ND,D,BLUE,blue
1960,0.243055247199,0.243055,0.243155247199,NE-AL,D,BLUE,blue
1960,0.069995021866,0.069995,0.070095021866,NH,D,BLUE,blue
1960,-0.006326989995,-0.006327,-0.006426989995,NJ,R,RED,red
1960,-0.005734515421,-0.005735,-0.005834515421,NM,R,RED,red
1960,-0.021601917900,-0.021602,-0.021701917900,NV,R,RED,red
1960,-0.050982138959,-0.050982,-0.051082138959,NY,R,RED,red
1960,0.067322061011,0.067322,0.067422061011,OH,D,BLUE,blue
1960,0.182038865564,0.182039,0.182138865564,OK,D,BLUE,blue
1960,0.054005073481,0.054005,0.054105073481,OR,D,BLUE,blue
1960,-0.021595650784,-0.021596,-0.021695650784,PA,R,RED,red
1960,-0.270914386940,-0.270914,-0.271014386940,RI,R,RED,red
1960,-0.023112067177,-0.023112,-0.023212067177,SC,R,RED,red
1960,0.165910394966,0.165910,0.166010394966,SD,D,BLUE,blue
1960,0.073063921840,0.073064,0.073163921840,TN,D,BLUE,blue
1960,-0.018376129427,-0.018376,-0.018476129427,TX,R,RED,red
1960,0.098015274648,0.098015,0.098115274648,UT,D,BLUE,blue
1960,0.056333630980,0.056334,0.056433630980,VA,D,BLUE,blue
1960,0.174626889813,0.174627,0.174726889813,VT,D,BLUE,blue
1960,0.025781933727,0.025782,0.025881933727,WA,D,BLUE,blue
1960,0.038867000360,0.038867,0.038967000360,WI,D,BLUE,blue
1960,-0.053018328642,-0.053018,-0.053118328642,WV,R,RED,red
1960,0.101936066403,0.101936,0.102036066403,WY,D,BLUE,blue
1964,-0.092324493058,-0.092324,-0.092424493058,AK,R,RED,red
1964,0.614854237972,0.614854,0.614954237972,AL,D,BLUE,blue
1964,0.099263883666,0.099264,0.099163883666,AR,R,RED,red
1964,0.235780215734,0.235780,0.235880215734,AZ,D,BLUE,blue
1964,0.042659283125,0.042659,0.042559283125,CA,R,RED,red
1964,-0.004874474959,-0.004874,-0.004974474959,CO,R,RED,red
1964,-0.131363815915,-0.131364,-0.131463815915,CT,R,RED,red
1964,-0.484121665038,-0.484122,-0.484221665038,DC,R,RED,red
1964,0.004166673834,0.004167,0.004066673834,DE,R,RED,red
1964,0.202862824279,0.202863,0.202762824279,FL,R,RED,red
1964,0.308361565088,0.308362,0.308461565088,GA,D,BLUE,blue
1964,-0.349389104331,-0.349389,-0.349489104331,HI,R,RED,red
1964,-0.013822430852,-0.013822,-0.013922430852,IA,R,RED,red
1964,0.207497187070,0.207497,0.207397187070,ID,R,RED,red
1964,0.036397754083,0.036398,0.036297754083,IL,R,RED,red
1964,0.101656364832,0.101656,0.101556364832,IN,R,RED,red
1964,0.135556355268,0.135556,0.135456355268,KS,R,RED,red
1964,-0.057772658500,-0.057773,-0.057872658500,KY,R,RED,red
1964,0.362125040654,0.362125,0.362225040654,LA,D,BLUE,blue
1964,-0.301587027278,-0.301587,-0.301687027278,MA,R,RED,red
1964,-0.083553075893,-0.083553,-0.083653075893,MD,R,RED,red
1964,-0.150753662208,-0.150754,-0.150853662208,ME-AL,R,RED,red
1964,-0.110235239051,-0.110235,-0.110335239051,MI,R,RED,red
1964,-0.051749826694,-0.051750,-0.051849826694,MN,R,RED,red
1964,-0.055158077527,-0.055158,-0.055258077527,MO,R,RED,red
1964,0.968624753560,0.968625,0.968724753560,MS,D,BLUE,blue
1964,0.042025870566,0.042026,0.041925870566,MT,R,RED,red
1964,0.102818169007,0.102818,0.102718169007,NC,R,RED,red
1964,0.064925119040,0.064925,0.064825119040,ND,R,RED,red
1964,0.173689887646,0.173690,0.173589887646,NE-AL,R,RED,red
1964,-0.051975924558,-0.051976,-0.052075924558,NH,R,RED,red
1964,-0.091658784714,-0.091659,-0.091758784714,NJ,R,RED,red
1964,0.036040774498,0.036041,0.035940774498,NM,R,RED,red
1964,0.054198988816,0.054199,0.054098988816,NV,R,RED,red
1964,-0.146702110094,-0.146702,-0.146802110094,NY,R,RED,red
1964,-0.033026309063,-0.033026,-0.033126309063,OH,R,RED,red
1964,0.110907006848,0.110907,0.110807006848,OK,R,RED,red
1964,-0.051715116672,-0.051715,-0.051815116672,OR,R,RED,red
1964,-0.076341462976,-0.076341,-0.076441462976,PA,R,RED,red
1964,-0.391581239231,-0.391581,-0.391681239231,RI,R,RED,red
1964,0.403722061681,0.403722,0.403822061681,SC,D,BLUE,blue
1964,0.113585362094,0.113585,0.113485362094,SD,R,RED,red
1964,0.115704347362,0.115704,0.115604347362,TN,R,RED,red
1964,-0.042407553168,-0.042408,-0.042507553168,TX,R,RED,red
1964,0.128544071089,0.128544,0.128444071089,UT,R,RED,red
1964,0.152240245012,0.152240,0.152140245012,VA,R,RED,red
1964,-0.100276611694,-0.100277,-0.100376611694,VT,R,RED,red
1964,-0.020094995809,-0.020095,-0.020194995809,WA,R,RED,red
1964,-0.017649806155,-0.017650,-0.017749806155,WI,R,RED,red
1964,-0.132903260830,-0.132903,-0.133003260830,WV,R,RED,red
1964,0.094664076088,0.094664,0.094564076088,WY,R,RED,red
1968,0.019368606628,0.019369,0.019468606628,AK,D,BLUE,blue
1968,0.964199190284,0.964199,0.964299190284,AL,D,BLUE,blue
1968,0.159432843927,0.159433,0.159532843927,AR,D,BLUE,blue
1968,-0.159768586543,-0.159769,-0.159868586543,AR,R,RED,red
1968,0.190582502174,0.190583,0.190682502174,AZ,D,BLUE,blue
1968,0.023805832218,0.023806,0.023905832218,CA,D,BLUE,blue
1968,0.084440020532,0.084440,0.084540020532,CO,D,BLUE,blue
1968,-0.058608440585,-0.058608,-0.058708440585,CT,R,RED,red
1968,-0.643382988519,-0.643383,-0.643482988519,DC,R,RED,red
1968,0.028086255627,0.028086,0.028186255627,DE,D,BLUE,blue
1968,0.088997416832,0.088997,0.089097416832,FL,D,BLUE,blue
1968,0.314977713785,0.314978,0.315077713785,GA,D,BLUE,blue
1968,-0.255907201905,-0.255907,-0.256007201905,GA,R,RED,red
1968,-0.218235081675,-0.218235,-0.218335081675,HI,R,RED,red
1968,0.114937233803,0.114937,0.115037233803,IA,D,BLUE,blue
1968,0.254340167081,0.254340,0.254440167081,ID,D,BLUE,blue
1968,0.022219937681,0.022220,0.022319937681,IL,D,BLUE,blue
1968,0.116017327939,0.116017,0.116117327939,IN,D,BLUE,blue
1968,0.194291084774,0.194291,0.194391084774,KS,D,BLUE,blue
1968,0.054442378624,0.054442,0.054542378624,KY,D,BLUE,blue
1968,0.395184005070,0.395184,0.395284005070,LA,D,BLUE,blue
1968,-0.504082476318,-0.504082,-0.504182476318,LA,R,RED,red
1968,-0.308215341416,-0.308215,-0.308315341416,MA,R,RED,red
1968,-0.023442643957,-0.023443,-0.023542643957,MD,R,RED,red
1968,-0.129298675298,-0.129299,-0.129398675298,ME-AL,R,RED,red
1968,-0.074265453103,-0.074265,-0.074365453103,MI,R,RED,red
1968,-0.132328203579,-0.132328,-0.132428203579,MN,R,RED,red
1968,0.004328681572,0.004329,0.004428681572,MO,D,BLUE,blue
1968,0.801872111986,0.801872,0.801972111986,MS,D,BLUE,blue
1968,0.083085091141,0.083085,0.083185091141,MT,D,BLUE,blue
1968,0.095733611422,0.095734,0.095833611422,NC,D,BLUE,blue
1968,0.170106623860,0.170107,0.170206623860,ND,D,BLUE,blue
1968,0.273119333325,0.273119,0.273219333325,NE-AL,D,BLUE,blue
1968,0.074789490557,0.074789,0.074889490557,NH,D,BLUE,blue
1968,0.014311476075,0.014311,0.014411476075,NJ,D,BLUE,blue
1968,0.114036781045,0.114037,0.114136781045,NM,D,BLUE,blue
1968,0.074643911040,0.074644,0.074743911040,NV,D,BLUE,blue
1968,-0.061564374268,-0.061564,-0.061664374268,NY,R,RED,red
1968,0.015843324469,0.015843,0.015943324469,OH,D,BLUE,blue
1968,0.149979188305,0.149979,0.150079188305,OK,D,BLUE,blue
1968,0.053481667995,0.053482,0.053581667995,OR,D,BLUE,blue
1968,-0.042669964593,-0.042670,-0.042769964593,PA,R,RED,red
1968,-0.329484679774,-0.329485,-0.329584679774,RI,R,RED,red
1968,0.077830107623,0.077830,0.077930107623,SC,D,BLUE,blue
1968,0.106131264871,0.106131,0.106231264871,SD,D,BLUE,blue
1968,0.110830990633,0.110831,0.110930990633,TN,D,BLUE,blue
1968,0.069570940513,0.069571,0.069670940513,TN,T,YELLOW,yellow
1968,-0.019645561320,-0.019646,-0.019745561320,TX,R,RED,red
1968,0.187206926010,0.187207,0.187306926010,UT,D,BLUE,blue
1968,0.101660638344,0.101661,0.101760638344,VA,D,BLUE,blue
1968,0.085240622517,0.085241,0.085340622517,VT,D,BLUE,blue
1968,-0.028098885302,-0.028099,-0.028198885302,WA,R,RED,red
1968,0.029182182798,0.029182,0.029282182798,WI,D,BLUE,blue
1968,-0.095213699986,-0.095214,-0.095313699986,WV,R,RED,red
1968,0.195466824420,0.195467,0.195566824420,WY,D,BLUE,blue
1972,0.003587124958,0.003587,0.003687124958,AK,D,BLUE,blue
1972,0.237449860972,0.237450,0.237549860972,AL,D,BLUE,blue
1972,0.149669892500,0.149670,0.149769892500,AR,D,BLUE,blue
1972,0.081108088541,0.081108,0.081208088541,AZ,D,BLUE,blue
1972,-0.096878798924,-0.096879,-0.096778798924,CA,D,BLUE,blue
1972,0.048656348815,0.048656,0.048756348815,CO,D,BLUE,blue
1972,-0.047067882567,-0.047068,-0.046967882567,CT,D,BLUE,blue
1972,-0.796887933478,-0.796888,-0.796987933478,DC,R,RED,red
1972,-0.027348991255,-0.027349,-0.027248991255,DE,D,BLUE,blue
1972,0.209689333250,0.209689,0.209789333250,FL,D,BLUE,blue
1972,0.272428475872,0.272428,0.272528475872,GA,D,BLUE,blue
1972,0.018112751547,0.018113,0.018212751547,HI,D,BLUE,blue
1972,-0.060173620303,-0.060174,-0.060073620303,IA,D,BLUE,blue
1972,0.150507157985,0.150507,0.150607157985,ID,D,BLUE,blue
1972,-0.046278691130,-0.046279,-0.046178691130,IL,D,BLUE,blue
1972,0.096252588377,0.096253,0.096352588377,IN,D,BLUE,blue
1972,0.150066936737,0.150067,0.150166936737,KS,D,BLUE,blue
1972,0.054512401877,0.054512,0.054612401877,KY,D,BLUE,blue
1972,0.138204057216,0.138204,0.138304057216,LA,D,BLUE,blue
1972,-0.321135045688,-0.321135,-0.321235045688,MA,R,RED,red
1972,0.007501615340,0.007502,0.007601615340,MD,D,BLUE,blue
1972,-0.002993942641,-0.002994,-0.002893942641,ME-01,D,BLUE,blue
1972,0.000199357210,0.000199,0.000299357210,ME-02,D,BLUE,blue
1972,-0.001706654410,-0.001707,-0.001606654410,ME-AL,D,BLUE,blue
1972,-0.087562915409,-0.087563,-0.087462915409,MI,D,BLUE,blue
1972,-0.176395133702,-0.176395,-0.176295133702,MN,D,BLUE,blue
1972,0.014415698142,0.014416,0.014515698142,MO,D,BLUE,blue
1972,0.354232820945,0.354233,0.354332820945,MS,D,BLUE,blue
1972,-0.030657409867,-0.030657,-0.030557409867,MT,D,BLUE,blue
1972,0.174283724463,0.174284,0.174383724463,NC,D,BLUE,blue
1972,0.031350102771,0.031350,0.031450102771,ND,D,BLUE,blue
1972,0.178578467509,0.178578,0.178678467509,NE-AL,D,BLUE,blue
1972,0.059765468839,0.059765,0.059865468839,NH,D,BLUE,blue
1972,0.016521725087,0.016522,0.016621725087,NJ,D,BLUE,blue
1972,0.013448424406,0.013448,0.013548424406,NM,D,BLUE,blue
1972,0.042144523460,0.042145,0.042244523460,NV,D,BLUE,blue
1972,-0.058094367220,-0.058094,-0.057994367220,NY,D,BLUE,blue
1972,-0.015846113330,-0.015846,-0.015746113330,OH,D,BLUE,blue
1972,0.265546181938,0.265546,0.265646181938,OK,D,BLUE,blue
1972,-0.130251752215,-0.130252,-0.130151752215,OR,D,BLUE,blue
1972,-0.031656322259,-0.031656,-0.031556322259,PA,D,BLUE,blue
1972,-0.169572243230,-0.169572,-0.169472243230,RI,D,BLUE,blue
1972,0.195089744018,0.195090,0.195189744018,SC,D,BLUE,blue
1972,-0.145167473140,-0.145167,-0.145067473140,SD,D,BLUE,blue
1972,0.148033517183,0.148034,0.148133517183,TN,D,BLUE,blue
1972,0.098128553958,0.098129,0.098228553958,TX,D,BLUE,blue
1972,0.181003184686,0.181003,0.181103184686,UT,D,BLUE,blue
1972,0.145741647114,0.145742,0.145841647114,VA,D,BLUE,blue
1972,0.030501640456,0.030502,0.030601640456,VT,D,BLUE,blue
1972,-0.048718481331,-0.048718,-0.048618481331,WA,D,BLUE,blue
1972,-0.134726998886,-0.134727,-0.134626998886,WI,D,BLUE,blue
1972,0.040734232169,0.040734,0.040834232169,WV,D,BLUE,blue
1972,0.153951816439,0.153952,0.154051816439,WY,D,BLUE,blue
1976,0.243159781445,0.243160,0.243259781445,AK,D,BLUE,blue
1976,-0.110478643559,-0.110479,-0.110578643559,AL,R,RED,red
1976,-0.279409511560,-0.279410,-0.279509511560,AR,R,RED,red
1976,0.186306912571,0.186307,0.186406912571,AZ,D,BLUE,blue
1976,0.038435843651,0.038436,0.038535843651,CA,D,BLUE,blue
1976,0.135352565636,0.135353,0.135452565636,CO,D,BLUE,blue
1976,0.072302706842,0.072303,0.072402706842,CT,D,BLUE,blue
1976,-0.630571864076,-0.630572,-0.630671864076,DC,R,RED,red
1976,-0.033481718812,-0.033482,-0.033581718812,DE,R,RED,red
1976,-0.032191380812,-0.032191,-0.032291380812,FL,R,RED,red
1976,-0.317126510985,-0.317127,-0.317226510985,GA,R,RED,red
1976,-0.004661819856,-0.004662,-0.004761819856,HI,R,RED,red
1976,0.030753942418,0.030754,0.030853942418,IA,D,BLUE,blue
1976,0.248262574114,0.248263,0.248362574114,ID,D,BLUE,blue
1976,0.040348089437,0.040348,0.040448089437,IL,D,BLUE,blue
1976,0.096868943440,0.096869,0.096968943440,IN,D,BLUE,blue
1976,0.096159642209,0.096160,0.096259642209,KS,D,BLUE,blue
1976,-0.051209673272,-0.051210,-0.051309673272,KY,R,RED,red
1976,-0.037174395061,-0.037174,-0.037274395061,LA,R,RED,red
1976,-0.136053414341,-0.136053,-0.136153414341,MA,R,RED,red
1976,-0.040063061810,-0.040063,-0.040163061810,MD,R,RED,red
1976,0.034295647691,0.034296,0.034395647691,ME-01,D,BLUE,blue
1976,0.023489608204,0.023490,0.023589608204,ME-02,D,BLUE,blue
1976,0.029008194890,0.029008,0.029108194890,ME-AL,D,BLUE,blue
1976,0.074570223125,0.074570,0.074670223125,MI,D,BLUE,blue
1976,-0.108100244595,-0.108100,-0.108200244595,MN,R,RED,red
1976,-0.015669159656,-0.015669,-0.015769159656,MO,R,RED,red
1976,0.001846594847,0.001847,0.001746594847,MS,R,RED,red
1976,0.095003328226,0.095003,0.095103328226,MT,D,BLUE,blue
1976,-0.089852510062,-0.089853,-0.089952510062,NC,R,RED,red
1976,0.079185731281,0.079186,0.079285731281,ND,D,BLUE,blue
1976,0.228016796074,0.228017,0.228116796074,NE-AL,D,BLUE,blue
1976,0.133419100122,0.133419,0.133519100122,NH,D,BLUE,blue
1976,0.042219595766,0.042220,0.042319595766,NJ,D,BLUE,blue
1976,0.045300273167,0.045300,0.045400273167,NM,D,BLUE,blue
1976,0.064206730782,0.064207,0.064306730782,NV,D,BLUE,blue
1976,-0.023608616270,-0.023609,-0.023708616270,NY,R,RED,red
1976,0.017941945771,0.017942,0.017841945771,OH,R,RED,red
1976,0.032790896608,0.032791,0.032890896608,OK,D,BLUE,blue
1976,0.022308643698,0.022309,0.022408643698,OR,D,BLUE,blue
1976,-0.005989303717,-0.005989,-0.006089303717,PA,R,RED,red
1976,-0.092171746300,-0.092172,-0.092271746300,RI,R,RED,red
1976,-0.109787983301,-0.109788,-0.109887983301,SC,R,RED,red
1976,0.035401986630,0.035402,0.035501986630,SD,D,BLUE,blue
1976,-0.109344516668,-0.109345,-0.109444516668,TN,R,RED,red
1976,-0.011039996224,-0.011040,-0.011139996224,TX,R,RED,red
1976,0.308521492890,0.308521,0.308621492890,UT,D,BLUE,blue
1976,0.033996394408,0.033996,0.034096394408,VA,D,BLUE,blue
1976,0.132651937494,0.132652,0.132751937494,VT,D,BLUE,blue
1976,0.059480231942,0.059480,0.059580231942,WA,D,BLUE,blue
1976,0.003872673934,0.003873,0.003772673934,WI,R,RED,red
1976,-0.140748290935,-0.140748,-0.140848290935,WV,R,RED,red
1976,0.215588506484,0.215589,0.215688506484,WY,D,BLUE,blue
1980,0.182036789125,0.182037,0.182136789125,AK,D,BLUE,blue
1980,-0.084353547319,-0.084354,-0.084253547319,AL,D,BLUE,blue
1980,-0.091249742205,-0.091250,-0.091149742205,AR,D,BLUE,blue
1980,0.226275489660,0.226275,0.226375489660,AZ,D,BLUE,blue
1980,0.070467360595,0.070467,0.070567360595,CA,D,BLUE,blue
1980,0.142660352708,0.142660,0.142760352708,CO,D,BLUE,blue
1980,-0.001028644892,-0.001029,-0.000928644892,CT,D,BLUE,blue
1980,-0.712229663149,-0.712230,-0.712329663149,DC,R,RED,red
1980,-0.074036728733,-0.074037,-0.073936728733,DE,D,BLUE,blue
1980,0.072818700747,0.072819,0.072918700747,FL,D,BLUE,blue
1980,-0.245453724398,-0.245454,-0.245553724398,GA,R,RED,red
1980,-0.116381150670,-0.116381,-0.116481150670,HI,R,RED,red
1980,0.029642230079,0.029642,0.029742230079,IA,D,BLUE,blue
1980,0.315286351498,0.315286,0.315386351498,ID,D,BLUE,blue
1980,-0.018069711173,-0.018070,-0.017969711173,IL,D,BLUE,blue
1980,0.086154334069,0.086154,0.086254334069,IN,D,BLUE,blue
1980,0.148258691827,0.148259,0.148358691827,KS,D,BLUE,blue
1980,-0.082800572970,-0.082801,-0.082700572970,KY,D,BLUE,blue
1980,-0.042865002057,-0.042865,-0.042765002057,LA,D,BLUE,blue
1980,-0.095849300910,-0.095849,-0.095749300910,MA,D,BLUE,blue
1980,-0.126937802727,-0.126938,-0.127037802727,MD,R,RED,red
1980,-0.065845938163,-0.065846,-0.065745938163,ME-01,D,BLUE,blue
1980,-0.060033194611,-0.060033,-0.059933194611,ME-02,D,BLUE,blue
1980,-0.063814282688,-0.063814,-0.063714282688,ME-AL,D,BLUE,blue
1980,-0.032478474353,-0.032478,-0.032378474353,MI,D,BLUE,blue
1980,-0.136808094805,-0.136808,-0.136908094805,MN,R,RED,red
1980,-0.029265688897,-0.029266,-0.029165688897,MO,D,BLUE,blue
1980,-0.084137684787,-0.084138,-0.084037684787,MS,D,BLUE,blue
1980,0.146572602886,0.146573,0.146672602886,MT,D,BLUE,blue
1980,-0.076144960026,-0.076145,-0.076044960026,NC,D,BLUE,blue
1980,0.282364893481,0.282365,0.282464893481,ND,D,BLUE,blue
1980,0.297553745484,0.297554,0.297653745484,NE-AL,D,BLUE,blue
1980,0.196491377818,0.196491,0.196591377818,NH,D,BLUE,blue
1980,0.036785519126,0.036786,0.036885519126,NJ,D,BLUE,blue
1980,0.084453816875,0.084454,0.084553816875,NM,D,BLUE,blue
1980,0.259053149070,0.259053,0.259153149070,NV,D,BLUE,blue
1980,-0.070687652333,-0.070688,-0.070587652333,NY,D,BLUE,blue
1980,0.008649968808,0.008650,0.008749968808,OH,D,BLUE,blue
1980,0.157954323105,0.157954,0.158054323105,OK,D,BLUE,blue
1980,-0.000749608007,-0.000750,-0.000649608007,OR,D,BLUE,blue
1980,-0.026264124093,-0.026264,-0.026164124093,PA,D,BLUE,blue
1980,-0.202033138984,-0.202033,-0.202133138984,RI,R,RED,red
1980,-0.082033880269,-0.082034,-0.081933880269,SC,D,BLUE,blue
1980,0.190968095613,0.190968,0.191068095613,SD,D,BLUE,blue
1980,-0.094454466001,-0.094454,-0.094354466001,TN,D,BLUE,blue
1980,0.041253022436,0.041253,0.041353022436,TX,D,BLUE,blue
1980,0.424662169067,0.424662,0.424762169067,UT,D,BLUE,blue
1980,0.029874424957,0.029874,0.029974424957,VA,D,BLUE,blue
1980,-0.037766801776,-0.037767,-0.037666801776,VT,D,BLUE,blue
1980,0.026056557833,0.026057,0.026156557833,WA,D,BLUE,blue
1980,-0.050181568650,-0.050182,-0.050081568650,WI,D,BLUE,blue
1980,-0.142445897735,-0.142446,-0.142545897735,WV,R,RED,red
1980,0.249371206837,0.249371,0.249471206837,WY,D,BLUE,blue
1984,0.185697652161,0.185698,0.185797652161,AK,D,BLUE,blue
1984,0.040452729274,0.040453,0.040552729274,AL,D,BLUE,blue
1984,0.039598009689,0.039598,0.039698009689,AR,D,BLUE,blue
1984,0.156624003335,0.156624,0.156724003335,AZ,D,BLUE,blue
1984,-0.019679252175,-0.019679,-0.019579252175,CA,D,BLUE,blue
1984,0.101029508475,0.101030,0.101129508475,CO,D,BLUE,blue
1984,0.036855307860,0.036855,0.036955307860,CT,D,BLUE,blue
1984,-0.898717155658,-0.898717,-0.898817155658,DC,R,RED,red
1984,0.016341333709,0.016341,0.016441333709,DE,D,BLUE,blue
1984,0.124418947178,0.124419,0.124518947178,FL,D,BLUE,blue
1984,0.021706687524,0.021707,0.021806687524,GA,D,BLUE,blue
1984,-0.069326962109,-0.069327,-0.069226962109,HI,D,BLUE,blue
1984,-0.108314089908,-0.108314,-0.108214089908,IA,D,BLUE,blue
1984,0.277560179834,0.277560,0.277660179834,ID,D,BLUE,blue
1984,-0.053384010209,-0.053384,-0.053284010209,IL,D,BLUE,blue
1984,0.057751614418,0.057752,0.057851614418,IN,D,BLUE,blue
1984,0.154577319438,0.154577,0.154677319438,KS,D,BLUE,blue
1984,0.024476291591,0.024476,0.024576291591,KY,D,BLUE,blue
1984,0.043818749389,0.043819,0.043918749389,LA,D,BLUE,blue
1984,-0.154295157429,-0.154295,-0.154195157429,MA,D,BLUE,blue
1984,-0.127277776248,-0.127278,-0.127177776248,MD,D,BLUE,blue
1984,0.015915641407,0.015916,0.016015641407,ME-01,D,BLUE,blue
1984,0.065664877293,0.065665,0.065764877293,ME-02,D,BLUE,blue
1984,0.038365884279,0.038366,0.038465884279,ME-AL,D,BLUE,blue
1984,0.007735118714,0.007735,0.007835118714,MI,D,BLUE,blue
1984,-0.183968707305,-0.183969,-0.184068707305,MN,R,RED,red
1984,0.018330619806,0.018331,0.018430619806,MO,D,BLUE,blue
1984,0.061706007388,0.061706,0.061806007388,MS,D,BLUE,blue
1984,0.040814608835,0.040815,0.040914608835,MT,D,BLUE,blue
1984,0.057884959177,0.057885,0.057984959177,NC,D,BLUE,blue
1984,0.128243379347,0.128243,0.128343379347,ND,D,BLUE,blue
1984,0.235244246361,0.235244,0.235344246361,NE-AL,D,BLUE,blue
1984,0.194887905692,0.194888,0.194987905692,NH,D,BLUE,blue
1984,0.026765324380,0.026765,0.026865324380,NJ,D,BLUE,blue
1984,0.022614267724,0.022614,0.022714267724,NM,D,BLUE,blue
1984,0.156608468341,0.156608,0.156708468341,NV,D,BLUE,blue
1984,-0.102074894946,-0.102075,-0.101974894946,NY,D,BLUE,blue
1984,0.005432676476,0.005433,0.005532676476,OH,D,BLUE,blue
1984,0.197272658682,0.197273,0.197372658682,OK,D,BLUE,blue
1984,-0.060502986994,-0.060503,-0.060402986994,OR,D,BLUE,blue
1984,-0.108645480995,-0.108645,-0.108545480995,PA,D,BLUE,blue
1984,-0.145686216145,-0.145686,-0.145586216145,RI,D,BLUE,blue
1984,0.097709437163,0.097709,0.097809437163,SC,D,BLUE,blue
1984,0.082581553653,0.082582,0.082681553653,SD,D,BLUE,blue
1984,-0.019489662989,-0.019490,-0.019389662989,TN,D,BLUE,blue
1984,0.092802253483,0.092802,0.092902253483,TX,D,BLUE,blue
1984,0.316101326143,0.316101,0.316201326143,UT,D,BLUE,blue
1984,0.069777832305,0.069778,0.069877832305,VA,D,BLUE,blue
1984,-0.011057517301,-0.011058,-0.010957517301,VT,D,BLUE,blue
1984,-0.052477731237,-0.052478,-0.052377731237,WA,D,BLUE,blue
1984,-0.090414153047,-0.090414,-0.090314153047,WI,D,BLUE,blue
1984,-0.077021558155,-0.077022,-0.076921558155,WV,D,BLUE,blue
1984,0.240505053128,0.240505,0.240605053128,WY,D,BLUE,blue
1988,0.155934115442,0.155934,0.156034115442,AK,D,BLUE,blue
1988,0.115751877583,0.115752,0.115851877583,AL,D,BLUE,blue
1988,0.064495411622,0.064495,0.064595411622,AR,D,BLUE,blue
1988,0.134798306549,0.134798,0.134898306549,AZ,D,BLUE,blue
1988,-0.041594371800,-0.041594,-0.041494371800,CA,D,BLUE,blue
1988,0.000499211419,0.000499,0.000599211419,CO,D,BLUE,blue
1988,-0.026235210124,-0.026235,-0.026135210124,CT,D,BLUE,blue
1988,-0.760690816780,-0.760691,-0.760790816780,DC,R,RED,red
1988,0.046756444917,0.046756,0.046856444917,DE,D,BLUE,blue
1988,0.146377792867,0.146378,0.146477792867,FL,D,BLUE,blue
1988,0.125278810285,0.125279,0.125378810285,GA,D,BLUE,blue
1988,-0.172449584064,-0.172450,-0.172549584064,HI,R,RED,red
1988,-0.179420140649,-0.179420,-0.179520140649,IA,R,RED,red
1988,0.183412468357,0.183412,0.183512468357,ID,D,BLUE,blue
1988,-0.056428493470,-0.056428,-0.056328493470,IL,D,BLUE,blue
1988,0.124300251177,0.124300,0.124400251177,IN,D,BLUE,blue
1988,0.055067883202,0.055068,0.055167883202,KS,D,BLUE,blue
1988,0.039113215573,0.039113,0.039213215573,KY,D,BLUE,blue
1988,0.014504925561,0.014505,0.014604925561,LA,D,BLUE,blue
1988,-0.155798600195,-0.155799,-0.155898600195,MA,R,RED,red
1988,-0.048180105146,-0.048180,-0.048080105146,MD,D,BLUE,blue
1988,0.049957462814,0.049957,0.050057462814,ME-01,D,BLUE,blue
1988,0.023992710286,0.023993,0.024092710286,ME-02,D,BLUE,blue
1988,0.037253275506,0.037253,0.037353275506,ME-AL,D,BLUE,blue
1988,0.001690525599,0.001691,0.001790525599,MI,D,BLUE,blue
1988,-0.147436699725,-0.147437,-0.147536699725,MN,R,RED,red
1988,-0.037454389797,-0.037454,-0.037354389797,MO,D,BLUE,blue
1988,0.130961293325,0.130961,0.131061293325,MS,D,BLUE,blue
1988,-0.018535721741,-0.018536,-0.018435721741,MT,D,BLUE,blue
1988,0.085354254444,0.085354,0.085454254444,NC,D,BLUE,blue
1988,0.053326679063,0.053327,0.053426679063,ND,D,BLUE,blue
1988,0.132285801607,0.132286,0.132385801607,NE-AL,D,BLUE,blue
1988,0.184298102496,0.184298,0.184398102496,NH,D,BLUE,blue
1988,0.059154042130,0.059154,0.059254042130,NJ,D,BLUE,blue
1988,-0.027688332515,-0.027688,-0.027588332515,NM,D,BLUE,blue
1988,0.132128572975,0.132129,0.132228572975,NV,D,BLUE,blue
1988,-0.118280738449,-0.118281,-0.118380738449,NY,R,RED,red
1988,0.031280723695,0.031281,0.031380723695,OH,D,BLUE,blue
1988,0.089205769269,0.089206,0.089305769269,OK,D,BLUE,blue
1988,-0.123933083150,-0.123933,-0.124033083150,OR,R,RED,red
1988,-0.054087237564,-0.054087,-0.053987237564,PA,D,BLUE,blue
1988,-0.194318666125,-0.194319,-0.194418666125,RI,R,RED,red
1988,0.161970524310,0.161971,0.162070524310,SC,D,BLUE,blue
1988,-0.013829299867,-0.013829,-0.013729299867,SD,D,BLUE,blue
1988,0.086180666175,0.086181,0.086280666175,TN,D,BLUE,blue
1988,0.048776258676,0.048776,0.048876258676,TX,D,BLUE,blue
1988,0.264459666807,0.264460,0.264559666807,UT,D,BLUE,blue
1988,0.127772313736,0.127772,0.127872313736,VA,D,BLUE,blue
1988,-0.042103936705,-0.042104,-0.042003936705,VT,D,BLUE,blue
1988,-0.093178215364,-0.093178,-0.093278215364,WA,R,RED,red
1988,-0.113446825344,-0.113447,-0.113546825344,WI,R,RED,red
1988,-0.124641227771,-0.124641,-0.124741227771,WV,R,RED,red
1988,0.147904435467,0.147904,0.148004435467,WY,D,BLUE,blue
1992,0.147296415102,0.147296,0.147396415102,AK,D,BLUE,blue
1992,0.123245948439,0.123246,0.123345948439,AL,D,BLUE,blue
1992,-0.121652987944,-0.121653,-0.121752987944,AR,R,RED,red
1992,0.075119439337,0.075119,0.075219439337,AZ,D,BLUE,blue
1992,-0.078326637151,-0.078327,-0.078426637151,CA,R,RED,red
1992,0.013002787236,0.013003,0.012902787236,CO,R,RED,red
1992,-0.008753762547,-0.008754,-0.008853762547,CT,R,RED,red
1992,-0.699865065922,-0.699865,-0.699965065922,DC,R,RED,red
1992,-0.026351297745,-0.026351,-0.026451297745,DE,R,RED,red
1992,0.074505717617,0.074506,0.074605717617,FL,D,BLUE,blue
1992,0.049684205633,0.049684,0.049584205633,GA,R,RED,red
1992,-0.058364571072,-0.058365,-0.058464571072,HI,R,RED,red
1992,-0.004544451651,-0.004544,-0.004644451651,IA,R,RED,red
1992,0.191718419124,0.191718,0.191818419124,ID,D,BLUE,blue
1992,-0.086829559384,-0.086830,-0.086929559384,IL,R,RED,red
1992,0.116721292336,0.116721,0.116821292336,IN,D,BLUE,blue
1992,0.107022852115,0.107023,0.107122852115,KS,D,BLUE,blue
1992,0.023489928430,0.023490,0.023389928430,KY,R,RED,red
1992,0.009456114152,0.009456,0.009356114152,LA,R,RED,red
1992,-0.129577682210,-0.129578,-0.129677682210,MA,R,RED,red
1992,-0.086206181604,-0.086206,-0.086306181604,MD,R,RED,red
1992,-0.025498193635,-0.025498,-0.025598193635,ME-01,R,RED,red
1992,-0.032009839514,-0.032010,-0.032109839514,ME-02,R,RED,red
1992,-0.028169165181,-0.028169,-0.028269165181,ME-AL,R,RED,red
1992,-0.018387848200,-0.018388,-0.018487848200,MI,R,RED,red
1992,-0.060745683310,-0.060746,-0.060845683310,MN,R,RED,red
1992,-0.045894972185,-0.045895,-0.045994972185,MO,R,RED,red
1992,0.144750852757,0.144751,0.144850852757,MS,D,BLUE,blue
1992,0.030507978400,0.030508,0.030407978400,MT,R,RED,red
1992,0.063486951842,0.063487,0.063586951842,NC,D,BLUE,blue
1992,0.175917212492,0.175917,0.176017212492,ND,D,BLUE,blue
1992,0.162090604009,0.162091,0.162190604009,NE-01,D,BLUE,blue
1992,0.206260483671,0.206260,0.206360483671,NE-02,D,BLUE,blue
1992,0.317073131408,0.317073,0.317173131408,NE-03,D,BLUE,blue
1992,0.227383323150,0.227383,0.227483323150,NE-AL,D,BLUE,blue
1992,0.043405427992,0.043405,0.043305427992,NH,R,RED,red
1992,0.031863290891,0.031863,0.031763290891,NJ,R,RED,red
1992,-0.030011309444,-0.030011,-0.030111309444,NM,R,RED,red
1992,0.029284970042,0.029285,0.029184970042,NV,R,RED,red
1992,-0.102890434802,-0.102890,-0.102990434802,NY,R,RED,red
1992,0.037245855088,0.037246,0.037145855088,OH,R,RED,red
1992,0.141802655818,0.141803,0.141902655818,OK,D,BLUE,blue
1992,-0.043923875858,-0.043924,-0.044023875858,OR,R,RED,red
1992,-0.034596996058,-0.034597,-0.034696996058,PA,R,RED,red
1992,-0.124572752698,-0.124573,-0.124672752698,RI,R,RED,red
1992,0.137081778088,0.137082,0.137181778088,SC,D,BLUE,blue
1992,0.090774285108,0.090774,0.090874285108,SD,D,BLUE,blue
1992,0.009078256937,0.009078,0.008978256937,TN,R,RED,red
1992,0.090408175267,0.090408,0.090508175267,TX,D,BLUE,blue
1992,0.242693605425,0.242694,0.242793605425,UT,D,BLUE,blue
1992,0.099313394106,0.099313,0.099413394106,VA,D,BLUE,blue
1992,-0.101362381900,-0.101362,-0.101462381900,VT,R,RED,red
1992,-0.058820876344,-0.058821,-0.058920876344,WA,R,RED,red
1992,0.012050059877,0.012050,0.011950059877,WI,R,RED,red
1992,-0.074625377053,-0.074625,-0.074725377053,WV,R,RED,red
1992,0.111363858695,0.111364,0.111463858695,WY,D,BLUE,blue
1996,0.260549573859,0.260550,0.260649573859,AK,D,BLUE,blue
1996,0.154865683708,0.154866,0.154965683708,AL,D,BLUE,blue
1996,-0.084147786262,-0.084148,-0.084247786262,AR,R,RED,red
1996,0.062981634120,0.062982,0.062881634120,AZ,R,RED,red
1996,-0.043686233610,-0.043686,-0.043786233610,CA,R,RED,red
1996,0.098907701793,0.098908,0.099007701793,CO,D,BLUE,blue
1996,-0.096199641234,-0.096200,-0.096299641234,CT,R,RED,red
1996,-0.673334024881,-0.673334,-0.673434024881,DC,R,RED,red
1996,-0.067251765421,-0.067252,-0.067351765421,DE,R,RED,red
1996,0.028204783462,0.028205,0.028104783462,FL,R,RED,red
1996,0.096949392803,0.096949,0.097049392803,GA,D,BLUE,blue
1996,-0.167677020780,-0.167677,-0.167777020780,HI,R,RED,red
1996,-0.018200497280,-0.018200,-0.018300497280,IA,R,RED,red
1996,0.270582295567,0.270582,0.270682295567,ID,D,BLUE,blue
1996,-0.089845119862,-0.089845,-0.089945119862,IL,R,RED,red
1996,0.141049806042,0.141050,0.141149806042,IN,D,BLUE,blue
1996,0.267267143787,0.267267,0.267367143787,KS,D,BLUE,blue
1996,0.075608558366,0.075609,0.075508558366,KY,R,RED,red
1996,-0.035451034517,-0.035451,-0.035551034517,LA,R,RED,red
1996,-0.248670420470,-0.248670,-0.248770420470,MA,R,RED,red
1996,-0.074644639976,-0.074645,-0.074744639976,MD,R,RED,red
1996,-0.117244562945,-0.117245,-0.117344562945,ME-01,R,RED,red
1996,-0.130211435339,-0.130211,-0.130311435339,ME-02,R,RED,red
1996,-0.123424691816,-0.123425,-0.123524691816,ME-AL,R,RED,red
1996,-0.046894133779,-0.046894,-0.046994133779,MI,R,RED,red
1996,-0.076223752588,-0.076224,-0.076323752588,MN,R,RED,red
1996,0.022226244380,0.022226,0.022126244380,MO,R,RED,red
1996,0.136464649512,0.136465,0.136564649512,MS,D,BLUE,blue
1996,0.114010297248,0.114010,0.114110297248,MT,D,BLUE,blue
1996,0.132146943873,0.132147,0.132246943873,NC,D,BLUE,blue
1996,0.153317178165,0.153317,0.153417178165,ND,D,BLUE,blue
1996,0.201766978959,0.201767,0.201866978959,NE-01,D,BLUE,blue
1996,0.229940006814,0.229940,0.230040006814,NE-02,D,BLUE,blue
1996,0.386569385159,0.386569,0.386669385159,NE-03,D,BLUE,blue
1996,0.272251521512,0.272252,0.272351521512,NE-AL,D,BLUE,blue
1996,-0.014320092951,-0.014320,-0.014420092951,NH,R,RED,red
1996,-0.093363218678,-0.093363,-0.093463218678,NJ,R,RED,red
1996,0.011937304947,0.011937,0.011837304947,NM,R,RED,red
1996,0.075020288975,0.075020,0.074920288975,NV,R,RED,red
1996,-0.203368149673,-0.203368,-0.203468149673,NY,R,RED,red
1996,0.021619376413,0.021619,0.021519376413,OH,R,RED,red
1996,0.163279716473,0.163280,0.163379716473,OK,D,BLUE,blue
1996,0.004287648995,0.004288,0.004187648995,OR,R,RED,red
1996,-0.006811210427,-0.006811,-0.006911210427,PA,R,RED,red
1996,-0.243698513728,-0.243699,-0.243798513728,RI,R,RED,red
1996,0.143535506926,0.143536,0.143635506926,SC,D,BLUE,blue
1996,0.119825484849,0.119825,0.119925484849,SD,D,BLUE,blue
1996,0.061124986444,0.061125,0.061024986444,TN,R,RED,red
1996,0.134477825694,0.134478,0.134577825694,TX,D,BLUE,blue
1996,0.295953153245,0.295953,0.296053153245,UT,D,BLUE,blue
1996,0.104776604210,0.104777,0.104876604210,VA,D,BLUE,blue
1996,-0.137435410343,-0.137435,-0.137535410343,VT,R,RED,red
1996,-0.040182926728,-0.040183,-0.040282926728,WA,R,RED,red
1996,-0.018127270438,-0.018127,-0.018227270438,WI,R,RED,red
1996,-0.062273484498,-0.062273,-0.062373484498,WV,R,RED,red
1996,0.214970714224,0.214971,0.215070714224,WY,D,BLUE,blue
2000,0.314706199362,0.314706,0.314806199362,AK,D,BLUE,blue
2000,0.154332568492,0.154333,0.154432568492,AL,D,BLUE,blue
2000,0.059589458800,0.059589,0.059689458800,AR,D,BLUE,blue
2000,0.068025575869,0.068026,0.068125575869,AZ,D,BLUE,blue
2000,-0.112821989979,-0.112822,-0.112921989979,CA,R,RED,red
2000,0.088727102062,0.088727,0.088827102062,CO,D,BLUE,blue
2000,-0.169500204616,-0.169500,-0.169600204616,CT,R,RED,red
2000,-0.756873497916,-0.756873,-0.756973497916,DC,R,RED,red
2000,-0.125417267220,-0.125417,-0.125517267220,DE,R,RED,red
2000,0.005250098118,0.005250,0.005350098118,FL,D,BLUE,blue
2000,0.122030628433,0.122031,0.122130628433,GA,D,BLUE,blue
2000,-0.178127947713,-0.178128,-0.178227947713,HI,R,RED,red
2000,0.002010062263,0.002010,0.001910062263,IA,R,RED,red
2000,0.400478422257,0.400478,0.400578422257,ID,D,BLUE,blue
2000,-0.114955987980,-0.114956,-0.115055987980,IL,R,RED,red
2000,0.161507831145,0.161508,0.161607831145,IN,D,BLUE,blue
2000,0.213192366223,0.213192,0.213292366223,KS,D,BLUE,blue
2000,0.156433173923,0.156433,0.156533173923,KY,D,BLUE,blue
2000,0.081917351637,0.081917,0.082017351637,LA,D,BLUE,blue
2000,-0.267865989012,-0.267866,-0.267965989012,MA,R,RED,red
2000,-0.158744314035,-0.158744,-0.158844314035,MD,R,RED,red
2000,-0.074149084924,-0.074149,-0.074249084924,ME-01,R,RED,red
2000,-0.013528088267,-0.013528,-0.013628088267,ME-02,R,RED,red
2000,-0.045981610352,-0.045982,-0.046081610352,ME-AL,R,RED,red
2000,-0.046175796947,-0.046176,-0.046275796947,MI,R,RED,red
2000,-0.018872169645,-0.018872,-0.018972169645,MN,R,RED,red
2000,0.038545470551,0.038545,0.038645470551,MO,D,BLUE,blue
2000,0.174374193932,0.174374,0.174474193932,MS,D,BLUE,blue
2000,0.255896667820,0.255897,0.255996667820,MT,D,BLUE,blue
2000,0.133444960052,0.133445,0.133544960052,NC,D,BLUE,blue
2000,0.281192460069,0.281192,0.281292460069,ND,D,BLUE,blue
2000,0.234956386108,0.234956,0.235056386108,NE-01,D,BLUE,blue
2000,0.189176459170,0.189176,0.189276459170,NE-02,D,BLUE,blue
2000,0.469282481755,0.469282,0.469382481755,NE-03,D,BLUE,blue
2000,0.295083274651,0.295083,0.295183274651,NE-AL,D,BLUE,blue
2000,0.017831351335,0.017831,0.017931351335,NH,D,BLUE,blue
2000,-0.153183606122,-0.153184,-0.153283606122,NJ,R,RED,red
2000,0.004548622883,0.004549,0.004448622883,NM,R,RED,red
2000,0.040624845660,0.040625,0.040724845660,NV,D,BLUE,blue
2000,-0.244667462133,-0.244667,-0.244767462133,NY,R,RED,red
2000,0.040229751801,0.040230,0.040329751801,OH,D,BLUE,blue
2000,0.223969519827,0.223970,0.224069519827,OK,D,BLUE,blue
2000,0.000749913327,0.000750,0.000649913327,OR,R,RED,red
2000,-0.036532412024,-0.036532,-0.036632412024,PA,R,RED,red
2000,-0.285598965320,-0.285599,-0.285698965320,RI,R,RED,red
2000,0.164539006294,0.164539,0.164639006294,SC,D,BLUE,blue
2000,0.232485517374,0.232486,0.232585517374,SD,D,BLUE,blue
2000,0.043802629068,0.043803,0.043902629068,TN,D,BLUE,blue
2000,0.218326458203,0.218326,0.218426458203,TX,D,BLUE,blue
2000,0.410014252136,0.410014,0.410114252136,UT,D,BLUE,blue
2000,0.085541230860,0.085541,0.085641230860,VA,D,BLUE,blue
2000,-0.094215439749,-0.094215,-0.094315439749,VT,R,RED,red
2000,-0.050635629254,-0.050636,-0.050735629254,WA,R,RED,red
2000,0.002963482973,0.002963,0.002863482973,WI,R,RED,red
2000,0.068385600042,0.068386,0.068485600042,WV,D,BLUE,blue
2000,0.405735265069,0.405735,0.405835265069,WY,D,BLUE,blue
2004,0.230853471546,0.230853,0.230953471546,AK,D,BLUE,blue
2004,0.231527041646,0.231527,0.231627041646,AL,D,BLUE,blue
2004,0.072952077874,0.072952,0.073052077874,AR,D,BLUE,blue
2004,0.080094803114,0.080095,0.080194803114,AZ,D,BLUE,blue
2004,-0.124105827863,-0.124106,-0.124205827863,CA,R,RED,red
2004,0.022085966815,0.022086,0.022185966815,CO,D,BLUE,blue
2004,-0.128295519070,-0.128296,-0.128395519070,CT,R,RED,red
2004,-0.823072237344,-0.823072,-0.823172237344,DC,R,RED,red
2004,-0.100571398762,-0.100571,-0.100671398762,DE,R,RED,red
2004,0.025432853588,0.025433,0.025532853588,FL,D,BLUE,blue
2004,0.141366898678,0.141367,0.141466898678,GA,D,BLUE,blue
2004,-0.112080772923,-0.112081,-0.112180772923,HI,R,RED,red
2004,-0.017955950247,-0.017956,-0.017855950247,IA,D,BLUE,blue
2004,0.356583836483,0.356584,0.356683836483,ID,D,BLUE,blue
2004,-0.128076542285,-0.128077,-0.128176542285,IL,R,RED,red
2004,0.182186695255,0.182187,0.182286695255,IN,D,BLUE,blue
2004,0.229177654642,0.229178,0.229277654642,KS,D,BLUE,blue
2004,0.173993200050,0.173993,0.174093200050,KY,D,BLUE,blue
2004,0.120430357921,0.120430,0.120530357921,LA,D,BLUE,blue
2004,-0.276208608173,-0.276209,-0.276308608173,MA,R,RED,red
2004,-0.154430871421,-0.154431,-0.154530871421,MD,R,RED,red
2004,-0.143985929680,-0.143986,-0.144085929680,ME-01,R,RED,red
2004,-0.082893171214,-0.082893,-0.082993171214,ME-02,R,RED,red
2004,-0.114595191006,-0.114595,-0.114695191006,ME-AL,R,RED,red
2004,-0.058817690171,-0.058818,-0.058917690171,MI,R,RED,red
2004,-0.059392717403,-0.059393,-0.059492717403,MN,R,RED,red
2004,0.047326245766,0.047326,0.047426245766,MO,D,BLUE,blue
2004,0.172294525716,0.172295,0.172394525716,MS,D,BLUE,blue
2004,0.180394932358,0.180395,0.180494932358,MT,D,BLUE,blue
2004,0.099709302715,0.099709,0.099809302715,NC,D,BLUE,blue
2004,0.248994016502,0.248994,0.249094016502,ND,D,BLUE,blue
2004,0.248096401255,0.248096,0.248196401255,NE-01,D,BLUE,blue
2004,0.192597329679,0.192597,0.192697329679,NE-02,D,BLUE,blue
2004,0.487217188872,0.487217,0.487317188872,NE-03,D,BLUE,blue
2004,0.307533595329,0.307534,0.307633595329,NE-AL,D,BLUE,blue
2004,-0.038314962357,-0.038315,-0.038414962357,NH,R,RED,red
2004,-0.091477181715,-0.091477,-0.091577181715,NJ,R,RED,red
2004,-0.016713757274,-0.016714,-0.016613757274,NM,D,BLUE,blue
2004,0.001285301805,0.001285,0.001385301805,NV,D,BLUE,blue
2004,-0.207516665923,-0.207517,-0.207616665923,NY,R,RED,red
2004,-0.003557480885,-0.003557,-0.003457480885,OH,D,BLUE,blue
2004,0.286776824837,0.286777,0.286876824837,OK,D,BLUE,blue
2004,-0.066188671456,-0.066189,-0.066288671456,OR,R,RED,red
2004,-0.049632638369,-0.049633,-0.049732638369,PA,R,RED,red
2004,-0.232162537524,-0.232163,-0.232262537524,RI,R,RED,red
2004,0.146148217033,0.146148,0.146248217033,SC,D,BLUE,blue
2004,0.190043649546,0.190044,0.190143649546,SD,D,BLUE,blue
2004,0.118106775368,0.118107,0.118206775368,TN,D,BLUE,blue
2004,0.203983921019,0.203984,0.204083921019,TX,D,BLUE,blue
2004,0.430771854988,0.430772,0.430871854988,UT,D,BLUE,blue
2004,0.057353441834,0.057353,0.057453441834,VA,D,BLUE,blue
2004,-0.225992680590,-0.225993,-0.226092680590,VT,R,RED,red
2004,-0.096439871652,-0.096440,-0.096539871652,WA,R,RED,red
2004,-0.028429664718,-0.028430,-0.028529664718,WI,R,RED,red
2004,0.104008389789,0.104008,0.104108389789,WV,D,BLUE,blue
2004,0.373240030676,0.373240,0.373340030676,WY,D,BLUE,blue
2008,0.288079470810,0.288079,0.288179470810,AK,D,BLUE,blue
2008,0.288492798762,0.288493,0.288592798762,AL,D,BLUE,blue
2008,0.271240458764,0.271240,0.271340458764,AR,D,BLUE,blue
2008,0.157927980894,0.157928,0.158027980894,AZ,D,BLUE,blue
2008,-0.167849783731,-0.167850,-0.167949783731,CA,R,RED,red
2008,-0.016802449612,-0.016802,-0.016902449612,CO,R,RED,red
2008,-0.150944973172,-0.150945,-0.151044973172,CT,R,RED,red
2008,-0.786517511486,-0.786518,-0.786617511486,DC,R,RED,red
2008,-0.177228342910,-0.177228,-0.177328342910,DE,R,RED,red
2008,0.044548150369,0.044548,0.044448150369,FL,R,RED,red
2008,0.124871400384,0.124871,0.124971400384,GA,D,BLUE,blue
2008,-0.379916355030,-0.379916,-0.380016355030,HI,R,RED,red
2008,-0.022619595770,-0.022620,-0.022719595770,IA,R,RED,red
2008,0.326989049818,0.326989,0.327089049818,ID,D,BLUE,blue
2008,-0.178643908363,-0.178644,-0.178743908363,IL,R,RED,red
2008,0.062407966807,0.062408,0.062307966807,IN,R,RED,red
2008,0.222330882910,0.222331,0.222430882910,KS,D,BLUE,blue
2008,0.235037085005,0.235037,0.235137085005,KY,D,BLUE,blue
2008,0.259026086500,0.259026,0.259126086500,LA,D,BLUE,blue
2008,-0.185385221852,-0.185385,-0.185485221852,MA,R,RED,red
2008,-0.181720239760,-0.181720,-0.181820239760,MD,R,RED,red
2008,-0.155465593814,-0.155466,-0.155565593814,ME-01,R,RED,red
2008,-0.039803891662,-0.039804,-0.039903891662,ME-02,R,RED,red
2008,-0.100489178185,-0.100489,-0.100589178185,ME-AL,R,RED,red
2008,-0.092001806013,-0.092002,-0.092101806013,MI,R,RED,red
2008,-0.029645605126,-0.029646,-0.029745605126,MN,R,RED,red
2008,0.074062276877,0.074062,0.074162276877,MO,D,BLUE,blue
2008,0.204474356963,0.204474,0.204574356963,MS,D,BLUE,blue
2008,0.095358961320,0.095359,0.095458961320,MT,D,BLUE,blue
2008,0.069439286312,0.069439,0.069339286312,NC,R,RED,red
2008,0.159023614045,0.159024,0.159123614045,ND,D,BLUE,blue
2008,0.170459607331,0.170460,0.170559607331,NE-01,D,BLUE,blue
2008,0.060597374899,0.060597,0.060497374899,NE-02,R,RED,red
2008,0.462860214283,0.462860,0.462960214283,NE-03,D,BLUE,blue
2008,0.222063887344,0.222064,0.222163887344,NE-AL,D,BLUE,blue
2008,-0.023326674436,-0.023327,-0.023426674436,NH,R,RED,red
2008,-0.082954021510,-0.082954,-0.083054021510,NJ,R,RED,red
2008,-0.078556442869,-0.078556,-0.078656442869,NM,R,RED,red
2008,-0.052197596738,-0.052198,-0.052297596738,NV,R,RED,red
2008,-0.195848422529,-0.195848,-0.195948422529,NY,R,RED,red
2008,0.026791094443,0.026791,0.026691094443,OH,R,RED,red
2008,0.385629633870,0.385630,0.385729633870,OK,D,BLUE,blue
2008,-0.090750234231,-0.090750,-0.090850234231,OR,R,RED,red
2008,-0.030456743906,-0.030457,-0.030556743906,PA,R,RED,red
2008,-0.205333569962,-0.205334,-0.205433569962,RI,R,RED,red
2008,0.162498851028,0.162499,0.162598851028,SC,D,BLUE,blue
2008,0.156843463998,0.156843,0.156943463998,SD,D,BLUE,blue
2008,0.223412173618,0.223412,0.223512173618,TN,D,BLUE,blue
2008,0.190420401480,0.190420,0.190520401480,TX,D,BLUE,blue
2008,0.354509251900,0.354509,0.354609251900,UT,D,BLUE,blue
2008,0.009738319587,0.009738,0.009638319587,VA,R,RED,red
2008,-0.297336533295,-0.297337,-0.297436533295,VT,R,RED,red
2008,-0.099037861300,-0.099038,-0.099137861300,WA,R,RED,red
2008,-0.066313228880,-0.066313,-0.066413228880,WI,R,RED,red
2008,0.203933938662,0.203934,0.204033938662,WV,D,BLUE,blue
2008,0.395081913512,0.395082,0.395181913512,WY,D,BLUE,blue
2012,0.178486038992,0.178486,0.178586038992,AK,D,BLUE,blue
2012,0.260464748454,0.260465,0.260564748454,AL,D,BLUE,blue
2012,0.275476313967,0.275476,0.275576313967,AR,D,BLUE,blue
2012,0.129244518385,0.129245,0.129344518385,AZ,D,BLUE,blue
2012,-0.192588950066,-0.192589,-0.192688950066,CA,R,RED,red
2012,-0.015054840400,-0.015055,-0.015154840400,CO,R,RED,red
2012,-0.134718046099,-0.134718,-0.134818046099,CT,R,RED,red
2012,-0.797751368962,-0.797751,-0.797851368962,DC,R,RED,red
2012,-0.147670571699,-0.147671,-0.147770571699,DE,R,RED,red
2012,0.029827983076,0.029828,0.029727983076,FL,R,RED,red
2012,0.116765341163,0.116765,0.116865341163,GA,D,BLUE,blue
2012,-0.388466132559,-0.388466,-0.388566132559,HI,R,RED,red
2012,-0.019504624093,-0.019505,-0.019604624093,IA,R,RED,red
2012,0.357671355510,0.357671,0.357771355510,ID,D,BLUE,blue
2012,-0.130097084773,-0.130097,-0.130197084773,IL,R,RED,red
2012,0.140579150905,0.140579,0.140679150905,IN,D,BLUE,blue
2012,0.255764354297,0.255764,0.255864354297,KS,D,BLUE,blue
2012,0.265514993792,0.265515,0.265614993792,KY,D,BLUE,blue
2012,0.210667977195,0.210668,0.210767977195,LA,D,BLUE,blue
2012,-0.192788848676,-0.192789,-0.192888848676,MA,R,RED,red
2012,-0.222167728260,-0.222168,-0.222267728260,MD,R,RED,red
2012,-0.175329253375,-0.175329,-0.175429253375,ME-01,R,RED,red
2012,-0.047009254032,-0.047009,-0.047109254032,ME-02,R,RED,red
2012,-0.114281800016,-0.114282,-0.114381800016,ME-AL,R,RED,red
2012,-0.056376025687,-0.056376,-0.056476025687,MI,R,RED,red
2012,-0.038344164322,-0.038344,-0.038444164322,MN,R,RED,red
2012,0.132399432048,0.132399,0.132499432048,MO,D,BLUE,blue
2012,0.153561728139,0.153562,0.153661728139,MS,D,BLUE,blue
2012,0.175130836245,0.175131,0.175230836245,MT,D,BLUE,blue
2012,0.059017811394,0.059018,0.059117811394,NC,D,BLUE,blue
2012,0.234910245909,0.234910,0.235010245909,ND,D,BLUE,blue
2012,0.204584797756,0.204585,0.204684797756,NE-01,D,BLUE,blue
2012,0.110156915680,0.110157,0.110256915680,NE-02,D,BLUE,blue
2012,0.462776037775,0.462776,0.462876037775,NE-03,D,BLUE,blue
2012,0.256355633755,0.256356,0.256455633755,NE-AL,D,BLUE,blue
2012,-0.017162020437,-0.017162,-0.017262020437,NH,R,RED,red
2012,-0.139282555728,-0.139283,-0.139382555728,NJ,R,RED,red
2012,-0.062897482670,-0.062897,-0.062997482670,NM,R,RED,red
2012,-0.028212482148,-0.028212,-0.028312482148,NV,R,RED,red
2012,-0.243180463078,-0.243180,-0.243280463078,NY,R,RED,red
2012,0.008803529073,0.008804,0.008703529073,OH,R,RED,red
2012,0.374043251004,0.374043,0.374143251004,OK,D,BLUE,blue
2012,-0.082297698619,-0.082298,-0.082397698619,OR,R,RED,red
2012,-0.015253990360,-0.015254,-0.015353990360,PA,R,RED,red
2012,-0.235976116781,-0.235976,-0.236076116781,RI,R,RED,red
2012,0.143327834629,0.143328,0.143427834629,SC,D,BLUE,blue
2012,0.218828567315,0.218829,0.218928567315,SD,D,BLUE,blue
2012,0.242625853405,0.242626,0.242725853405,TN,D,BLUE,blue
2012,0.196433047986,0.196433,0.196533047986,TX,D,BLUE,blue
2012,0.519005528891,0.519006,0.519105528891,UT,D,BLUE,blue
2012,-0.000136682855,-0.000137,-0.000236682855,VA,R,RED,red
2012,-0.317382294513,-0.317382,-0.317482294513,VT,R,RED,red
2012,-0.110090912532,-0.110091,-0.110190912532,WA,R,RED,red
2012,-0.030825852639,-0.030826,-0.030925852639,WI,R,RED,red
2012,0.306162238774,0.306162,0.306262238774,WV,D,BLUE,blue
2012,0.446834195591,0.446834,0.446934195591,WY,D,BLUE,blue
2016,0.168296435059,0.168296,0.168396435059,AK,D,BLUE,blue
2016,0.298241493249,0.298241,0.298341493249,AL,D,BLUE,blue
2016,0.290190045581,0.290190,0.290290045581,AR,D,BLUE,blue
2016,0.056445973461,0.056446,0.056545973461,AZ,D,BLUE,blue
2016,-0.280102903476,-0.280103,-0.280202903476,CA,R,RED,red
2016,-0.028065326530,-0.028065,-0.028165326530,CO,R,RED,red
2016,-0.115403839994,-0.115404,-0.115503839994,CT,R,RED,red
2016,-0.846773443522,-0.846773,-0.846873443522,DC,R,RED,red
2016,-0.092742302124,-0.092742,-0.092842302124,DE,R,RED,red
2016,0.032976283293,0.032976,0.033076283293,FL,D,BLUE,blue
2016,0.072303454159,0.072303,0.072403454159,GA,D,BLUE,blue
2016,-0.300838120072,-0.300838,-0.300938120072,HI,R,RED,red
2016,0.115058407696,0.115058,0.115158407696,IA,D,BLUE,blue
2016,0.338684212667,0.338684,0.338784212667,ID,D,BLUE,blue
2016,-0.149646109065,-0.149646,-0.149746109065,IL,R,RED,red
2016,0.212641964802,0.212642,0.212741964802,IN,D,BLUE,blue
2016,0.227012137921,0.227012,0.227112137921,KS,D,BLUE,blue
2016,0.319364529368,0.319365,0.319464529368,KY,D,BLUE,blue
2016,0.217381212736,0.217381,0.217481212736,LA,D,BLUE,blue
2016,-0.250977037331,-0.250977,-0.251077037331,MA,R,RED,red
2016,-0.243174367881,-0.243174,-0.243274367881,MD,R,RED,red
2016,-0.127084296539,-0.127084,-0.127184296539,ME-01,R,RED,red
2016,0.123871617153,0.123872,0.123971617153,ME-02,D,BLUE,blue
2016,-0.008614466302,-0.008614,-0.008714466302,ME-AL,R,RED,red
2016,0.023220359876,0.023220,0.023320359876,MI,D,BLUE,blue
2016,0.005788722382,0.005789,0.005688722382,MN,R,RED,red
2016,0.207361197214,0.207361,0.207461197214,MO,D,BLUE,blue
2016,0.199252525356,0.199253,0.199352525356,MS,D,BLUE,blue
2016,0.225217348279,0.225217,0.225317348279,MT,D,BLUE,blue
2016,0.057542312465,0.057542,0.057642312465,NC,D,BLUE,blue
2016,0.378278910911,0.378279,0.378378910911,ND,D,BLUE,blue
2016,0.228223909978,0.228224,0.228323909978,NE-01,D,BLUE,blue
2016,0.043391288842,0.043391,0.043491288842,NE-02,D,BLUE,blue
2016,0.563078591431,0.563079,0.563178591431,NE-03,D,BLUE,blue
2016,0.271475974685,0.271476,0.271575974685,NE-AL,D,BLUE,blue
2016,0.017314070308,0.017314,0.017214070308,NH,R,RED,red
2016,-0.120036950812,-0.120037,-0.120136950812,NJ,R,RED,red
2016,-0.061141301269,-0.061141,-0.061241301269,NM,R,RED,red
2016,-0.003181256420,-0.003181,-0.003281256420,NV,R,RED,red
2016,-0.203914534171,-0.203915,-0.204014534171,NY,R,RED,red
2016,0.102285771176,0.102286,0.102385771176,OH,D,BLUE,blue
2016,0.384901872536,0.384902,0.385001872536,OK,D,BLUE,blue
2016,-0.088788140999,-0.088788,-0.088888140999,OR,R,RED,red
2016,0.028173898411,0.028174,0.028273898411,PA,D,BLUE,blue
2016,-0.134095463525,-0.134095,-0.134195463525,RI,R,RED,red
2016,0.163649156145,0.163649,0.163749156145,SC,D,BLUE,blue
2016,0.318923249375,0.318923,0.319023249375,SD,D,BLUE,blue
2016,0.281047036141,0.281047,0.281147036141,TN,D,BLUE,blue
2016,0.110984303168,0.110984,0.111084303168,TX,D,BLUE,blue
2016,0.201783359517,0.201783,0.201883359517,UT,D,BLUE,blue
2016,-0.032221926444,-0.032222,-0.032321926444,VA,R,RED,red
2016,-0.243093485211,-0.243093,-0.243193485211,VT,R,RED,red
2016,-0.136069971567,-0.136070,-0.136169971567,WA,R,RED,red
2016,0.028633459136,0.028633,0.028733459136,WI,D,BLUE,blue
2016,0.441716963468,0.441717,0.441816963468,WV,D,BLUE,blue
2016,0.483942784476,0.483943,0.484042784476,WY,D,BLUE,blue
2020,0.145171289167,0.145171,0.145271289167,AK,D,BLUE,blue
2020,0.299175908721,0.299176,0.299275908721,AL,D,BLUE,blue
2020,0.320766058204,0.320766,0.320866058204,AR,D,BLUE,blue
2020,0.041472283334,0.041472,0.041372283334,AZ,R,RED,red
2020,-0.247081679989,-0.247082,-0.247181679989,CA,R,RED,red
2020,-0.090456801460,-0.090457,-0.090556801460,CO,R,RED,red
2020,-0.156176753100,-0.156177,-0.156276753100,CT,R,RED,red
2020,-0.822964346274,-0.822964,-0.823064346274,DC,R,RED,red
2020,-0.145121911052,-0.145122,-0.145221911052,DE,R,RED,red
2020,0.078143068144,0.078143,0.078243068144,FL,D,BLUE,blue
2020,0.042203560327,0.042204,0.042103560327,GA,R,RED,red
2020,-0.250088373795,-0.250088,-0.250188373795,HI,R,RED,red
2020,0.126535473151,0.126535,0.126635473151,IA,D,BLUE,blue
2020,0.352299368619,0.352299,0.352399368619,ID,D,BLUE,blue
2020,-0.125322538257,-0.125323,-0.125422538257,IL,R,RED,red
2020,0.205233714284,0.205234,0.205333714284,IN,D,BLUE,blue
2020,0.190909487544,0.190909,0.191009487544,KS,D,BLUE,blue
2020,0.303909949755,0.303910,0.304009949755,KY,D,BLUE,blue
2020,0.230653635298,0.230654,0.230753635298,LA,D,BLUE,blue
2020,-0.290022140581,-0.290022,-0.290122140581,MA,R,RED,red
2020,-0.287544353750,-0.287544,-0.287644353750,MD,R,RED,red
2020,-0.186377720251,-0.186378,-0.186477720251,ME-01,R,RED,red
2020,0.118947779302,0.118948,0.119047779302,ME-02,D,BLUE,blue
2020,-0.046152686441,-0.046153,-0.046252686441,ME-AL,R,RED,red
2020,0.016724103176,0.016724,0.016624103176,MI,R,RED,red
2020,-0.026542189833,-0.026542,-0.026642189833,MN,R,RED,red
2020,0.198468119600,0.198468,0.198568119600,MO,D,BLUE,blue
2020,0.210012860367,0.210013,0.210112860367,MS,D,BLUE,blue
2020,0.208250377957,0.208250,0.208350377957,MT,D,BLUE,blue
2020,0.058040943406,0.058041,0.058140943406,NC,D,BLUE,blue
2020,0.377987549681,0.377988,0.378087549681,ND,D,BLUE,blue
2020,0.193770590596,0.193771,0.193870590596,NE-01,D,BLUE,blue
2020,-0.020478039939,-0.020478,-0.020578039939,NE-02,R,RED,red
2020,0.574778385994,0.574778,0.574878385994,NE-03,D,BLUE,blue
2020,0.235134703076,0.235135,0.235234703076,NE-AL,D,BLUE,blue
2020,-0.028966585067,-0.028967,-0.029066585067,NH,R,RED,red
2020,-0.114819421418,-0.114819,-0.114919421418,NJ,R,RED,red
2020,-0.063366786861,-0.063367,-0.063466786861,NM,R,RED,red
2020,0.020654032846,0.020654,0.020554032846,NV,R,RED,red
2020,-0.186718460866,-0.186718,-0.186818460866,NY,R,RED,red
2020,0.124878996775,0.124879,0.124978996775,OH,D,BLUE,blue
2020,0.375430354294,0.375430,0.375530354294,OK,D,BLUE,blue
2020,-0.116301346904,-0.116301,-0.116401346904,OR,R,RED,red
2020,0.032946970539,0.032947,0.032846970539,PA,R,RED,red
2020,-0.163190588476,-0.163191,-0.163290588476,RI,R,RED,red
2020,0.161361437320,0.161361,0.161461437320,SC,D,BLUE,blue
2020,0.306200754534,0.306201,0.306300754534,SD,D,BLUE,blue
2020,0.276647978126,0.276648,0.276747978126,TN,D,BLUE,blue
2020,0.100345316070,0.100345,0.100445316070,TX,D,BLUE,blue
2020,0.249397283639,0.249397,0.249497283639,UT,D,BLUE,blue
2020,-0.056580755932,-0.056581,-0.056680755932,VA,R,RED,red
2020,-0.309567143574,-0.309567,-0.309667143574,VT,R,RED,red
2020,-0.147473854746,-0.147474,-0.147573854746,WA,R,RED,red
2020,0.038288383755,0.038288,0.038188383755,WI,R,RED,red
2020,0.433870982722,0.433871,0.433970982722,WV,D,BLUE,blue
2020,0.478385910707,0.478386,0.478485910707,WY,D,BLUE,blue
2024,0.116667725173,0.116668,0.116767725173,AK,D,BLUE,blue
2024,0.289994627012,0.289995,0.290094627012,AL,D,BLUE,blue
2024,0.291650529815,0.291651,0.291750529815,AR,D,BLUE,blue
2024,0.040553208255,0.040553,0.040653208255,AZ,D,BLUE,blue
2024,-0.216067114384,-0.216067,-0.216167114384,CA,R,RED,red
2024,-0.124567514941,-0.124568,-0.124667514941,CO,R,RED,red
2024,-0.159763748773,-0.159764,-0.159863748773,CT,R,RED,red
2024,-0.852813541969,-0.852814,-0.852913541969,DC,R,RED,red
2024,-0.161736515064,-0.161737,-0.161836515064,DE,R,RED,red
2024,0.116281410803,0.116281,0.116381410803,FL,D,BLUE,blue
2024,0.007200937956,0.007201,0.007300937956,GA,D,BLUE,blue
2024,-0.245767610393,-0.245768,-0.245867610393,HI,R,RED,red
2024,0.117376012185,0.117376,0.117476012185,IA,D,BLUE,blue
2024,0.350201569483,0.350202,0.350301569483,ID,D,BLUE,blue
2024,-0.123675283915,-0.123675,-0.123775283915,IL,R,RED,red
2024,0.174863894874,0.174864,0.174963894874,IN,D,BLUE,blue
2024,0.146436714803,0.146437,0.146536714803,KS,D,BLUE,blue
2024,0.290627660268,0.290628,0.290727660268,KY,D,BLUE,blue
2024,0.205330982390,0.205331,0.205430982390,LA,D,BLUE,blue
2024,-0.266676102105,-0.266676,-0.266776102105,MA,R,RED,red
2024,-0.300081729206,-0.300082,-0.300181729206,MD,R,RED,red
2024,-0.230644978762,-0.230645,-0.230744978762,ME-01,R,RED,red
2024,0.075743757762,0.075744,0.075843757762,ME-02,D,BLUE,blue
2024,-0.084092119585,-0.084092,-0.084192119585,ME-AL,R,RED,red
2024,-0.000577078568,-0.000577,-0.000477078568,MI,D,BLUE,blue
2024,-0.057113189938,-0.057113,-0.057213189938,MN,R,RED,red
2024,0.169363312722,0.169363,0.169463312722,MO,D,BLUE,blue
2024,0.214168666717,0.214169,0.214268666717,MS,D,BLUE,blue
2024,0.184576086052,0.184576,0.184676086052,MT,D,BLUE,blue
2024,0.017399431556,0.017399,0.017499431556,NC,D,BLUE,blue
2024,0.349741528233,0.349742,0.349841528233,ND,D,BLUE,blue
2024,0.114930432003,0.114930,0.115030432003,NE-01,D,BLUE,blue
2024,-0.060650942109,-0.060651,-0.060750942109,NE-02,R,RED,red
2024,0.521257571503,0.521258,0.521357571503,NE-03,D,BLUE,blue
2024,0.189885698969,0.189886,0.189985698969,NE-AL,D,BLUE,blue
2024,-0.042515396239,-0.042515,-0.042615396239,NH,R,RED,red
2024,-0.073814401002,-0.073814,-0.073914401002,NJ,R,RED,red
2024,-0.074726478697,-0.074726,-0.074826478697,NM,R,RED,red
2024,0.016266063678,0.016266,0.016366063678,NV,D,BLUE,blue
2024,-0.140624887772,-0.140625,-0.140724887772,NY,R,RED,red
2024,0.097354547737,0.097355,0.097454547737,OH,D,BLUE,blue
2024,0.327908445620,0.327908,0.328008445620,OK,D,BLUE,blue
2024,-0.157789265167,-0.157789,-0.157889265167,OR,R,RED,red
2024,0.002318811286,0.002319,0.002418811286,PA,D,BLUE,blue
2024,-0.152529629294,-0.152530,-0.152629629294,RI,R,RED,red
2024,0.163958295240,0.163958,0.164058295240,SC,D,BLUE,blue
2024,0.277226761985,0.277227,0.277326761985,SD,D,BLUE,blue
2024,0.282479744343,0.282480,0.282579744343,TN,D,BLUE,blue
2024,0.122113957126,0.122114,0.122213957126,TX,D,BLUE,blue
2024,0.201104417233,0.201104,0.201204417233,UT,D,BLUE,blue
2024,-0.072489489877,-0.072489,-0.072589489877,VA,R,RED,red
2024,-0.329795076536,-0.329795,-0.329895076536,VT,R,RED,red
2024,-0.196900981301,-0.196901,-0.197000981301,WA,R,RED,red
2024,-0.006130806604,-0.006131,-0.006030806604,WI,D,BLUE,blue
2024,0.403920476281,0.403920,0.404020476281,WV,D,BLUE,blue
2024,0.442842383047,0.442842,0.442942383047,WY,D,BLUE,blue
